f0,f1,f2,f3,f4,f5,f6,f7,f8,f9,f10,f11,f12,f13,f14,f15,f16,f17,f18,f19,f20,f21,f22,f23,f24,f25,f26,f27,f28,f29,f30,f31,f32,f33,f34,f35,f36,f37,f38,f39,f40,f41,f42,f43,f44,f45,f46,f47,f48,f49,f50,f51,f52,f53,f54,f55,f56,f57,f58,f59,f60,target
-0.697724998,0.097763814,0.919297576,1.0526886,-0.9165622,-0.708575785,-0.411813855,-0.617812753,-0.610092342,-0.255433619,1.24736142,-0.204124153,-0.22941573,0.941696584,-0.319262236,-0.635223389,1.755458,-0.347056448,-0.112508789,-0.470504045,-0.625543237,-0.112508789,-0.12852402,-0.210680857,-0.086929135,-0.321633756,-1.23114717,-0.32634443,-0.258198887,-0.232418686,2.08166599,-0.269046575,-0.444527596,-0.723746836,2.19986725,-0.581199288,-0.217072383,1.45356131,-1.08075047,-0.323994398,0.321633756,-0.207424134,-0.235391095,-0.625543237,1.87610602,-0.717740536,-0.432369769,-0.411813855,-0.22941573,0.492174804,2.06474161,-1.52752519,-0.351561517,-0.151716515,-0.484322101,0.756114542,-0.422141254,0.810132504,-0.810132504,0.197385505,-0.197385505,1
-0.297751874,-0.754208446,0.919297576,0.135312915,1.27224302,-0.708575785,-0.411813855,-0.617812753,-0.610092342,-0.255433619,1.24736142,-0.204124153,-0.22941573,0.941696584,-0.319262236,-0.635223389,1.755458,-0.347056448,-0.112508789,-0.470504045,-0.625543237,-0.112508789,-0.12852402,-0.210680857,-0.086929135,-0.321633756,-1.23114717,-0.32634443,-0.258198887,-0.232418686,2.08166599,-0.269046575,-0.444527596,-0.723746836,-0.454572886,1.7205801,-0.217072383,-0.687965453,0.925282896,-0.323994398,0.321633756,-0.207424134,-0.235391095,-0.625543237,-0.533018887,1.39326108,-0.432369769,-0.411813855,-0.22941573,0.492174804,-0.484322101,0.654653668,-0.351561517,-0.151716515,-0.484322101,0.756114542,-0.422141254,-1.23436594,1.23436594,0.197385505,-0.197385505,1
-0.105172239,0.0125665907,-1.75178492,-1.69943845,-0.653905571,-0.708575785,-0.411813855,-0.617812753,-0.610092342,3.91491127,-0.801692247,-0.204124153,-0.22941573,0.941696584,-0.319262236,-0.635223389,1.755458,-0.347056448,-0.112508789,-0.470504045,-0.625543237,-0.112508789,-0.12852402,-0.210680857,-0.086929135,-0.321633756,-1.23114717,3.06424713,-0.258198887,-0.232418686,-0.480384469,-0.269046575,-0.444527596,1.38169861,-0.454572886,-0.581199288,-0.217072383,1.45356131,-1.08075047,-0.323994398,0.321633756,-0.207424134,-0.235391095,-0.625543237,-0.533018887,1.39326108,-0.432369769,2.42828155,-0.22941573,-2.0317986,-0.484322101,0.654653668,-0.351561517,-0.151716515,-0.484322101,-1.32255089,2.36887527,-1.23436594,1.23436594,0.197385505,-0.197385505,1
-0.672794402,-1.26539171,-1.75178492,-0.782062769,-1.09166658,-0.708575785,-0.411813855,1.61861348,-0.610092342,-0.255433619,-0.801692247,-0.204124153,-0.22941573,0.941696584,-0.319262236,-0.635223389,-0.569651902,2.88137555,-0.112508789,-0.470504045,-0.625543237,-0.112508789,-0.12852402,-0.210680857,-0.086929135,-0.321633756,-1.23114717,-0.32634443,3.87298346,-0.232418686,-0.480384469,3.71682858,-0.444527596,-0.723746836,-0.454572886,-0.581199288,-0.217072383,1.45356131,-1.08075047,-0.323994398,0.321633756,-0.207424134,-0.235391095,-0.625543237,1.87610602,-0.717740536,-0.432369769,-0.411813855,-0.22941573,0.492174804,2.06474161,-1.52752519,-0.351561517,6.59123993,-0.484322101,-1.32255089,-0.422141254,-1.23436594,1.23436594,0.197385505,-0.197385505,1
-0.00870176312,-0.243025079,-0.861424148,-0.782062769,-1.00411439,-0.708575785,-0.411813855,1.61861348,-0.610092342,-0.255433619,-0.801692247,-0.204124153,-0.22941573,0.941696584,-0.319262236,-0.635223389,-0.569651902,-0.347056448,-0.112508789,-0.470504045,1.59861052,-0.112508789,-0.12852402,-0.210680857,-0.086929135,-0.321633756,0.812250614,-0.32634443,-0.258198887,-0.232418686,-0.480384469,-0.269046575,-0.444527596,1.38169861,-0.454572886,-0.581199288,-0.217072383,1.45356131,-1.08075047,-0.323994398,0.321633756,-0.207424134,-0.235391095,1.59861052,-0.533018887,-0.717740536,-0.432369769,-0.411813855,-0.22941573,0.492174804,-0.484322101,0.654653668,-0.351561517,-0.151716515,-0.484322101,0.756114542,-0.422141254,0.810132504,-0.810132504,0.197385505,-0.197385505,0
-0.66412288,0.268158257,0.919297576,-1.69943845,-0.653905571,-0.708575785,-0.411813855,-0.617812753,-0.610092342,-0.255433619,1.24736142,-0.204124153,-0.22941573,0.941696584,-0.319262236,-0.635223389,-0.569651902,-0.347056448,-0.112508789,-0.470504045,1.59861052,-0.112508789,-0.12852402,-0.210680857,-0.086929135,-0.321633756,-1.23114717,-0.32634443,3.87298346,-0.232418686,-0.480384469,-0.269046575,-0.444527596,-0.723746836,2.19986725,-0.581199288,-0.217072383,1.45356131,-1.08075047,-0.323994398,0.321633756,-0.207424134,-0.235391095,-0.625543237,-0.533018887,1.39326108,-0.432369769,-0.411813855,-0.22941573,0.492174804,-0.484322101,0.654653668,-0.351561517,-0.151716515,-0.484322101,0.756114542,-0.422141254,0.810132504,-0.810132504,0.197385505,-0.197385505,1
0.0780132711,0.268158257,0.028936727,-0.782062769,-0.391248912,-0.708575785,2.42828155,-0.617812753,-0.610092342,-0.255433619,1.24736142,-0.204124153,-0.22941573,0.941696584,-0.319262236,-0.635223389,-0.569651902,-0.347056448,-0.112508789,-0.470504045,1.59861052,-0.112508789,-0.12852402,-0.210680857,-0.086929135,-0.321633756,-1.23114717,-0.32634443,3.87298346,-0.232418686,-0.480384469,-0.269046575,-0.444527596,-0.723746836,-0.454572886,1.7205801,-0.217072383,-0.687965453,0.925282896,-0.323994398,0.321633756,-0.207424134,-0.235391095,-0.625543237,-0.533018887,1.39326108,-0.432369769,-0.411813855,-0.22941573,0.492174804,-0.484322101,0.654653668,-0.351561517,-0.151716515,-0.484322101,0.756114542,-0.422141254,-1.23436594,1.23436594,0.197385505,-0.197385505,1
0.229764581,-0.243025079,0.028936727,-1.69943845,-0.74145776,1.0356108,-0.411813855,-0.617812753,-0.610092342,-0.255433619,1.24736142,-0.204124153,-0.22941573,-1.06191313,-0.319262236,1.57424927,-0.569651902,2.88137555,-0.112508789,-0.470504045,-0.625543237,-0.112508789,-0.12852402,-0.210680857,-0.086929135,-0.321633756,0.812250614,-0.32634443,-0.258198887,-0.232418686,-0.480384469,-0.269046575,-0.444527596,-0.723746836,2.19986725,-0.581199288,-0.217072383,-0.687965453,0.925282896,-0.323994398,0.321633756,-0.207424134,-0.235391095,-0.625543237,-0.533018887,1.39326108,-0.432369769,-0.411813855,-0.22941573,0.492174804,-0.484322101,0.654653668,-0.351561517,-0.151716515,-0.484322101,0.756114542,-0.422141254,0.810132504,-0.810132504,0.197385505,-0.197385505,1
0.913729429,0.268158257,-0.861424148,1.0526886,-1.00411439,1.0356108,-0.411813855,-0.617812753,1.63909602,-0.255433619,-0.801692247,-0.204124153,-0.22941573,-1.06191313,-0.319262236,1.57424927,-0.569651902,-0.347056448,-0.112508789,-0.470504045,-0.625543237,-0.112508789,-0.12852402,4.74651575,-0.086929135,-0.321633756,0.812250614,-0.32634443,-0.258198887,-0.232418686,-0.480384469,-0.269046575,2.24957919,-0.723746836,-0.454572886,-0.581199288,-0.217072383,1.45356131,-1.08075047,-0.323994398,0.321633756,-0.207424134,-0.235391095,-0.625543237,-0.533018887,-0.717740536,2.31283522,-0.411813855,-0.22941573,0.492174804,-0.484322101,-1.52752519,2.84445238,-0.151716515,-0.484322101,0.756114542,-0.422141254,-1.23436594,1.23436594,0.197385505,-0.197385505,1
0.324789792,0.268158257,0.028936727,1.0526886,-0.653905571,-0.708575785,-0.411813855,-0.617812753,1.63909602,-0.255433619,-0.801692247,-0.204124153,-0.22941573,0.941696584,-0.319262236,-0.635223389,-0.569651902,2.88137555,-0.112508789,-0.470504045,-0.625543237,-0.112508789,-0.12852402,-0.210680857,-0.086929135,-0.321633756,-1.23114717,-0.32634443,3.87298346,-0.232418686,-0.480384469,-0.269046575,2.24957919,-0.723746836,-0.454572886,-0.581199288,-0.217072383,1.45356131,-1.08075047,-0.323994398,0.321633756,-0.207424134,-0.235391095,-0.625543237,-0.533018887,1.39326108,-0.432369769,-0.411813855,-0.22941573,0.492174804,2.06474161,-1.52752519,-0.351561517,-0.151716515,-0.484322101,0.756114542,-0.422141254,0.810132504,-0.810132504,0.197385505,-0.197385505,0
0.475457191,0.779341578,0.919297576,1.0526886,-0.82900995,-0.708575785,-0.411813855,-0.617812753,-0.610092342,-0.255433619,1.24736142,-0.204124153,-0.22941573,-1.06191313,-0.319262236,1.57424927,-0.569651902,-0.347056448,-0.112508789,-0.470504045,1.59861052,-0.112508789,-0.12852402,-0.210680857,-0.086929135,-0.321633756,0.812250614,-0.32634443,-0.258198887,-0.232418686,-0.480384469,-0.269046575,-0.444527596,-0.723746836,2.19986725,-0.581199288,-0.217072383,1.45356131,-1.08075047,-0.323994398,0.321633756,-0.207424134,-0.235391095,-0.625543237,-0.533018887,1.39326108,-0.432369769,-0.411813855,-0.22941573,0.492174804,2.06474161,-1.52752519,-0.351561517,-0.151716515,-0.484322101,-1.32255089,2.36887527,-1.23436594,1.23436594,0.197385505,-0.197385505,1
0.576986015,0.779341578,-0.861424148,1.0526886,-1.00411439,-0.708575785,-0.411813855,-0.617812753,-0.610092342,-0.255433619,1.24736142,-0.204124153,-0.22941573,0.941696584,-0.319262236,-0.635223389,-0.569651902,2.88137555,-0.112508789,-0.470504045,-0.625543237,-0.112508789,-0.12852402,-0.210680857,-0.086929135,-0.321633756,-1.23114717,-0.32634443,-0.258198887,-0.232418686,2.08166599,-0.269046575,-0.444527596,-0.723746836,2.19986725,-0.581199288,-0.217072383,1.45356131,-1.08075047,-0.323994398,0.321633756,-0.207424134,-0.235391095,-0.625543237,1.87610602,-0.717740536,-0.432369769,-0.411813855,4.35889912,-2.0317986,2.06474161,-1.52752519,-0.351561517,-0.151716515,2.06474161,-1.32255089,-0.422141254,0.810132504,-0.810132504,0.197385505,-0.197385505,1
-0.770348787,-0.754208446,0.919297576,1.0526886,1.09713864,1.0356108,-0.411813855,1.61861348,-0.610092342,-0.255433619,-0.801692247,4.89897966,-0.22941573,-1.06191313,-0.319262236,-0.635223389,1.755458,-0.347056448,-0.112508789,-0.470504045,-0.625543237,-0.112508789,-0.12852402,-0.210680857,-0.086929135,-0.321633756,0.812250614,-0.32634443,-0.258198887,-0.232418686,-0.480384469,-0.269046575,-0.444527596,1.38169861,-0.454572886,-0.581199288,-0.217072383,-0.687965453,0.925282896,-0.323994398,0.321633756,-0.207424134,-0.235391095,-0.625543237,-0.533018887,1.39326108,-0.432369769,2.42828155,-0.22941573,-2.0317986,-0.484322101,0.654653668,-0.351561517,-0.151716515,-0.484322101,0.756114542,-0.422141254,0.810132504,-0.810132504,0.197385505,-0.197385505,0
-0.731327057,-0.243025079,-0.861424148,1.0526886,1.71000409,2.77979732,2.42828155,1.61861348,-0.610092342,-0.255433619,-0.801692247,-0.204124153,-0.22941573,-1.06191313,-0.319262236,1.57424927,-0.569651902,-0.347056448,-0.112508789,-0.470504045,-0.625543237,-0.112508789,7.7806468,-0.210680857,-0.086929135,-0.321633756,0.812250614,-0.32634443,-0.258198887,-0.232418686,-0.480384469,3.71682858,-0.444527596,-0.723746836,-0.454572886,-0.581199288,-0.217072383,1.45356131,-1.08075047,-0.323994398,0.321633756,-0.207424134,-0.235391095,-0.625543237,-0.533018887,-0.717740536,2.31283522,-0.411813855,-0.22941573,0.492174804,-0.484322101,-1.52752519,2.84445238,6.59123993,-0.484322101,-1.32255089,-0.422141254,0.810132504,-0.810132504,0.197385505,-0.197385505,0
-0.89716953,-1.09499729,0.919297576,1.0526886,1.00958633,1.0356108,-0.411813855,1.61861348,-0.610092342,-0.255433619,-0.801692247,-0.204124153,-0.22941573,-1.06191313,-0.319262236,1.57424927,1.755458,-0.347056448,-0.112508789,-0.470504045,-0.625543237,-0.112508789,-0.12852402,-0.210680857,-0.086929135,-0.321633756,0.812250614,-0.32634443,-0.258198887,-0.232418686,-0.480384469,-0.269046575,-0.444527596,-0.723746836,-0.454572886,1.7205801,-0.217072383,-0.687965453,0.925282896,-0.323994398,0.321633756,-0.207424134,-0.235391095,1.59861052,-0.533018887,-0.717740536,-0.432369769,-0.411813855,-0.22941573,0.492174804,-0.484322101,0.654653668,-0.351561517,-0.151716515,2.06474161,-1.32255089,-0.422141254,0.810132504,-0.810132504,0.197385505,-0.197385505,1
2.49772406,2.31289172,-0.861424148,-0.782062769,0.746929765,-0.708575785,-0.411813855,-0.617812753,-0.610092342,-0.255433619,1.24736142,-0.204124153,-0.22941573,-1.06191313,-0.319262236,1.57424927,1.755458,-0.347056448,-0.112508789,-0.470504045,-0.625543237,-0.112508789,-0.12852402,-0.210680857,-0.086929135,-0.321633756,-1.23114717,-0.32634443,3.87298346,-0.232418686,-0.480384469,-0.269046575,-0.444527596,1.38169861,-0.454572886,-0.581199288,-0.217072383,-0.687965453,0.925282896,-0.323994398,0.321633756,-0.207424134,-0.235391095,-0.625543237,-0.533018887,-0.717740536,2.31283522,2.42828155,-0.22941573,-2.0317986,-0.484322101,-1.52752519,2.84445238,-0.151716515,-0.484322101,0.756114542,-0.422141254,0.810132504,-0.810132504,0.197385505,-0.197385505,0
-0.711093545,0.268158257,0.919297576,-0.782062769,-1.09166658,-0.708575785,-0.411813855,-0.617812753,1.63909602,-0.255433619,-0.801692247,-0.204124153,-0.22941573,0.941696584,-0.319262236,-0.635223389,1.755458,-0.347056448,-0.112508789,-0.470504045,-0.625543237,-0.112508789,-0.12852402,-0.210680857,-0.086929135,-0.321633756,0.812250614,-0.32634443,-0.258198887,-0.232418686,-0.480384469,-0.269046575,2.24957919,-0.723746836,-0.454572886,-0.581199288,-0.217072383,-0.687965453,0.925282896,-0.323994398,0.321633756,-0.207424134,-0.235391095,1.59861052,-0.533018887,-0.717740536,-0.432369769,-0.411813855,4.35889912,-2.0317986,-0.484322101,0.654653668,-0.351561517,-0.151716515,2.06474161,-1.32255089,-0.422141254,0.810132504,-0.810132504,0.197385505,-0.197385505,0
-1.03916538,-1.26539171,0.919297576,1.0526886,1.4473474,1.0356108,-0.411813855,1.61861348,-0.610092342,-0.255433619,-0.801692247,-0.204124153,-0.22941573,-1.06191313,-0.319262236,1.57424927,-0.569651902,-0.347056448,-0.112508789,-0.470504045,1.59861052,-0.112508789,-0.12852402,-0.210680857,-0.086929135,-0.321633756,-1.23114717,-0.32634443,3.87298346,-0.232418686,-0.480384469,-0.269046575,-0.444527596,-0.723746836,-0.454572886,1.7205801,-0.217072383,-0.687965453,0.925282896,-0.323994398,0.321633756,-0.207424134,-0.235391095,-0.625543237,-0.533018887,1.39326108,-0.432369769,-0.411813855,-0.22941573,0.492174804,-0.484322101,0.654653668,-0.351561517,-0.151716515,-0.484322101,0.756114542,-0.422141254,0.810132504,-0.810132504,0.197385505,-0.197385505,1
1.85856199,2.31289172,-1.75178492,-1.69943845,-0.478801131,1.0356108,-0.411813855,-0.617812753,1.63909602,-0.255433619,-0.801692247,4.89897966,-0.22941573,-1.06191313,-0.319262236,-0.635223389,1.755458,-0.347056448,-0.112508789,-0.470504045,-0.625543237,-0.112508789,-0.12852402,-0.210680857,-0.086929135,-0.321633756,-1.23114717,-0.32634443,3.87298346,-0.232418686,-0.480384469,-0.269046575,2.24957919,-0.723746836,-0.454572886,-0.581199288,-0.217072383,1.45356131,-1.08075047,-0.323994398,0.321633756,-0.207424134,-0.235391095,-0.625543237,-0.533018887,1.39326108,-0.432369769,-0.411813855,-0.22941573,0.492174804,-0.484322101,0.654653668,-0.351561517,-0.151716515,-0.484322101,0.756114542,-0.422141254,0.810132504,-0.810132504,0.197385505,-0.197385505,1
-0.658703208,-1.00980008,-0.861424148,-1.69943845,-0.74145776,-0.708575785,-0.411813855,-0.617812753,1.63909602,-0.255433619,-0.801692247,-0.204124153,-0.22941573,0.941696584,-0.319262236,-0.635223389,-0.569651902,-0.347056448,-0.112508789,-0.470504045,-0.625543237,-0.112508789,-0.12852402,-0.210680857,-0.086929135,3.10912633,0.812250614,-0.32634443,-0.258198887,-0.232418686,-0.480384469,-0.269046575,-0.444527596,1.38169861,-0.454572886,-0.581199288,-0.217072383,-0.687965453,-1.08075047,3.08647299,0.321633756,-0.207424134,-0.235391095,1.59861052,-0.533018887,-0.717740536,-0.432369769,2.42828155,-0.22941573,-2.0317986,-0.484322101,0.654653668,-0.351561517,-0.151716515,-0.484322101,0.756114542,-0.422141254,-1.23436594,1.23436594,0.197385505,-0.197385505,1
-1.06156683,-1.00980008,0.919297576,1.0526886,-1.17921877,-0.708575785,-0.411813855,-0.617812753,1.63909602,-0.255433619,-0.801692247,-0.204124153,-0.22941573,0.941696584,-0.319262236,-0.635223389,1.755458,-0.347056448,-0.112508789,-0.470504045,-0.625543237,-0.112508789,-0.12852402,-0.210680857,-0.086929135,-0.321633756,0.812250614,-0.32634443,-0.258198887,-0.232418686,-0.480384469,-0.269046575,-0.444527596,1.38169861,-0.454572886,-0.581199288,-0.217072383,-0.687965453,-1.08075047,3.08647299,0.321633756,-0.207424134,-0.235391095,1.59861052,-0.533018887,-0.717740536,-0.432369769,-0.411813855,-0.22941573,0.492174804,2.06474161,-1.52752519,-0.351561517,-0.151716515,2.06474161,-1.32255089,-0.422141254,0.810132504,-0.810132504,0.197385505,-0.197385505,1
-0.376879334,-0.754208446,0.919297576,1.0526886,0.221616521,1.0356108,-0.411813855,1.61861348,-0.610092342,-0.255433619,-0.801692247,-0.204124153,-0.22941573,-1.06191313,-0.319262236,1.57424927,1.755458,-0.347056448,-0.112508789,-0.470504045,-0.625543237,-0.112508789,-0.12852402,-0.210680857,-0.086929135,-0.321633756,0.812250614,-0.32634443,-0.258198887,-0.232418686,-0.480384469,-0.269046575,-0.444527596,1.38169861,-0.454572886,-0.581199288,-0.217072383,-0.687965453,0.925282896,-0.323994398,0.321633756,-0.207424134,-0.235391095,-0.625543237,1.87610602,-0.717740536,-0.432369769,2.42828155,-0.22941573,-2.0317986,-0.484322101,0.654653668,-0.351561517,-0.151716515,2.06474161,-1.32255089,-0.422141254,0.810132504,-0.810132504,-5.06622791,5.06622791,1
0.213144198,1.29052496,0.919297576,-1.69943845,0.571825325,-0.708575785,-0.411813855,-0.617812753,1.63909602,-0.255433619,-0.801692247,4.89897966,-0.22941573,-1.06191313,-0.319262236,-0.635223389,-0.569651902,-0.347056448,-0.112508789,-0.470504045,1.59861052,-0.112508789,-0.12852402,-0.210680857,-0.086929135,-0.321633756,0.812250614,-0.32634443,-0.258198887,-0.232418686,-0.480384469,-0.269046575,-0.444527596,1.38169861,-0.454572886,-0.581199288,-0.217072383,1.45356131,-1.08075047,-0.323994398,0.321633756,-0.207424134,-0.235391095,-0.625543237,-0.533018887,1.39326108,-0.432369769,-0.411813855,-0.22941573,0.492174804,-0.484322101,0.654653668,-0.351561517,-0.151716515,-0.484322101,0.756114542,-0.422141254,-1.23436594,1.23436594,0.197385505,-0.197385505,0
-0.504784048,-0.243025079,0.919297576,-0.782062769,-0.653905571,1.0356108,-0.411813855,-0.617812753,-0.610092342,-0.255433619,1.24736142,-0.204124153,-0.22941573,-1.06191313,-0.319262236,1.57424927,-0.569651902,-0.347056448,-0.112508789,2.12538028,-0.625543237,-0.112508789,-0.12852402,-0.210680857,-0.086929135,-0.321633756,0.812250614,-0.32634443,-0.258198887,-0.232418686,-0.480384469,-0.269046575,-0.444527596,1.38169861,-0.454572886,-0.581199288,-0.217072383,1.45356131,-1.08075047,-0.323994398,0.321633756,-0.207424134,-0.235391095,-0.625543237,-0.533018887,-0.717740536,2.31283522,-0.411813855,-0.22941573,0.492174804,-0.484322101,0.654653668,-0.351561517,-0.151716515,-0.484322101,0.756114542,-0.422141254,0.810132504,-0.810132504,0.197385505,-0.197385505,1
-0.670626521,0.268158257,0.919297576,0.135312915,0.396720946,-0.708575785,-0.411813855,1.61861348,-0.610092342,-0.255433619,-0.801692247,-0.204124153,4.35889912,-1.06191313,-0.319262236,-0.635223389,-0.569651902,-0.347056448,8.88819408,-0.470504045,-0.625543237,-0.112508789,-0.12852402,-0.210680857,-0.086929135,-0.321633756,-1.23114717,-0.32634443,-0.258198887,-0.232418686,2.08166599,-0.269046575,-0.444527596,-0.723746836,-0.454572886,1.7205801,-0.217072383,-0.687965453,0.925282896,-0.323994398,0.321633756,-0.207424134,-0.235391095,-0.625543237,-0.533018887,1.39326108,-0.432369769,-0.411813855,4.35889912,-2.0317986,-0.484322101,0.654653668,-0.351561517,-0.151716515,-0.484322101,-1.32255089,2.36887527,-1.23436594,1.23436594,0.197385505,-0.197385505,0
-0.393861055,-0.243025079,0.919297576,1.0526886,-1.00411439,1.0356108,-0.411813855,1.61861348,-0.610092342,-0.255433619,-0.801692247,-0.204124153,-0.22941573,-1.06191313,-0.319262236,1.57424927,-0.569651902,-0.347056448,-0.112508789,2.12538028,-0.625543237,-0.112508789,-0.12852402,-0.210680857,-0.086929135,-0.321633756,0.812250614,-0.32634443,-0.258198887,-0.232418686,-0.480384469,-0.269046575,-0.444527596,1.38169861,-0.454572886,-0.581199288,-0.217072383,1.45356131,-1.08075047,-0.323994398,0.321633756,-0.207424134,-0.235391095,1.59861052,-0.533018887,-0.717740536,-0.432369769,-0.411813855,-0.22941573,0.492174804,2.06474161,-1.52752519,-0.351561517,-0.151716515,-0.484322101,0.756114542,-0.422141254,0.810132504,-0.810132504,0.197385505,-0.197385505,0
1.03476918,-0.754208446,-0.861424148,-0.782062769,-0.303696722,-0.708575785,-0.411813855,-0.617812753,1.63909602,-0.255433619,-0.801692247,-0.204124153,-0.22941573,0.941696584,-0.319262236,-0.635223389,1.755458,-0.347056448,-0.112508789,-0.470504045,-0.625543237,-0.112508789,-0.12852402,-0.210680857,-0.086929135,-0.321633756,0.812250614,-0.32634443,-0.258198887,-0.232418686,-0.480384469,-0.269046575,-0.444527596,-0.723746836,2.19986725,-0.581199288,-0.217072383,-0.687965453,0.925282896,-0.323994398,0.321633756,-0.207424134,-0.235391095,-0.625543237,-0.533018887,1.39326108,-0.432369769,-0.411813855,-0.22941573,0.492174804,-0.484322101,0.654653668,-0.351561517,-0.151716515,-0.484322101,0.756114542,-0.422141254,0.810132504,-0.810132504,0.197385505,-0.197385505,1
-0.700976789,-0.754208446,0.028936727,-1.69943845,0.134064317,-0.708575785,-0.411813855,1.61861348,-0.610092342,-0.255433619,-0.801692247,-0.204124153,-0.22941573,0.941696584,-0.319262236,-0.635223389,1.755458,-0.347056448,-0.112508789,-0.470504045,-0.625543237,-0.112508789,-0.12852402,-0.210680857,-0.086929135,-0.321633756,0.812250614,-0.32634443,-0.258198887,-0.232418686,-0.480384469,-0.269046575,2.24957919,-0.723746836,-0.454572886,-0.581199288,-0.217072383,1.45356131,-1.08075047,-0.323994398,0.321633756,-0.207424134,-0.235391095,1.59861052,-0.533018887,-0.717740536,-0.432369769,-0.411813855,-0.22941573,0.492174804,-0.484322101,0.654653668,-0.351561517,-0.151716515,2.06474161,-1.32255089,-0.422141254,0.810132504,-0.810132504,0.197385505,-0.197385505,0
1.21578681,0.268158257,0.919297576,-0.782062769,-0.566353321,-0.708575785,-0.411813855,1.61861348,-0.610092342,-0.255433619,-0.801692247,-0.204124153,-0.22941573,0.941696584,-0.319262236,-0.635223389,-0.569651902,2.88137555,-0.112508789,-0.470504045,-0.625543237,-0.112508789,-0.12852402,-0.210680857,-0.086929135,-0.321633756,0.812250614,-0.32634443,-0.258198887,-0.232418686,-0.480384469,3.71682858,-0.444527596,-0.723746836,-0.454572886,-0.581199288,-0.217072383,-0.687965453,0.925282896,-0.323994398,0.321633756,-0.207424134,-0.235391095,-0.625543237,-0.533018887,-0.717740536,2.31283522,-0.411813855,-0.22941573,0.492174804,-0.484322101,-1.52752519,2.84445238,-0.151716515,-0.484322101,-1.32255089,2.36887527,-1.23436594,1.23436594,0.197385505,-0.197385505,1
-0.948114634,-1.26539171,0.028936727,0.135312915,-0.82900995,-0.708575785,-0.411813855,-0.617812753,1.63909602,-0.255433619,-0.801692247,-0.204124153,-0.22941573,0.941696584,-0.319262236,-0.635223389,-0.569651902,-0.347056448,-0.112508789,-0.470504045,1.59861052,-0.112508789,-0.12852402,-0.210680857,-0.086929135,-0.321633756,0.812250614,-0.32634443,-0.258198887,-0.232418686,-0.480384469,-0.269046575,2.24957919,-0.723746836,-0.454572886,-0.581199288,-0.217072383,-0.687965453,-1.08075047,3.08647299,0.321633756,-0.207424134,-0.235391095,1.59861052,-0.533018887,-0.717740536,-0.432369769,-0.411813855,-0.22941573,0.492174804,-0.484322101,0.654653668,-0.351561517,-0.151716515,2.06474161,-1.32255089,-0.422141254,0.810132504,-0.810132504,-5.06622791,5.06622791,1
1.38849425,-0.0726306289,0.028936727,1.0526886,0.0465121083,1.0356108,2.42828155,-0.617812753,1.63909602,-0.255433619,-0.801692247,-0.204124153,-0.22941573,-1.06191313,3.13222146,-0.635223389,-0.569651902,2.88137555,-0.112508789,-0.470504045,-0.625543237,-0.112508789,-0.12852402,-0.210680857,-0.086929135,-0.321633756,-1.23114717,-0.32634443,-0.258198887,-0.232418686,2.08166599,-0.269046575,-0.444527596,-0.723746836,2.19986725,-0.581199288,-0.217072383,-0.687965453,0.925282896,-0.323994398,0.321633756,-0.207424134,-0.235391095,-0.625543237,1.87610602,-0.717740536,-0.432369769,2.42828155,-0.22941573,-2.0317986,2.06474161,-1.52752519,-0.351561517,-0.151716515,-0.484322101,-1.32255089,2.36887527,-1.23436594,1.23436594,0.197385505,-0.197385505,1
-0.920654893,-1.26539171,0.028936727,1.0526886,0.309168726,1.0356108,-0.411813855,1.61861348,-0.610092342,-0.255433619,-0.801692247,-0.204124153,-0.22941573,-1.06191313,-0.319262236,1.57424927,1.755458,-0.347056448,-0.112508789,-0.470504045,-0.625543237,-0.112508789,-0.12852402,-0.210680857,-0.086929135,-0.321633756,-1.23114717,-0.32634443,-0.258198887,4.30257988,-0.480384469,-0.269046575,-0.444527596,-0.723746836,2.19986725,-0.581199288,-0.217072383,1.45356131,-1.08075047,-0.323994398,0.321633756,-0.207424134,-0.235391095,1.59861052,-0.533018887,-0.717740536,-0.432369769,-0.411813855,-0.22941573,0.492174804,-0.484322101,0.654653668,-0.351561517,-0.151716515,2.06474161,-1.32255089,-0.422141254,-1.23436594,1.23436594,0.197385505,-0.197385505,1
0.675624371,0.268158257,-0.861424148,1.0526886,0.571825325,-0.708575785,-0.411813855,-0.617812753,1.63909602,-0.255433619,-0.801692247,-0.204124153,-0.22941573,0.941696584,-0.319262236,-0.635223389,-0.569651902,-0.347056448,-0.112508789,-0.470504045,1.59861052,-0.112508789,-0.12852402,-0.210680857,-0.086929135,-0.321633756,-1.23114717,-0.32634443,-0.258198887,-0.232418686,2.08166599,-0.269046575,-0.444527596,-0.723746836,-0.454572886,1.7205801,-0.217072383,1.45356131,-1.08075047,-0.323994398,0.321633756,-0.207424134,-0.235391095,-0.625543237,-0.533018887,1.39326108,-0.432369769,-0.411813855,-0.22941573,0.492174804,-0.484322101,0.654653668,-0.351561517,-0.151716515,-0.484322101,0.756114542,-0.422141254,-1.23436594,1.23436594,0.197385505,-0.197385505,1
-0.711454868,-0.243025079,0.919297576,-0.782062769,-0.216144517,-0.708575785,-0.411813855,-0.617812753,1.63909602,-0.255433619,-0.801692247,-0.204124153,-0.22941573,-1.06191313,-0.319262236,1.57424927,-0.569651902,-0.347056448,-0.112508789,-0.470504045,1.59861052,-0.112508789,-0.12852402,-0.210680857,-0.086929135,-0.321633756,0.812250614,-0.32634443,-0.258198887,-0.232418686,-0.480384469,-0.269046575,-0.444527596,1.38169861,-0.454572886,-0.581199288,-0.217072383,-0.687965453,-1.08075047,3.08647299,0.321633756,-0.207424134,-0.235391095,-0.625543237,-0.533018887,1.39326108,-0.432369769,-0.411813855,-0.22941573,0.492174804,-0.484322101,0.654653668,-0.351561517,-0.151716515,-0.484322101,0.756114542,-0.422141254,0.810132504,-0.810132504,0.197385505,-0.197385505,0
-0.256923556,0.779341578,0.919297576,-0.782062769,0.484273136,1.0356108,-0.411813855,-0.617812753,1.63909602,-0.255433619,-0.801692247,-0.204124153,-0.22941573,-1.06191313,3.13222146,-0.635223389,-0.569651902,-0.347056448,-0.112508789,-0.470504045,-0.625543237,-0.112508789,-0.12852402,-0.210680857,-0.086929135,3.10912633,-1.23114717,3.06424713,-0.258198887,-0.232418686,-0.480384469,-0.269046575,-0.444527596,-0.723746836,-0.454572886,1.7205801,-0.217072383,-0.687965453,0.925282896,-0.323994398,0.321633756,-0.207424134,-0.235391095,-0.625543237,1.87610602,-0.717740536,-0.432369769,-0.411813855,4.35889912,-2.0317986,-0.484322101,0.654653668,-0.351561517,-0.151716515,-0.484322101,0.756114542,-0.422141254,0.810132504,-0.810132504,0.197385505,-0.197385505,1
-0.602699757,-0.924602866,0.028936727,-0.782062769,-0.391248912,-0.708575785,2.42828155,-0.617812753,-0.610092342,-0.255433619,1.24736142,-0.204124153,-0.22941573,0.941696584,-0.319262236,-0.635223389,1.755458,-0.347056448,-0.112508789,-0.470504045,-0.625543237,-0.112508789,-0.12852402,-0.210680857,-0.086929135,-0.321633756,0.812250614,-0.32634443,-0.258198887,-0.232418686,-0.480384469,-0.269046575,-0.444527596,1.38169861,-0.454572886,-0.581199288,-0.217072383,-0.687965453,0.925282896,-0.323994398,0.321633756,-0.207424134,-0.235391095,1.59861052,-0.533018887,-0.717740536,-0.432369769,-0.411813855,-0.22941573,0.492174804,-0.484322101,0.654653668,-0.351561517,-0.151716515,2.06474161,-1.32255089,-0.422141254,0.810132504,-0.810132504,-5.06622791,5.06622791,1
-0.680743277,-0.754208446,0.919297576,-1.69943845,-0.82900995,-0.708575785,-0.411813855,-0.617812753,-0.610092342,3.91491127,-0.801692247,-0.204124153,-0.22941573,0.941696584,-0.319262236,-0.635223389,1.755458,-0.347056448,-0.112508789,-0.470504045,-0.625543237,-0.112508789,-0.12852402,-0.210680857,-0.086929135,-0.321633756,0.812250614,-0.32634443,-0.258198887,-0.232418686,-0.480384469,-0.269046575,2.24957919,-0.723746836,-0.454572886,-0.581199288,-0.217072383,-0.687965453,0.925282896,-0.323994398,0.321633756,-0.207424134,-0.235391095,1.59861052,-0.533018887,-0.717740536,-0.432369769,-0.411813855,-0.22941573,0.492174804,-0.484322101,0.654653668,-0.351561517,-0.151716515,-0.484322101,0.756114542,-0.422141254,0.810132504,-0.810132504,0.197385505,-0.197385505,1
-0.605590224,-1.26539171,-1.75178492,-0.782062769,1.79755628,-0.708575785,-0.411813855,-0.617812753,-0.610092342,-0.255433619,1.24736142,-0.204124153,-0.22941573,0.941696584,-0.319262236,-0.635223389,-0.569651902,-0.347056448,-0.112508789,-0.470504045,-0.625543237,-0.112508789,-0.12852402,4.74651575,-0.086929135,-0.321633756,0.812250614,-0.32634443,-0.258198887,-0.232418686,-0.480384469,-0.269046575,2.24957919,-0.723746836,-0.454572886,-0.581199288,-0.217072383,1.45356131,-1.08075047,-0.323994398,0.321633756,-0.207424134,-0.235391095,-0.625543237,-0.533018887,-0.717740536,2.31283522,-0.411813855,-0.22941573,0.492174804,-0.484322101,0.654653668,-0.351561517,-0.151716515,-0.484322101,0.756114542,-0.422141254,0.810132504,-0.810132504,0.197385505,-0.197385505,1
0.448358744,1.29052496,-0.861424148,-0.782062769,-0.478801131,1.0356108,-0.411813855,-0.617812753,1.63909602,-0.255433619,-0.801692247,-0.204124153,-0.22941573,-1.06191313,3.13222146,-0.635223389,-0.569651902,-0.347056448,-0.112508789,-0.470504045,-0.625543237,-0.112508789,-0.12852402,-0.210680857,-0.086929135,3.10912633,0.812250614,-0.32634443,-0.258198887,-0.232418686,-0.480384469,-0.269046575,-0.444527596,1.38169861,-0.454572886,-0.581199288,4.60675812,-0.687965453,-1.08075047,-0.323994398,0.321633756,-0.207424134,-0.235391095,1.59861052,-0.533018887,-0.717740536,-0.432369769,-0.411813855,4.35889912,-2.0317986,-0.484322101,0.654653668,-0.351561517,-0.151716515,-0.484322101,-1.32255089,2.36887527,-1.23436594,1.23436594,0.197385505,-0.197385505,0
-0.595112205,-0.754208446,-1.75178492,-1.69943845,-1.17921877,-0.708575785,-0.411813855,-0.617812753,1.63909602,-0.255433619,-0.801692247,-0.204124153,-0.22941573,0.941696584,-0.319262236,-0.635223389,-0.569651902,-0.347056448,-0.112508789,-0.470504045,1.59861052,-0.112508789,-0.12852402,-0.210680857,-0.086929135,-0.321633756,0.812250614,-0.32634443,-0.258198887,-0.232418686,-0.480384469,-0.269046575,-0.444527596,1.38169861,-0.454572886,-0.581199288,-0.217072383,1.45356131,-1.08075047,-0.323994398,0.321633756,-0.207424134,-0.235391095,-0.625543237,-0.533018887,1.39326108,-0.432369769,-0.411813855,-0.22941573,0.492174804,-0.484322101,0.654653668,-0.351561517,-0.151716515,-0.484322101,0.756114542,-0.422141254,-1.23436594,1.23436594,0.197385505,-0.197385505,1
0.150998428,0.268158257,-1.75178492,1.0526886,-1.17921877,-0.708575785,-0.411813855,1.61861348,-0.610092342,-0.255433619,-0.801692247,-0.204124153,4.35889912,-1.06191313,-0.319262236,-0.635223389,-0.569651902,2.88137555,-0.112508789,-0.470504045,-0.625543237,-0.112508789,-0.12852402,-0.210680857,-0.086929135,-0.321633756,0.812250614,-0.32634443,-0.258198887,-0.232418686,-0.480384469,-0.269046575,-0.444527596,1.38169861,-0.454572886,-0.581199288,-0.217072383,1.45356131,-1.08075047,-0.323994398,-3.10912633,-0.207424134,4.24824905,-0.625543237,-0.533018887,1.39326108,-0.432369769,2.42828155,-0.22941573,-2.0317986,2.06474161,-1.52752519,-0.351561517,-0.151716515,-0.484322101,0.756114542,-0.422141254,0.810132504,-0.810132504,-5.06622791,5.06622791,1
-0.651115656,-0.754208446,0.919297576,-0.782062769,-0.566353321,1.0356108,-0.411813855,-0.617812753,-0.610092342,-0.255433619,1.24736142,-0.204124153,-0.22941573,-1.06191313,-0.319262236,1.57424927,-0.569651902,-0.347056448,-0.112508789,-0.470504045,-0.625543237,-0.112508789,-0.12852402,-0.210680857,-0.086929135,3.10912633,0.812250614,-0.32634443,-0.258198887,-0.232418686,-0.480384469,-0.269046575,-0.444527596,1.38169861,-0.454572886,-0.581199288,-0.217072383,1.45356131,-1.08075047,-0.323994398,-3.10912633,-0.207424134,4.24824905,1.59861052,-0.533018887,-0.717740536,-0.432369769,-0.411813855,-0.22941573,0.492174804,-0.484322101,0.654653668,-0.351561517,-0.151716515,-0.484322101,-1.32255089,2.36887527,-1.23436594,1.23436594,0.197385505,-0.197385505,1
0.373928338,0.779341578,0.919297576,-0.782062769,-0.653905571,1.0356108,-0.411813855,-0.617812753,1.63909602,-0.255433619,-0.801692247,-0.204124153,-0.22941573,-1.06191313,-0.319262236,1.57424927,1.755458,-0.347056448,-0.112508789,-0.470504045,-0.625543237,-0.112508789,-0.12852402,-0.210680857,-0.086929135,-0.321633756,0.812250614,-0.32634443,-0.258198887,-0.232418686,-0.480384469,3.71682858,-0.444527596,-0.723746836,-0.454572886,-0.581199288,-0.217072383,-0.687965453,-1.08075047,3.08647299,0.321633756,-0.207424134,-0.235391095,-0.625543237,-0.533018887,1.39326108,-0.432369769,-0.411813855,-0.22941573,0.492174804,-0.484322101,0.654653668,-0.351561517,-0.151716515,-0.484322101,-1.32255089,2.36887527,0.810132504,-0.810132504,0.197385505,-0.197385505,0
-0.914151251,-0.754208446,0.919297576,1.0526886,0.396720946,-0.708575785,2.42828155,1.61861348,-0.610092342,-0.255433619,-0.801692247,-0.204124153,-0.22941573,0.941696584,-0.319262236,-0.635223389,-0.569651902,-0.347056448,-0.112508789,-0.470504045,-0.625543237,-0.112508789,-0.12852402,4.74651575,-0.086929135,-0.321633756,0.812250614,-0.32634443,-0.258198887,-0.232418686,-0.480384469,-0.269046575,-0.444527596,1.38169861,-0.454572886,-0.581199288,-0.217072383,-0.687965453,0.925282896,-0.323994398,0.321633756,-0.207424134,-0.235391095,-0.625543237,-0.533018887,1.39326108,-0.432369769,-0.411813855,-0.22941573,0.492174804,2.06474161,-1.52752519,-0.351561517,-0.151716515,2.06474161,-1.32255089,-0.422141254,0.810132504,-0.810132504,0.197385505,-0.197385505,0
-0.93402344,-0.243025079,0.919297576,0.135312915,-0.303696722,1.0356108,-0.411813855,-0.617812753,-0.610092342,-0.255433619,1.24736142,-0.204124153,-0.22941573,-1.06191313,-0.319262236,1.57424927,-0.569651902,-0.347056448,-0.112508789,-0.470504045,1.59861052,-0.112508789,-0.12852402,-0.210680857,-0.086929135,-0.321633756,-1.23114717,-0.32634443,3.87298346,-0.232418686,-0.480384469,-0.269046575,-0.444527596,-0.723746836,-0.454572886,1.7205801,-0.217072383,-0.687965453,0.925282896,-0.323994398,0.321633756,-0.207424134,-0.235391095,-0.625543237,1.87610602,-0.717740536,-0.432369769,2.42828155,-0.22941573,-2.0317986,-0.484322101,0.654653668,-0.351561517,-0.151716515,-0.484322101,-1.32255089,2.36887527,-1.23436594,1.23436594,0.197385505,-0.197385505,1
-0.352671385,-0.243025079,-0.861424148,-1.69943845,-0.9165622,1.0356108,-0.411813855,-0.617812753,-0.610092342,-0.255433619,1.24736142,-0.204124153,-0.22941573,-1.06191313,-0.319262236,1.57424927,-0.569651902,-0.347056448,-0.112508789,-0.470504045,1.59861052,-0.112508789,-0.12852402,-0.210680857,-0.086929135,-0.321633756,0.812250614,-0.32634443,-0.258198887,-0.232418686,-0.480384469,-0.269046575,-0.444527596,1.38169861,-0.454572886,-0.581199288,-0.217072383,1.45356131,-1.08075047,-0.323994398,0.321633756,-0.207424134,-0.235391095,-0.625543237,-0.533018887,1.39326108,-0.432369769,-0.411813855,-0.22941573,0.492174804,-0.484322101,0.654653668,-0.351561517,-0.151716515,-0.484322101,0.756114542,-0.422141254,0.810132504,-0.810132504,0.197385505,-0.197385505,1
-0.278963625,0.523749948,0.919297576,1.0526886,0.659377575,4.52398396,2.42828155,1.61861348,-0.610092342,-0.255433619,-0.801692247,-0.204124153,-0.22941573,-1.06191313,-0.319262236,1.57424927,-0.569651902,-0.347056448,-0.112508789,-0.470504045,-0.625543237,-0.112508789,-0.12852402,-0.210680857,-0.086929135,3.10912633,0.812250614,-0.32634443,-0.258198887,-0.232418686,-0.480384469,-0.269046575,-0.444527596,-0.723746836,-0.454572886,1.7205801,-0.217072383,-0.687965453,0.925282896,-0.323994398,0.321633756,-0.207424134,-0.235391095,-0.625543237,-0.533018887,1.39326108,-0.432369769,-0.411813855,4.35889912,-2.0317986,-0.484322101,0.654653668,-0.351561517,-0.151716515,-0.484322101,-1.32255089,2.36887527,-1.23436594,1.23436594,0.197385505,-0.197385505,1
-0.941249669,-0.754208446,0.919297576,-1.69943845,-0.82900995,-0.708575785,-0.411813855,-0.617812753,-0.610092342,3.91491127,-0.801692247,-0.204124153,4.35889912,-1.06191313,-0.319262236,-0.635223389,-0.569651902,-0.347056448,-0.112508789,-0.470504045,-0.625543237,-0.112508789,-0.12852402,-0.210680857,-0.086929135,3.10912633,0.812250614,-0.32634443,-0.258198887,-0.232418686,-0.480384469,-0.269046575,2.24957919,-0.723746836,-0.454572886,-0.581199288,-0.217072383,1.45356131,-1.08075047,-0.323994398,0.321633756,-0.207424134,-0.235391095,1.59861052,-0.533018887,-0.717740536,-0.432369769,-0.411813855,-0.22941573,0.492174804,-0.484322101,0.654653668,-0.351561517,6.59123993,-0.484322101,-1.32255089,-0.422141254,0.810132504,-0.810132504,0.197385505,-0.197385505,0
-0.713261425,-0.754208446,0.919297576,-0.782062769,0.221616521,1.0356108,-0.411813855,-0.617812753,-0.610092342,-0.255433619,1.24736142,-0.204124153,-0.22941573,-1.06191313,-0.319262236,1.57424927,-0.569651902,-0.347056448,-0.112508789,-0.470504045,1.59861052,-0.112508789,-0.12852402,-0.210680857,-0.086929135,-0.321633756,-1.23114717,-0.32634443,-0.258198887,-0.232418686,2.08166599,-0.269046575,-0.444527596,-0.723746836,-0.454572886,1.7205801,-0.217072383,1.45356131,-1.08075047,-0.323994398,0.321633756,-0.207424134,-0.235391095,1.59861052,-0.533018887,-0.717740536,-0.432369769,-0.411813855,-0.22941573,0.492174804,-0.484322101,0.654653668,-0.351561517,-0.151716515,-0.484322101,0.756114542,-0.422141254,-1.23436594,1.23436594,0.197385505,-0.197385505,1
-0.229825094,0.268158257,-0.861424148,-0.782062769,-0.128592297,-0.708575785,-0.411813855,-0.617812753,-0.610092342,-0.255433619,1.24736142,-0.204124153,-0.22941573,-1.06191313,-0.319262236,1.57424927,-0.569651902,-0.347056448,-0.112508789,-0.470504045,1.59861052,-0.112508789,-0.12852402,-0.210680857,-0.086929135,-0.321633756,-1.23114717,-0.32634443,-0.258198887,4.30257988,-0.480384469,-0.269046575,-0.444527596,-0.723746836,-0.454572886,1.7205801,-0.217072383,-0.687965453,0.925282896,-0.323994398,0.321633756,-0.207424134,-0.235391095,-0.625543237,-0.533018887,1.39326108,-0.432369769,-0.411813855,-0.22941573,0.492174804,-0.484322101,0.654653668,-0.351561517,-0.151716515,-0.484322101,0.756114542,-0.422141254,0.810132504,-0.810132504,0.197385505,-0.197385505,1
-0.252587795,-0.243025079,0.028936727,1.0526886,0.659377575,-0.708575785,-0.411813855,-0.617812753,-0.610092342,-0.255433619,1.24736142,-0.204124153,-0.22941573,0.941696584,-0.319262236,-0.635223389,-0.569651902,-0.347056448,-0.112508789,2.12538028,-0.625543237,-0.112508789,-0.12852402,-0.210680857,-0.086929135,-0.321633756,0.812250614,-0.32634443,-0.258198887,-0.232418686,-0.480384469,-0.269046575,-0.444527596,1.38169861,-0.454572886,-0.581199288,-0.217072383,-0.687965453,0.925282896,-0.323994398,0.321633756,-0.207424134,-0.235391095,1.59861052,-0.533018887,-0.717740536,-0.432369769,-0.411813855,-0.22941573,0.492174804,-0.484322101,0.654653668,-0.351561517,-0.151716515,-0.484322101,0.756114542,-0.422141254,-1.23436594,1.23436594,0.197385505,-0.197385505,1
-0.123599187,0.268158257,0.028936727,1.0526886,0.0465121083,-0.708575785,2.42828155,-0.617812753,-0.610092342,-0.255433619,1.24736142,-0.204124153,-0.22941573,-1.06191313,-0.319262236,1.57424927,-0.569651902,-0.347056448,-0.112508789,-0.470504045,1.59861052,-0.112508789,-0.12852402,-0.210680857,-0.086929135,-0.321633756,-1.23114717,3.06424713,-0.258198887,-0.232418686,-0.480384469,-0.269046575,-0.444527596,-0.723746836,-0.454572886,1.7205801,-0.217072383,-0.687965453,0.925282896,-0.323994398,0.321633756,-0.207424134,-0.235391095,1.59861052,-0.533018887,-0.717740536,-0.432369769,-0.411813855,-0.22941573,0.492174804,-0.484322101,0.654653668,-0.351561517,-0.151716515,-0.484322101,0.756114542,-0.422141254,-1.23436594,1.23436594,0.197385505,-0.197385505,1
2.0825758,-0.583813965,-1.75178492,1.0526886,0.834481955,-0.708575785,-0.411813855,1.61861348,-0.610092342,-0.255433619,-0.801692247,-0.204124153,-0.22941573,0.941696584,-0.319262236,-0.635223389,1.755458,-0.347056448,-0.112508789,-0.470504045,-0.625543237,-0.112508789,-0.12852402,-0.210680857,-0.086929135,-0.321633756,0.812250614,-0.32634443,-0.258198887,-0.232418686,-0.480384469,-0.269046575,-0.444527596,-0.723746836,-0.454572886,1.7205801,4.60675812,-0.687965453,-1.08075047,-0.323994398,0.321633756,-0.207424134,-0.235391095,-0.625543237,1.87610602,-0.717740536,-0.432369769,-0.411813855,-0.22941573,0.492174804,-0.484322101,0.654653668,-0.351561517,-0.151716515,-0.484322101,-1.32255089,2.36887527,-1.23436594,1.23436594,-5.06622791,5.06622791,0
0.363811582,0.779341578,-0.861424148,-1.69943845,-0.653905571,1.0356108,-0.411813855,-0.617812753,1.63909602,-0.255433619,-0.801692247,4.89897966,-0.22941573,-1.06191313,-0.319262236,-0.635223389,-0.569651902,-0.347056448,-0.112508789,-0.470504045,-0.625543237,-0.112508789,-0.12852402,-0.210680857,-0.086929135,3.10912633,0.812250614,-0.32634443,-0.258198887,-0.232418686,-0.480384469,-0.269046575,-0.444527596,1.38169861,-0.454572886,-0.581199288,-0.217072383,1.45356131,-1.08075047,-0.323994398,0.321633756,-0.207424134,-0.235391095,-0.625543237,-0.533018887,1.39326108,-0.432369769,-0.411813855,-0.22941573,0.492174804,-0.484322101,0.654653668,-0.351561517,-0.151716515,-0.484322101,0.756114542,-0.422141254,0.810132504,-0.810132504,0.197385505,-0.197385505,1
0.23229377,0.779341578,0.919297576,1.0526886,0.396720946,-0.708575785,-0.411813855,1.61861348,-0.610092342,-0.255433619,-0.801692247,-0.204124153,-0.22941573,0.941696584,-0.319262236,-0.635223389,-0.569651902,2.88137555,-0.112508789,-0.470504045,-0.625543237,-0.112508789,-0.12852402,-0.210680857,-0.086929135,-0.321633756,0.812250614,-0.32634443,-0.258198887,-0.232418686,-0.480384469,-0.269046575,-0.444527596,1.38169861,-0.454572886,-0.581199288,4.60675812,-0.687965453,-1.08075047,-0.323994398,0.321633756,-0.207424134,-0.235391095,-0.625543237,1.87610602,-0.717740536,-0.432369769,-0.411813855,-0.22941573,0.492174804,-0.484322101,0.654653668,-0.351561517,-0.151716515,-0.484322101,-1.32255089,2.36887527,-1.23436594,1.23436594,0.197385505,-0.197385505,1
-0.688692153,-0.498616755,0.919297576,1.0526886,0.221616521,1.0356108,-0.411813855,-0.617812753,1.63909602,-0.255433619,-0.801692247,-0.204124153,-0.22941573,0.941696584,-0.319262236,-0.635223389,-0.569651902,-0.347056448,-0.112508789,-0.470504045,-0.625543237,-0.112508789,7.7806468,-0.210680857,-0.086929135,-0.321633756,0.812250614,-0.32634443,-0.258198887,-0.232418686,-0.480384469,-0.269046575,-0.444527596,-0.723746836,-0.454572886,1.7205801,-0.217072383,-0.687965453,0.925282896,-0.323994398,0.321633756,-0.207424134,-0.235391095,-0.625543237,-0.533018887,1.39326108,-0.432369769,-0.411813855,-0.22941573,0.492174804,-0.484322101,0.654653668,-0.351561517,-0.151716515,2.06474161,-1.32255089,-0.422141254,0.810132504,-0.810132504,0.197385505,-0.197385505,1
0.198330387,0.0125665907,-0.861424148,-0.782062769,-1.00411439,-0.708575785,-0.411813855,1.61861348,-0.610092342,-0.255433619,-0.801692247,-0.204124153,-0.22941573,0.941696584,-0.319262236,-0.635223389,1.755458,-0.347056448,-0.112508789,-0.470504045,-0.625543237,-0.112508789,-0.12852402,-0.210680857,-0.086929135,-0.321633756,-1.23114717,-0.32634443,-0.258198887,-0.232418686,2.08166599,-0.269046575,-0.444527596,-0.723746836,2.19986725,-0.581199288,-0.217072383,-0.687965453,0.925282896,-0.323994398,-3.10912633,4.82103968,-0.235391095,1.59861052,-0.533018887,-0.717740536,-0.432369769,-0.411813855,-0.22941573,0.492174804,-0.484322101,0.654653668,-0.351561517,-0.151716515,2.06474161,-1.32255089,-0.422141254,0.810132504,-0.810132504,-5.06622791,5.06622791,1
2.18844032,1.29052496,-0.861424148,-1.69943845,-1.00411439,-0.708575785,-0.411813855,1.61861348,-0.610092342,-0.255433619,-0.801692247,-0.204124153,-0.22941573,0.941696584,-0.319262236,-0.635223389,1.755458,-0.347056448,-0.112508789,-0.470504045,-0.625543237,-0.112508789,-0.12852402,-0.210680857,-0.086929135,-0.321633756,0.812250614,-0.32634443,-0.258198887,-0.232418686,-0.480384469,-0.269046575,-0.444527596,-0.723746836,2.19986725,-0.581199288,-0.217072383,-0.687965453,0.925282896,-0.323994398,0.321633756,-0.207424134,-0.235391095,-0.625543237,-0.533018887,1.39326108,-0.432369769,-0.411813855,-0.22941573,0.492174804,-0.484322101,0.654653668,-0.351561517,-0.151716515,-0.484322101,0.756114542,-0.422141254,-1.23436594,1.23436594,0.197385505,-0.197385505,0
0.934324205,1.29052496,0.028936727,1.0526886,-0.128592297,1.0356108,-0.411813855,-0.617812753,1.63909602,-0.255433619,-0.801692247,-0.204124153,-0.22941573,-1.06191313,-0.319262236,1.57424927,-0.569651902,2.88137555,-0.112508789,-0.470504045,-0.625543237,-0.112508789,-0.12852402,-0.210680857,-0.086929135,-0.321633756,0.812250614,-0.32634443,-0.258198887,-0.232418686,-0.480384469,-0.269046575,-0.444527596,1.38169861,-0.454572886,-0.581199288,-0.217072383,-0.687965453,0.925282896,-0.323994398,0.321633756,-0.207424134,-0.235391095,-0.625543237,-0.533018887,1.39326108,-0.432369769,-0.411813855,-0.22941573,0.492174804,-0.484322101,0.654653668,-0.351561517,-0.151716515,-0.484322101,0.756114542,-0.422141254,-1.23436594,1.23436594,0.197385505,-0.197385505,1
-0.637747049,-1.00980008,0.028936727,-0.782062769,-0.74145776,1.0356108,-0.411813855,-0.617812753,-0.610092342,-0.255433619,1.24736142,-0.204124153,-0.22941573,0.941696584,-0.319262236,-0.635223389,-0.569651902,-0.347056448,-0.112508789,-0.470504045,-0.625543237,-0.112508789,-0.12852402,-0.210680857,-0.086929135,3.10912633,0.812250614,-0.32634443,-0.258198887,-0.232418686,-0.480384469,-0.269046575,-0.444527596,-0.723746836,2.19986725,-0.581199288,-0.217072383,1.45356131,-1.08075047,-0.323994398,0.321633756,-0.207424134,-0.235391095,-0.625543237,-0.533018887,1.39326108,-0.432369769,-0.411813855,-0.22941573,0.492174804,-0.484322101,0.654653668,-0.351561517,-0.151716515,-0.484322101,0.756114542,-0.422141254,0.810132504,-0.810132504,0.197385505,-0.197385505,1
0.236268207,0.268158257,0.919297576,-0.782062769,0.484273136,1.0356108,-0.411813855,-0.617812753,-0.610092342,-0.255433619,1.24736142,-0.204124153,-0.22941573,-1.06191313,-0.319262236,1.57424927,-0.569651902,2.88137555,-0.112508789,-0.470504045,-0.625543237,-0.112508789,-0.12852402,-0.210680857,-0.086929135,-0.321633756,0.812250614,-0.32634443,-0.258198887,-0.232418686,-0.480384469,-0.269046575,-0.444527596,-0.723746836,-0.454572886,1.7205801,-0.217072383,1.45356131,-1.08075047,-0.323994398,0.321633756,-0.207424134,-0.235391095,-0.625543237,-0.533018887,1.39326108,-0.432369769,-0.411813855,-0.22941573,0.492174804,2.06474161,-1.52752519,-0.351561517,-0.151716515,-0.484322101,-1.32255089,2.36887527,-1.23436594,1.23436594,0.197385505,-0.197385505,1
-0.944140196,-1.43578625,-1.75178492,0.135312915,-1.09166658,-0.708575785,2.42828155,-0.617812753,-0.610092342,-0.255433619,1.24736142,-0.204124153,-0.22941573,0.941696584,-0.319262236,-0.635223389,-0.569651902,-0.347056448,-0.112508789,2.12538028,-0.625543237,-0.112508789,-0.12852402,-0.210680857,-0.086929135,-0.321633756,0.812250614,-0.32634443,-0.258198887,-0.232418686,-0.480384469,-0.269046575,2.24957919,-0.723746836,-0.454572886,-0.581199288,-0.217072383,1.45356131,-1.08075047,-0.323994398,0.321633756,-0.207424134,-0.235391095,1.59861052,-0.533018887,-0.717740536,-0.432369769,-0.411813855,-0.22941573,0.492174804,2.06474161,-1.52752519,-0.351561517,-0.151716515,2.06474161,-1.32255089,-0.422141254,0.810132504,-0.810132504,0.197385505,-0.197385505,1
-0.736746728,-0.413419515,-0.861424148,0.135312915,2.84818268,2.77979732,-0.411813855,-0.617812753,1.63909602,-0.255433619,-0.801692247,-0.204124153,-0.22941573,-1.06191313,-0.319262236,1.57424927,1.755458,-0.347056448,-0.112508789,-0.470504045,-0.625543237,-0.112508789,-0.12852402,-0.210680857,-0.086929135,-0.321633756,0.812250614,-0.32634443,-0.258198887,-0.232418686,-0.480384469,3.71682858,-0.444527596,-0.723746836,-0.454572886,-0.581199288,-0.217072383,-0.687965453,0.925282896,-0.323994398,0.321633756,-0.207424134,-0.235391095,-0.625543237,-0.533018887,1.39326108,-0.432369769,-0.411813855,-0.22941573,0.492174804,-0.484322101,-1.52752519,2.84445238,6.59123993,-0.484322101,-1.32255089,-0.422141254,-1.23436594,1.23436594,0.197385505,-0.197385505,1
-0.285467237,0.268158257,0.919297576,1.0526886,1.53489959,1.0356108,-0.411813855,-0.617812753,-0.610092342,-0.255433619,1.24736142,-0.204124153,-0.22941573,-1.06191313,-0.319262236,1.57424927,-0.569651902,-0.347056448,-0.112508789,-0.470504045,1.59861052,-0.112508789,-0.12852402,-0.210680857,-0.086929135,-0.321633756,-1.23114717,-0.32634443,-0.258198887,-0.232418686,2.08166599,-0.269046575,-0.444527596,-0.723746836,-0.454572886,1.7205801,-0.217072383,-0.687965453,0.925282896,-0.323994398,0.321633756,-0.207424134,-0.235391095,-0.625543237,1.87610602,-0.717740536,-0.432369769,-0.411813855,-0.22941573,0.492174804,-0.484322101,0.654653668,-0.351561517,-0.151716515,-0.484322101,0.756114542,-0.422141254,0.810132504,-0.810132504,0.197385505,-0.197385505,1
-0.358091086,0.268158257,0.919297576,1.0526886,1.4473474,1.0356108,-0.411813855,-0.617812753,-0.610092342,-0.255433619,1.24736142,-0.204124153,-0.22941573,-1.06191313,-0.319262236,1.57424927,-0.569651902,-0.347056448,-0.112508789,-0.470504045,1.59861052,-0.112508789,-0.12852402,-0.210680857,-0.086929135,-0.321633756,-1.23114717,3.06424713,-0.258198887,-0.232418686,-0.480384469,-0.269046575,-0.444527596,-0.723746836,-0.454572886,1.7205801,-0.217072383,-0.687965453,0.925282896,-0.323994398,0.321633756,-0.207424134,-0.235391095,-0.625543237,1.87610602,-0.717740536,-0.432369769,2.42828155,-0.22941573,-2.0317986,-0.484322101,0.654653668,-0.351561517,-0.151716515,-0.484322101,0.756114542,-0.422141254,0.810132504,-0.810132504,0.197385505,-0.197385505,1
-1.02832603,-1.26539171,0.919297576,1.0526886,0.221616521,-0.708575785,-0.411813855,-0.617812753,1.63909602,-0.255433619,-0.801692247,-0.204124153,-0.22941573,0.941696584,-0.319262236,-0.635223389,-0.569651902,-0.347056448,-0.112508789,-0.470504045,1.59861052,-0.112508789,-0.12852402,-0.210680857,-0.086929135,-0.321633756,-1.23114717,-0.32634443,-0.258198887,-0.232418686,2.08166599,-0.269046575,-0.444527596,-0.723746836,-0.454572886,1.7205801,-0.217072383,-0.687965453,0.925282896,-0.323994398,0.321633756,-0.207424134,-0.235391095,-0.625543237,1.87610602,-0.717740536,-0.432369769,-0.411813855,-0.22941573,0.492174804,-0.484322101,0.654653668,-0.351561517,-0.151716515,-0.484322101,0.756114542,-0.422141254,0.810132504,-0.810132504,0.197385505,-0.197385505,1
0.1390751,0.0125665907,-1.75178492,1.0526886,-0.82900995,-0.708575785,-0.411813855,1.61861348,-0.610092342,-0.255433619,-0.801692247,-0.204124153,-0.22941573,0.941696584,-0.319262236,-0.635223389,-0.569651902,-0.347056448,-0.112508789,2.12538028,-0.625543237,-0.112508789,-0.12852402,-0.210680857,-0.086929135,-0.321633756,0.812250614,-0.32634443,-0.258198887,-0.232418686,-0.480384469,-0.269046575,-0.444527596,-0.723746836,2.19986725,-0.581199288,-0.217072383,1.45356131,-1.08075047,-0.323994398,0.321633756,-0.207424134,-0.235391095,-0.625543237,-0.533018887,1.39326108,-0.432369769,-0.411813855,-0.22941573,0.492174804,2.06474161,-1.52752519,-0.351561517,-0.151716515,2.06474161,-1.32255089,-0.422141254,0.810132504,-0.810132504,0.197385505,-0.197385505,1
-0.170208514,0.608947158,0.919297576,-0.782062769,-0.566353321,1.0356108,-0.411813855,-0.617812753,-0.610092342,-0.255433619,1.24736142,-0.204124153,-0.22941573,-1.06191313,-0.319262236,1.57424927,-0.569651902,-0.347056448,-0.112508789,-0.470504045,1.59861052,-0.112508789,-0.12852402,-0.210680857,-0.086929135,-0.321633756,0.812250614,-0.32634443,-0.258198887,-0.232418686,-0.480384469,-0.269046575,-0.444527596,-0.723746836,-0.454572886,1.7205801,-0.217072383,-0.687965453,0.925282896,-0.323994398,0.321633756,-0.207424134,-0.235391095,-0.625543237,-0.533018887,1.39326108,-0.432369769,-0.411813855,-0.22941573,0.492174804,-0.484322101,0.654653668,-0.351561517,-0.151716515,-0.484322101,0.756114542,-0.422141254,0.810132504,-0.810132504,0.197385505,-0.197385505,1
1.45389187,2.31289172,0.028936727,0.135312915,-0.303696722,1.0356108,2.42828155,-0.617812753,-0.610092342,-0.255433619,1.24736142,-0.204124153,-0.22941573,-1.06191313,3.13222146,-0.635223389,-0.569651902,-0.347056448,-0.112508789,-0.470504045,1.59861052,-0.112508789,-0.12852402,-0.210680857,-0.086929135,-0.321633756,-1.23114717,-0.32634443,-0.258198887,-0.232418686,2.08166599,-0.269046575,-0.444527596,-0.723746836,-0.454572886,1.7205801,-0.217072383,-0.687965453,0.925282896,-0.323994398,0.321633756,-0.207424134,-0.235391095,-0.625543237,-0.533018887,1.39326108,-0.432369769,2.42828155,-0.22941573,-2.0317986,-0.484322101,0.654653668,-0.351561517,-0.151716515,-0.484322101,0.756114542,-0.422141254,0.810132504,-0.810132504,0.197385505,-0.197385505,1
1.172068,-0.243025079,-0.861424148,1.0526886,0.309168726,1.0356108,2.42828155,-0.617812753,-0.610092342,-0.255433619,1.24736142,-0.204124153,4.35889912,-1.06191313,-0.319262236,-0.635223389,1.755458,-0.347056448,-0.112508789,-0.470504045,-0.625543237,-0.112508789,-0.12852402,-0.210680857,-0.086929135,-0.321633756,0.812250614,-0.32634443,-0.258198887,-0.232418686,-0.480384469,-0.269046575,-0.444527596,-0.723746836,-0.454572886,1.7205801,-0.217072383,-0.687965453,0.925282896,-0.323994398,0.321633756,-0.207424134,-0.235391095,-0.625543237,-0.533018887,-0.717740536,2.31283522,2.42828155,-0.22941573,-2.0317986,-0.484322101,0.654653668,-0.351561517,-0.151716515,-0.484322101,-1.32255089,2.36887527,-1.23436594,1.23436594,0.197385505,-0.197385505,0
0.00755730551,0.268158257,0.028936727,-0.782062769,-0.82900995,-0.708575785,-0.411813855,-0.617812753,-0.610092342,-0.255433619,1.24736142,-0.204124153,-0.22941573,0.941696584,-0.319262236,-0.635223389,-0.569651902,-0.347056448,-0.112508789,-0.470504045,1.59861052,-0.112508789,-0.12852402,-0.210680857,-0.086929135,-0.321633756,-1.23114717,-0.32634443,3.87298346,-0.232418686,-0.480384469,-0.269046575,-0.444527596,-0.723746836,-0.454572886,1.7205801,4.60675812,-0.687965453,-1.08075047,-0.323994398,0.321633756,-0.207424134,-0.235391095,-0.625543237,-0.533018887,1.39326108,-0.432369769,-0.411813855,-0.22941573,0.492174804,-0.484322101,0.654653668,-0.351561517,-0.151716515,-0.484322101,-1.32255089,2.36887527,-1.23436594,1.23436594,0.197385505,-0.197385505,1
-0.509481072,-0.754208446,0.028936727,1.0526886,0.746929765,-0.708575785,-0.411813855,-0.617812753,1.63909602,-0.255433619,-0.801692247,-0.204124153,-0.22941573,-1.06191313,-0.319262236,1.57424927,-0.569651902,2.88137555,-0.112508789,-0.470504045,-0.625543237,-0.112508789,-0.12852402,-0.210680857,-0.086929135,-0.321633756,-1.23114717,3.06424713,-0.258198887,-0.232418686,-0.480384469,-0.269046575,2.24957919,-0.723746836,-0.454572886,-0.581199288,-0.217072383,-0.687965453,0.925282896,-0.323994398,0.321633756,-0.207424134,-0.235391095,-0.625543237,1.87610602,-0.717740536,-0.432369769,-0.411813855,-0.22941573,0.492174804,-0.484322101,0.654653668,-0.351561517,-0.151716515,-0.484322101,0.756114542,-0.422141254,0.810132504,-0.810132504,0.197385505,-0.197385505,1
-0.721932948,-0.243025079,0.919297576,0.135312915,-1.09166658,-0.708575785,-0.411813855,1.61861348,-0.610092342,-0.255433619,-0.801692247,-0.204124153,-0.22941573,0.941696584,-0.319262236,-0.635223389,1.755458,-0.347056448,-0.112508789,-0.470504045,-0.625543237,-0.112508789,-0.12852402,-0.210680857,-0.086929135,-0.321633756,0.812250614,-0.32634443,-0.258198887,-0.232418686,-0.480384469,-0.269046575,2.24957919,-0.723746836,-0.454572886,-0.581199288,-0.217072383,1.45356131,-1.08075047,-0.323994398,0.321633756,-0.207424134,-0.235391095,-0.625543237,-0.533018887,1.39326108,-0.432369769,-0.411813855,-0.22941573,0.492174804,2.06474161,-1.52752519,-0.351561517,-0.151716515,-0.484322101,0.756114542,-0.422141254,-1.23436594,1.23436594,0.197385505,-0.197385505,0
-0.29630664,1.29052496,0.919297576,1.0526886,-0.9165622,-0.708575785,-0.411813855,-0.617812753,-0.610092342,-0.255433619,1.24736142,-0.204124153,-0.22941573,0.941696584,-0.319262236,-0.635223389,-0.569651902,-0.347056448,-0.112508789,-0.470504045,1.59861052,-0.112508789,-0.12852402,-0.210680857,-0.086929135,-0.321633756,-1.23114717,-0.32634443,-0.258198887,-0.232418686,2.08166599,-0.269046575,-0.444527596,1.38169861,-0.454572886,-0.581199288,-0.217072383,1.45356131,-1.08075047,-0.323994398,0.321633756,-0.207424134,-0.235391095,-0.625543237,-0.533018887,1.39326108,-0.432369769,-0.411813855,-0.22941573,0.492174804,-0.484322101,0.654653668,-0.351561517,-0.151716515,-0.484322101,0.756114542,-0.422141254,0.810132504,-0.810132504,0.197385505,-0.197385505,1
-0.212843403,-0.413419515,-0.861424148,1.0526886,0.659377575,-0.708575785,-0.411813855,1.61861348,-0.610092342,-0.255433619,-0.801692247,-0.204124153,-0.22941573,-1.06191313,-0.319262236,1.57424927,1.755458,-0.347056448,-0.112508789,-0.470504045,-0.625543237,-0.112508789,-0.12852402,-0.210680857,-0.086929135,-0.321633756,0.812250614,-0.32634443,-0.258198887,-0.232418686,-0.480384469,-0.269046575,-0.444527596,-0.723746836,-0.454572886,1.7205801,-0.217072383,-0.687965453,0.925282896,-0.323994398,-3.10912633,-0.207424134,4.24824905,-0.625543237,1.87610602,-0.717740536,-0.432369769,2.42828155,-0.22941573,-2.0317986,2.06474161,-1.52752519,-0.351561517,-0.151716515,-0.484322101,0.756114542,-0.422141254,-1.23436594,1.23436594,0.197385505,-0.197385505,0
0.699470997,0.268158257,0.919297576,1.0526886,-0.216144517,-0.708575785,-0.411813855,-0.617812753,-0.610092342,-0.255433619,1.24736142,-0.204124153,-0.22941573,-1.06191313,-0.319262236,1.57424927,-0.569651902,-0.347056448,-0.112508789,2.12538028,-0.625543237,-0.112508789,-0.12852402,-0.210680857,-0.086929135,-0.321633756,0.812250614,-0.32634443,-0.258198887,-0.232418686,-0.480384469,-0.269046575,-0.444527596,-0.723746836,-0.454572886,1.7205801,-0.217072383,-0.687965453,0.925282896,-0.323994398,0.321633756,-0.207424134,-0.235391095,-0.625543237,-0.533018887,1.39326108,-0.432369769,-0.411813855,-0.22941573,0.492174804,-0.484322101,0.654653668,-0.351561517,-0.151716515,-0.484322101,0.756114542,-0.422141254,-1.23436594,1.23436594,0.197385505,-0.197385505,1
-0.512732923,-0.243025079,0.028936727,1.0526886,1.09713864,1.0356108,-0.411813855,-0.617812753,1.63909602,-0.255433619,-0.801692247,-0.204124153,-0.22941573,-1.06191313,-0.319262236,1.57424927,-0.569651902,-0.347056448,-0.112508789,-0.470504045,1.59861052,-0.112508789,-0.12852402,-0.210680857,-0.086929135,-0.321633756,0.812250614,-0.32634443,-0.258198887,-0.232418686,-0.480384469,-0.269046575,-0.444527596,-0.723746836,-0.454572886,1.7205801,-0.217072383,1.45356131,-1.08075047,-0.323994398,-3.10912633,-0.207424134,4.24824905,1.59861052,-0.533018887,-0.717740536,-0.432369769,2.42828155,-0.22941573,-2.0317986,2.06474161,-1.52752519,-0.351561517,-0.151716515,2.06474161,-1.32255089,-0.422141254,-1.23436594,1.23436594,0.197385505,-0.197385505,1
0.23446165,0.268158257,-1.75178492,-0.782062769,-0.303696722,-0.708575785,-0.411813855,-0.617812753,-0.610092342,-0.255433619,1.24736142,-0.204124153,-0.22941573,-1.06191313,3.13222146,-0.635223389,-0.569651902,-0.347056448,-0.112508789,-0.470504045,-0.625543237,-0.112508789,-0.12852402,-0.210680857,-0.086929135,3.10912633,0.812250614,-0.32634443,-0.258198887,-0.232418686,-0.480384469,-0.269046575,-0.444527596,1.38169861,-0.454572886,-0.581199288,-0.217072383,-0.687965453,0.925282896,-0.323994398,0.321633756,-0.207424134,-0.235391095,-0.625543237,-0.533018887,-0.717740536,2.31283522,-0.411813855,-0.22941573,0.492174804,-0.484322101,-1.52752519,2.84445238,-0.151716515,-0.484322101,0.756114542,-0.422141254,0.810132504,-0.810132504,0.197385505,-0.197385505,1
-0.492499381,0.268158257,0.919297576,-0.782062769,-0.216144517,1.0356108,-0.411813855,-0.617812753,-0.610092342,-0.255433619,1.24736142,-0.204124153,-0.22941573,-1.06191313,-0.319262236,1.57424927,-0.569651902,-0.347056448,-0.112508789,-0.470504045,1.59861052,-0.112508789,-0.12852402,-0.210680857,-0.086929135,-0.321633756,0.812250614,-0.32634443,-0.258198887,-0.232418686,-0.480384469,-0.269046575,-0.444527596,-0.723746836,2.19986725,-0.581199288,-0.217072383,-0.687965453,-1.08075047,3.08647299,-3.10912633,-0.207424134,4.24824905,-0.625543237,-0.533018887,1.39326108,-0.432369769,-0.411813855,-0.22941573,0.492174804,-0.484322101,0.654653668,-0.351561517,-0.151716515,-0.484322101,0.756114542,-0.422141254,-1.23436594,1.23436594,0.197385505,-0.197385505,1
-0.611732543,-0.924602866,0.919297576,-0.782062769,-0.391248912,-0.708575785,-0.411813855,-0.617812753,1.63909602,-0.255433619,-0.801692247,-0.204124153,-0.22941573,0.941696584,-0.319262236,-0.635223389,-0.569651902,-0.347056448,-0.112508789,2.12538028,-0.625543237,-0.112508789,-0.12852402,-0.210680857,-0.086929135,-0.321633756,0.812250614,-0.32634443,-0.258198887,-0.232418686,-0.480384469,-0.269046575,-0.444527596,1.38169861,-0.454572886,-0.581199288,4.60675812,-0.687965453,-1.08075047,-0.323994398,0.321633756,-0.207424134,-0.235391095,-0.625543237,-0.533018887,1.39326108,-0.432369769,-0.411813855,-0.22941573,0.492174804,-0.484322101,0.654653668,-0.351561517,-0.151716515,2.06474161,-1.32255089,-0.422141254,0.810132504,-0.810132504,0.197385505,-0.197385505,1
1.12618124,2.31289172,0.919297576,1.0526886,0.922034204,1.0356108,-0.411813855,1.61861348,-0.610092342,-0.255433619,-0.801692247,-0.204124153,-0.22941573,-1.06191313,-0.319262236,1.57424927,-0.569651902,2.88137555,-0.112508789,-0.470504045,-0.625543237,-0.112508789,-0.12852402,-0.210680857,-0.086929135,-0.321633756,0.812250614,-0.32634443,-0.258198887,-0.232418686,-0.480384469,-0.269046575,-0.444527596,-0.723746836,-0.454572886,1.7205801,-0.217072383,-0.687965453,0.925282896,-0.323994398,0.321633756,-0.207424134,-0.235391095,-0.625543237,-0.533018887,-0.717740536,2.31283522,-0.411813855,-0.22941573,0.492174804,-0.484322101,-1.52752519,2.84445238,-0.151716515,-0.484322101,0.756114542,-0.422141254,-1.23436594,1.23436594,0.197385505,-0.197385505,0
-0.84550184,-0.498616755,0.919297576,-1.69943845,-1.00411439,-0.708575785,-0.411813855,-0.617812753,-0.610092342,-0.255433619,1.24736142,-0.204124153,-0.22941573,0.941696584,-0.319262236,-0.635223389,-0.569651902,-0.347056448,-0.112508789,-0.470504045,-0.625543237,8.88819408,-0.12852402,-0.210680857,-0.086929135,-0.321633756,-1.23114717,-0.32634443,-0.258198887,-0.232418686,2.08166599,-0.269046575,2.24957919,-0.723746836,-0.454572886,-0.581199288,-0.217072383,1.45356131,-1.08075047,-0.323994398,0.321633756,-0.207424134,-0.235391095,1.59861052,-0.533018887,-0.717740536,-0.432369769,-0.411813855,-0.22941573,0.492174804,-0.484322101,0.654653668,-0.351561517,-0.151716515,-0.484322101,0.756114542,-0.422141254,0.810132504,-0.810132504,0.197385505,-0.197385505,1
-0.446974009,1.29052496,0.919297576,1.0526886,0.396720946,-0.708575785,-0.411813855,1.61861348,-0.610092342,-0.255433619,-0.801692247,-0.204124153,-0.22941573,0.941696584,-0.319262236,-0.635223389,-0.569651902,-0.347056448,-0.112508789,-0.470504045,-0.625543237,-0.112508789,-0.12852402,4.74651575,-0.086929135,-0.321633756,-1.23114717,-0.32634443,-0.258198887,-0.232418686,2.08166599,-0.269046575,-0.444527596,-0.723746836,-0.454572886,1.7205801,-0.217072383,-0.687965453,0.925282896,-0.323994398,0.321633756,-0.207424134,-0.235391095,-0.625543237,-0.533018887,-0.717740536,2.31283522,-0.411813855,-0.22941573,0.492174804,-0.484322101,0.654653668,-0.351561517,-0.151716515,-0.484322101,-1.32255089,2.36887527,-1.23436594,1.23436594,0.197385505,-0.197385505,0
-0.0697636008,0.268158257,-0.861424148,-0.782062769,-1.00411439,-0.708575785,-0.411813855,1.61861348,-0.610092342,-0.255433619,-0.801692247,-0.204124153,-0.22941573,0.941696584,-0.319262236,-0.635223389,-0.569651902,-0.347056448,-0.112508789,2.12538028,-0.625543237,-0.112508789,-0.12852402,-0.210680857,-0.086929135,-0.321633756,0.812250614,-0.32634443,-0.258198887,-0.232418686,-0.480384469,-0.269046575,-0.444527596,1.38169861,-0.454572886,-0.581199288,4.60675812,-0.687965453,-1.08075047,-0.323994398,0.321633756,-0.207424134,-0.235391095,1.59861052,-0.533018887,-0.717740536,-0.432369769,-0.411813855,-0.22941573,0.492174804,2.06474161,-1.52752519,-0.351561517,-0.151716515,2.06474161,-1.32255089,-0.422141254,0.810132504,-0.810132504,0.197385505,-0.197385505,1
1.71692741,0.438552707,-0.861424148,0.135312915,-0.478801131,1.0356108,-0.411813855,-0.617812753,1.63909602,-0.255433619,-0.801692247,-0.204124153,-0.22941573,0.941696584,-0.319262236,-0.635223389,-0.569651902,2.88137555,-0.112508789,-0.470504045,-0.625543237,-0.112508789,-0.12852402,-0.210680857,-0.086929135,-0.321633756,0.812250614,-0.32634443,-0.258198887,-0.232418686,-0.480384469,-0.269046575,2.24957919,-0.723746836,-0.454572886,-0.581199288,-0.217072383,-0.687965453,0.925282896,-0.323994398,0.321633756,-0.207424134,-0.235391095,-0.625543237,-0.533018887,1.39326108,-0.432369769,-0.411813855,-0.22941573,0.492174804,-0.484322101,0.654653668,-0.351561517,-0.151716515,-0.484322101,0.756114542,-0.422141254,0.810132504,-0.810132504,0.197385505,-0.197385505,1
-0.871516347,-0.498616755,0.919297576,0.135312915,0.134064317,-0.708575785,2.42828155,-0.617812753,1.63909602,-0.255433619,-0.801692247,-0.204124153,-0.22941573,0.941696584,-0.319262236,-0.635223389,-0.569651902,-0.347056448,-0.112508789,-0.470504045,1.59861052,-0.112508789,-0.12852402,-0.210680857,-0.086929135,-0.321633756,0.812250614,-0.32634443,-0.258198887,-0.232418686,-0.480384469,-0.269046575,-0.444527596,-0.723746836,-0.454572886,1.7205801,-0.217072383,-0.687965453,0.925282896,-0.323994398,0.321633756,-0.207424134,-0.235391095,-0.625543237,-0.533018887,1.39326108,-0.432369769,-0.411813855,-0.22941573,0.492174804,-0.484322101,0.654653668,-0.351561517,-0.151716515,-0.484322101,0.756114542,-0.422141254,0.810132504,-0.810132504,0.197385505,-0.197385505,0
-0.500448287,-0.498616755,0.919297576,1.0526886,0.922034204,1.0356108,-0.411813855,-0.617812753,-0.610092342,-0.255433619,1.24736142,-0.204124153,-0.22941573,-1.06191313,-0.319262236,1.57424927,-0.569651902,-0.347056448,-0.112508789,-0.470504045,1.59861052,-0.112508789,-0.12852402,-0.210680857,-0.086929135,-0.321633756,0.812250614,-0.32634443,-0.258198887,-0.232418686,-0.480384469,-0.269046575,-0.444527596,-0.723746836,-0.454572886,1.7205801,-0.217072383,-0.687965453,0.925282896,-0.323994398,0.321633756,-0.207424134,-0.235391095,-0.625543237,-0.533018887,1.39326108,-0.432369769,-0.411813855,-0.22941573,0.492174804,-0.484322101,0.654653668,-0.351561517,-0.151716515,-0.484322101,0.756114542,-0.422141254,-1.23436594,1.23436594,0.197385505,-0.197385505,1
-0.637747049,-1.26539171,-1.75178492,-0.782062769,-0.391248912,1.0356108,2.42828155,-0.617812753,1.63909602,-0.255433619,-0.801692247,-0.204124153,-0.22941573,-1.06191313,3.13222146,-0.635223389,-0.569651902,-0.347056448,-0.112508789,-0.470504045,-0.625543237,-0.112508789,-0.12852402,-0.210680857,-0.086929135,3.10912633,-1.23114717,3.06424713,-0.258198887,-0.232418686,-0.480384469,-0.269046575,-0.444527596,-0.723746836,-0.454572886,1.7205801,4.60675812,-0.687965453,-1.08075047,-0.323994398,0.321633756,-0.207424134,-0.235391095,-0.625543237,-0.533018887,1.39326108,-0.432369769,2.42828155,-0.22941573,-2.0317986,-0.484322101,0.654653668,-0.351561517,-0.151716515,-0.484322101,0.756114542,-0.422141254,0.810132504,-0.810132504,0.197385505,-0.197385505,1
-0.625101149,-0.754208446,-0.861424148,-1.69943845,-0.9165622,-0.708575785,-0.411813855,-0.617812753,1.63909602,-0.255433619,-0.801692247,-0.204124153,-0.22941573,0.941696584,-0.319262236,-0.635223389,-0.569651902,-0.347056448,-0.112508789,-0.470504045,1.59861052,-0.112508789,-0.12852402,-0.210680857,-0.086929135,-0.321633756,-1.23114717,-0.32634443,-0.258198887,-0.232418686,2.08166599,-0.269046575,-0.444527596,1.38169861,-0.454572886,-0.581199288,-0.217072383,-0.687965453,-1.08075047,3.08647299,0.321633756,-0.207424134,-0.235391095,1.59861052,-0.533018887,-0.717740536,-0.432369769,-0.411813855,-0.22941573,0.492174804,-0.484322101,0.654653668,-0.351561517,-0.151716515,-0.484322101,0.756114542,-0.422141254,-1.23436594,1.23436594,0.197385505,-0.197385505,0
1.86867869,0.779341578,-0.861424148,-0.782062769,1.18469083,-0.708575785,-0.411813855,-0.617812753,1.63909602,-0.255433619,-0.801692247,-0.204124153,-0.22941573,-1.06191313,-0.319262236,1.57424927,-0.569651902,-0.347056448,-0.112508789,2.12538028,-0.625543237,-0.112508789,-0.12852402,-0.210680857,-0.086929135,-0.321633756,0.812250614,-0.32634443,-0.258198887,-0.232418686,-0.480384469,-0.269046575,-0.444527596,-0.723746836,2.19986725,-0.581199288,-0.217072383,-0.687965453,0.925282896,-0.323994398,0.321633756,-0.207424134,-0.235391095,-0.625543237,1.87610602,-0.717740536,-0.432369769,-0.411813855,-0.22941573,0.492174804,-0.484322101,0.654653668,-0.351561517,-0.151716515,-0.484322101,0.756114542,-0.422141254,0.810132504,-0.810132504,0.197385505,-0.197385505,0
-0.639553666,-0.498616755,0.919297576,-1.69943845,-1.09166658,-0.708575785,-0.411813855,-0.617812753,1.63909602,-0.255433619,-0.801692247,-0.204124153,-0.22941573,0.941696584,-0.319262236,-0.635223389,-0.569651902,-0.347056448,-0.112508789,-0.470504045,1.59861052,-0.112508789,-0.12852402,-0.210680857,-0.086929135,-0.321633756,-1.23114717,-0.32634443,-0.258198887,-0.232418686,2.08166599,-0.269046575,2.24957919,-0.723746836,-0.454572886,-0.581199288,-0.217072383,-0.687965453,0.925282896,-0.323994398,0.321633756,-0.207424134,-0.235391095,-0.625543237,1.87610602,-0.717740536,-0.432369769,-0.411813855,-0.22941573,0.492174804,-0.484322101,0.654653668,-0.351561517,-0.151716515,-0.484322101,0.756114542,-0.422141254,0.810132504,-0.810132504,0.197385505,-0.197385505,1
-0.669903874,-0.498616755,0.919297576,-0.782062769,-0.391248912,1.0356108,-0.411813855,-0.617812753,-0.610092342,-0.255433619,1.24736142,-0.204124153,-0.22941573,-1.06191313,-0.319262236,1.57424927,-0.569651902,-0.347056448,-0.112508789,-0.470504045,1.59861052,-0.112508789,-0.12852402,-0.210680857,-0.086929135,-0.321633756,0.812250614,-0.32634443,-0.258198887,-0.232418686,-0.480384469,-0.269046575,-0.444527596,1.38169861,-0.454572886,-0.581199288,-0.217072383,-0.687965453,0.925282896,-0.323994398,0.321633756,-0.207424134,-0.235391095,-0.625543237,1.87610602,-0.717740536,-0.432369769,-0.411813855,-0.22941573,0.492174804,-0.484322101,0.654653668,-0.351561517,-0.151716515,-0.484322101,0.756114542,-0.422141254,0.810132504,-0.810132504,0.197385505,-0.197385505,1
0.568675816,2.31289172,0.919297576,0.135312915,-0.82900995,-0.708575785,2.42828155,1.61861348,-0.610092342,-0.255433619,-0.801692247,-0.204124153,-0.22941573,0.941696584,-0.319262236,-0.635223389,-0.569651902,2.88137555,-0.112508789,-0.470504045,-0.625543237,-0.112508789,-0.12852402,-0.210680857,-0.086929135,-0.321633756,0.812250614,-0.32634443,-0.258198887,-0.232418686,-0.480384469,-0.269046575,-0.444527596,-0.723746836,2.19986725,-0.581199288,-0.217072383,-0.687965453,0.925282896,-0.323994398,0.321633756,-0.207424134,-0.235391095,-0.625543237,1.87610602,-0.717740536,-0.432369769,-0.411813855,-0.22941573,0.492174804,-0.484322101,0.654653668,-0.351561517,-0.151716515,-0.484322101,0.756114542,-0.422141254,0.810132504,-0.810132504,0.197385505,-0.197385505,1
-0.659787118,-1.00980008,0.919297576,-0.782062769,-0.82900995,-0.708575785,-0.411813855,-0.617812753,-0.610092342,-0.255433619,1.24736142,-0.204124153,-0.22941573,0.941696584,-0.319262236,-0.635223389,-0.569651902,-0.347056448,-0.112508789,2.12538028,-0.625543237,-0.112508789,-0.12852402,-0.210680857,-0.086929135,-0.321633756,0.812250614,-0.32634443,-0.258198887,-0.232418686,-0.480384469,-0.269046575,-0.444527596,1.38169861,-0.454572886,-0.581199288,-0.217072383,1.45356131,-1.08075047,-0.323994398,0.321633756,-0.207424134,-0.235391095,1.59861052,-0.533018887,-0.717740536,-0.432369769,-0.411813855,-0.22941573,0.492174804,2.06474161,-1.52752519,-0.351561517,-0.151716515,-0.484322101,0.756114542,-0.422141254,0.810132504,-0.810132504,0.197385505,-0.197385505,1
0.339242309,-0.243025079,-0.861424148,0.135312915,0.571825325,-0.708575785,-0.411813855,1.61861348,-0.610092342,-0.255433619,-0.801692247,-0.204124153,-0.22941573,0.941696584,-0.319262236,-0.635223389,-0.569651902,-0.347056448,-0.112508789,2.12538028,-0.625543237,-0.112508789,-0.12852402,-0.210680857,-0.086929135,-0.321633756,0.812250614,-0.32634443,-0.258198887,-0.232418686,-0.480384469,-0.269046575,-0.444527596,1.38169861,-0.454572886,-0.581199288,-0.217072383,-0.687965453,0.925282896,-0.323994398,-3.10912633,4.82103968,-0.235391095,-0.625543237,-0.533018887,1.39326108,-0.432369769,-0.411813855,-0.22941573,0.492174804,-0.484322101,0.654653668,-0.351561517,-0.151716515,-0.484322101,0.756114542,-0.422141254,0.810132504,-0.810132504,0.197385505,-0.197385505,0
0.498581201,-0.243025079,0.028936727,-0.782062769,-0.303696722,-0.708575785,-0.411813855,-0.617812753,-0.610092342,-0.255433619,1.24736142,-0.204124153,-0.22941573,0.941696584,-0.319262236,-0.635223389,-0.569651902,-0.347056448,-0.112508789,-0.470504045,1.59861052,-0.112508789,-0.12852402,-0.210680857,-0.086929135,-0.321633756,0.812250614,-0.32634443,-0.258198887,-0.232418686,-0.480384469,-0.269046575,2.24957919,-0.723746836,-0.454572886,-0.581199288,-0.217072383,-0.687965453,0.925282896,-0.323994398,0.321633756,-0.207424134,-0.235391095,-0.625543237,-0.533018887,1.39326108,-0.432369769,-0.411813855,-0.22941573,0.492174804,-0.484322101,0.654653668,-0.351561517,-0.151716515,-0.484322101,0.756114542,-0.422141254,-1.23436594,1.23436594,0.197385505,-0.197385505,1
0.949499369,1.29052496,-0.861424148,-0.782062769,-0.0410400964,1.0356108,2.42828155,-0.617812753,-0.610092342,-0.255433619,1.24736142,-0.204124153,-0.22941573,-1.06191313,-0.319262236,1.57424927,-0.569651902,2.88137555,-0.112508789,-0.470504045,-0.625543237,-0.112508789,-0.12852402,-0.210680857,-0.086929135,-0.321633756,0.812250614,-0.32634443,-0.258198887,-0.232418686,-0.480384469,-0.269046575,-0.444527596,-0.723746836,-0.454572886,1.7205801,-0.217072383,-0.687965453,0.925282896,-0.323994398,0.321633756,-0.207424134,-0.235391095,-0.625543237,1.87610602,-0.717740536,-0.432369769,-0.411813855,-0.22941573,0.492174804,-0.484322101,0.654653668,-0.351561517,-0.151716515,-0.484322101,0.756114542,-0.422141254,-1.23436594,1.23436594,0.197385505,-0.197385505,1
-0.605951548,-0.498616755,0.919297576,1.0526886,1.27224302,1.0356108,-0.411813855,-0.617812753,1.63909602,-0.255433619,-0.801692247,-0.204124153,-0.22941573,-1.06191313,-0.319262236,1.57424927,-0.569651902,-0.347056448,-0.112508789,-0.470504045,1.59861052,-0.112508789,-0.12852402,-0.210680857,-0.086929135,-0.321633756,-1.23114717,-0.32634443,-0.258198887,-0.232418686,2.08166599,-0.269046575,-0.444527596,-0.723746836,-0.454572886,1.7205801,-0.217072383,-0.687965453,0.925282896,-0.323994398,-3.10912633,-0.207424134,4.24824905,1.59861052,-0.533018887,-0.717740536,-0.432369769,-0.411813855,-0.22941573,0.492174804,-0.484322101,0.654653668,-0.351561517,-0.151716515,-0.484322101,0.756114542,-0.422141254,-1.23436594,1.23436594,0.197385505,-0.197385505,1
0.196523815,0.268158257,-1.75178492,1.0526886,-1.09166658,-0.708575785,-0.411813855,-0.617812753,1.63909602,-0.255433619,-0.801692247,-0.204124153,-0.22941573,0.941696584,-0.319262236,-0.635223389,-0.569651902,-0.347056448,-0.112508789,-0.470504045,1.59861052,-0.112508789,-0.12852402,-0.210680857,-0.086929135,-0.321633756,-1.23114717,-0.32634443,3.87298346,-0.232418686,-0.480384469,3.71682858,-0.444527596,-0.723746836,-0.454572886,-0.581199288,-0.217072383,1.45356131,-1.08075047,-0.323994398,0.321633756,-0.207424134,-0.235391095,-0.625543237,-0.533018887,-0.717740536,2.31283522,-0.411813855,-0.22941573,0.492174804,2.06474161,-1.52752519,-0.351561517,6.59123993,-0.484322101,-1.32255089,-0.422141254,0.810132504,-0.810132504,0.197385505,-0.197385505,1
-0.750837922,-1.00980008,0.919297576,0.135312915,-0.303696722,1.0356108,2.42828155,-0.617812753,1.63909602,-0.255433619,-0.801692247,-0.204124153,-0.22941573,-1.06191313,-0.319262236,1.57424927,-0.569651902,-0.347056448,-0.112508789,-0.470504045,-0.625543237,-0.112508789,-0.12852402,4.74651575,-0.086929135,-0.321633756,-1.23114717,-0.32634443,-0.258198887,4.30257988,-0.480384469,-0.269046575,-0.444527596,-0.723746836,-0.454572886,1.7205801,-0.217072383,-0.687965453,0.925282896,-0.323994398,0.321633756,-0.207424134,-0.235391095,-0.625543237,-0.533018887,-0.717740536,2.31283522,-0.411813855,-0.22941573,0.492174804,-0.484322101,-1.52752519,2.84445238,-0.151716515,-0.484322101,0.756114542,-0.422141254,0.810132504,-0.810132504,0.197385505,-0.197385505,0
-0.443360865,0.268158257,-0.861424148,1.0526886,-1.26677096,-0.708575785,2.42828155,1.61861348,-0.610092342,-0.255433619,-0.801692247,-0.204124153,-0.22941573,0.941696584,-0.319262236,-0.635223389,-0.569651902,-0.347056448,-0.112508789,-0.470504045,1.59861052,-0.112508789,-0.12852402,-0.210680857,-0.086929135,-0.321633756,0.812250614,-0.32634443,-0.258198887,-0.232418686,-0.480384469,-0.269046575,-0.444527596,1.38169861,-0.454572886,-0.581199288,-0.217072383,-0.687965453,0.925282896,-0.323994398,0.321633756,-0.207424134,-0.235391095,1.59861052,-0.533018887,-0.717740536,-0.432369769,-0.411813855,-0.22941573,0.492174804,2.06474161,-1.52752519,-0.351561517,-0.151716515,2.06474161,-1.32255089,-0.422141254,0.810132504,-0.810132504,0.197385505,-0.197385505,0
-0.0495300926,0.779341578,0.028936727,-0.782062769,0.396720946,1.0356108,2.42828155,-0.617812753,-0.610092342,-0.255433619,1.24736142,-0.204124153,-0.22941573,-1.06191313,-0.319262236,1.57424927,-0.569651902,-0.347056448,-0.112508789,-0.470504045,1.59861052,-0.112508789,-0.12852402,-0.210680857,-0.086929135,-0.321633756,-1.23114717,-0.32634443,-0.258198887,-0.232418686,2.08166599,-0.269046575,-0.444527596,-0.723746836,-0.454572886,1.7205801,-0.217072383,-0.687965453,0.925282896,-0.323994398,0.321633756,-0.207424134,-0.235391095,-0.625543237,-0.533018887,1.39326108,-0.432369769,-0.411813855,-0.22941573,0.492174804,-0.484322101,0.654653668,-0.351561517,-0.151716515,-0.484322101,0.756114542,-0.422141254,-1.23436594,1.23436594,0.197385505,-0.197385505,1
-0.890304625,-0.243025079,0.919297576,-1.69943845,-0.74145776,-0.708575785,-0.411813855,1.61861348,-0.610092342,-0.255433619,-0.801692247,-0.204124153,-0.22941573,0.941696584,-0.319262236,-0.635223389,-0.569651902,-0.347056448,-0.112508789,-0.470504045,-0.625543237,-0.112508789,-0.12852402,4.74651575,-0.086929135,-0.321633756,0.812250614,-0.32634443,-0.258198887,-0.232418686,-0.480384469,3.71682858,-0.444527596,-0.723746836,-0.454572886,-0.581199288,-0.217072383,1.45356131,-1.08075047,-0.323994398,0.321633756,-0.207424134,-0.235391095,1.59861052,-0.533018887,-0.717740536,-0.432369769,-0.411813855,-0.22941573,0.492174804,-0.484322101,0.654653668,-0.351561517,6.59123993,-0.484322101,-1.32255089,-0.422141254,0.810132504,-0.810132504,0.197385505,-0.197385505,0
1.53843892,-0.754208446,-1.75178492,-0.782062769,-1.00411439,-0.708575785,-0.411813855,-0.617812753,1.63909602,-0.255433619,-0.801692247,-0.204124153,-0.22941573,0.941696584,-0.319262236,-0.635223389,1.755458,-0.347056448,-0.112508789,-0.470504045,-0.625543237,-0.112508789,-0.12852402,-0.210680857,-0.086929135,-0.321633756,-1.23114717,-0.32634443,-0.258198887,-0.232418686,2.08166599,3.71682858,-0.444527596,-0.723746836,-0.454572886,-0.581199288,-0.217072383,1.45356131,-1.08075047,-0.323994398,0.321633756,-0.207424134,-0.235391095,1.59861052,-0.533018887,-0.717740536,-0.432369769,-0.411813855,-0.22941573,0.492174804,2.06474161,-1.52752519,-0.351561517,6.59123993,-0.484322101,-1.32255089,-0.422141254,0.810132504,-0.810132504,0.197385505,-0.197385505,1
0.421260267,-0.243025079,0.028936727,1.0526886,-0.0410400964,-0.708575785,2.42828155,1.61861348,-0.610092342,-0.255433619,-0.801692247,-0.204124153,-0.22941573,0.941696584,-0.319262236,-0.635223389,1.755458,-0.347056448,-0.112508789,-0.470504045,-0.625543237,-0.112508789,-0.12852402,-0.210680857,-0.086929135,-0.321633756,-1.23114717,3.06424713,-0.258198887,-0.232418686,-0.480384469,-0.269046575,-0.444527596,1.38169861,-0.454572886,-0.581199288,-0.217072383,-0.687965453,0.925282896,-0.323994398,0.321633756,-0.207424134,-0.235391095,-0.625543237,-0.533018887,1.39326108,-0.432369769,-0.411813855,-0.22941573,0.492174804,-0.484322101,0.654653668,-0.351561517,-0.151716515,2.06474161,-1.32255089,-0.422141254,-1.23436594,1.23436594,0.197385505,-0.197385505,1
-0.775407195,-1.26539171,0.919297576,1.0526886,-0.653905571,-0.708575785,2.42828155,-0.617812753,1.63909602,-0.255433619,-0.801692247,-0.204124153,-0.22941573,0.941696584,-0.319262236,-0.635223389,-0.569651902,-0.347056448,-0.112508789,-0.470504045,1.59861052,-0.112508789,-0.12852402,-0.210680857,-0.086929135,-0.321633756,0.812250614,-0.32634443,-0.258198887,-0.232418686,-0.480384469,-0.269046575,-0.444527596,-0.723746836,-0.454572886,1.7205801,-0.217072383,-0.687965453,0.925282896,-0.323994398,0.321633756,-0.207424134,-0.235391095,-0.625543237,-0.533018887,1.39326108,-0.432369769,-0.411813855,-0.22941573,0.492174804,-0.484322101,0.654653668,-0.351561517,-0.151716515,-0.484322101,0.756114542,-0.422141254,0.810132504,-0.810132504,0.197385505,-0.197385505,1
2.55914712,2.31289172,0.919297576,1.0526886,0.309168726,2.77979732,2.42828155,1.61861348,-0.610092342,-0.255433619,-0.801692247,-0.204124153,-0.22941573,0.941696584,-0.319262236,-0.635223389,-0.569651902,2.88137555,-0.112508789,-0.470504045,-0.625543237,-0.112508789,-0.12852402,-0.210680857,-0.086929135,-0.321633756,0.812250614,-0.32634443,-0.258198887,-0.232418686,-0.480384469,-0.269046575,-0.444527596,-0.723746836,2.19986725,-0.581199288,-0.217072383,-0.687965453,0.925282896,-0.323994398,0.321633756,-0.207424134,-0.235391095,-0.625543237,-0.533018887,-0.717740536,2.31283522,-0.411813855,4.35889912,-2.0317986,-0.484322101,-1.52752519,2.84445238,-0.151716515,-0.484322101,0.756114542,-0.422141254,-1.23436594,1.23436594,0.197385505,-0.197385505,0
2.50386643,3.33525825,-0.861424148,1.0526886,-1.26677096,-0.708575785,-0.411813855,-0.617812753,-0.610092342,-0.255433619,1.24736142,-0.204124153,-0.22941573,0.941696584,-0.319262236,-0.635223389,-0.569651902,-0.347056448,-0.112508789,-0.470504045,1.59861052,-0.112508789,-0.12852402,-0.210680857,-0.086929135,-0.321633756,-1.23114717,3.06424713,-0.258198887,-0.232418686,-0.480384469,-0.269046575,-0.444527596,-0.723746836,2.19986725,-0.581199288,-0.217072383,1.45356131,-1.08075047,-0.323994398,0.321633756,-0.207424134,-0.235391095,1.59861052,-0.533018887,-0.717740536,-0.432369769,-0.411813855,-0.22941573,0.492174804,-0.484322101,0.654653668,-0.351561517,-0.151716515,-0.484322101,0.756114542,-0.422141254,-1.23436594,1.23436594,0.197385505,-0.197385505,1
-0.167318016,2.31289172,0.919297576,0.135312915,0.221616521,1.0356108,2.42828155,-0.617812753,-0.610092342,-0.255433619,1.24736142,-0.204124153,-0.22941573,-1.06191313,-0.319262236,1.57424927,-0.569651902,2.88137555,-0.112508789,-0.470504045,-0.625543237,-0.112508789,-0.12852402,-0.210680857,-0.086929135,-0.321633756,-1.23114717,-0.32634443,-0.258198887,-0.232418686,2.08166599,-0.269046575,-0.444527596,-0.723746836,-0.454572886,1.7205801,-0.217072383,-0.687965453,0.925282896,-0.323994398,0.321633756,-0.207424134,-0.235391095,-0.625543237,-0.533018887,1.39326108,-0.432369769,-0.411813855,-0.22941573,0.492174804,-0.484322101,0.654653668,-0.351561517,-0.151716515,-0.484322101,0.756114542,-0.422141254,-1.23436594,1.23436594,0.197385505,-0.197385505,1
-0.271376044,0.268158257,0.919297576,0.135312915,-0.74145776,1.0356108,-0.411813855,-0.617812753,-0.610092342,-0.255433619,1.24736142,-0.204124153,-0.22941573,-1.06191313,-0.319262236,1.57424927,1.755458,-0.347056448,-0.112508789,-0.470504045,-0.625543237,-0.112508789,-0.12852402,-0.210680857,-0.086929135,-0.321633756,-1.23114717,3.06424713,-0.258198887,-0.232418686,-0.480384469,-0.269046575,-0.444527596,-0.723746836,2.19986725,-0.581199288,-0.217072383,-0.687965453,-1.08075047,3.08647299,0.321633756,-0.207424134,-0.235391095,-0.625543237,1.87610602,-0.717740536,-0.432369769,-0.411813855,-0.22941573,0.492174804,-0.484322101,0.654653668,-0.351561517,-0.151716515,-0.484322101,0.756114542,-0.422141254,-1.23436594,1.23436594,0.197385505,-0.197385505,1
1.17568111,-0.0726306289,-1.75178492,1.0526886,2.14776516,-0.708575785,-0.411813855,-0.617812753,1.63909602,-0.255433619,-0.801692247,-0.204124153,-0.22941573,0.941696584,-0.319262236,-0.635223389,-0.569651902,2.88137555,-0.112508789,-0.470504045,-0.625543237,-0.112508789,-0.12852402,-0.210680857,-0.086929135,-0.321633756,-1.23114717,-0.32634443,-0.258198887,-0.232418686,2.08166599,3.71682858,-0.444527596,-0.723746836,-0.454572886,-0.581199288,4.60675812,-0.687965453,-1.08075047,-0.323994398,0.321633756,-0.207424134,-0.235391095,1.59861052,-0.533018887,-0.717740536,-0.432369769,-0.411813855,-0.22941573,0.492174804,-0.484322101,0.654653668,-0.351561517,-0.151716515,-0.484322101,-1.32255089,2.36887527,-1.23436594,1.23436594,0.197385505,-0.197385505,1
2.29502773,1.29052496,-0.861424148,-0.782062769,-0.391248912,1.0356108,-0.411813855,-0.617812753,-0.610092342,-0.255433619,1.24736142,-0.204124153,-0.22941573,-1.06191313,-0.319262236,1.57424927,-0.569651902,-0.347056448,-0.112508789,-0.470504045,1.59861052,-0.112508789,-0.12852402,-0.210680857,-0.086929135,-0.321633756,0.812250614,-0.32634443,-0.258198887,-0.232418686,-0.480384469,-0.269046575,-0.444527596,1.38169861,-0.454572886,-0.581199288,-0.217072383,1.45356131,-1.08075047,-0.323994398,0.321633756,-0.207424134,-0.235391095,-0.625543237,-0.533018887,1.39326108,-0.432369769,-0.411813855,4.35889912,-2.0317986,-0.484322101,0.654653668,-0.351561517,-0.151716515,-0.484322101,0.756114542,-0.422141254,0.810132504,-0.810132504,0.197385505,-0.197385505,1
-0.582466245,0.0125665907,0.919297576,0.135312915,-0.478801131,1.0356108,-0.411813855,1.61861348,-0.610092342,-0.255433619,-0.801692247,-0.204124153,-0.22941573,-1.06191313,-0.319262236,1.57424927,1.755458,-0.347056448,-0.112508789,-0.470504045,-0.625543237,-0.112508789,-0.12852402,-0.210680857,-0.086929135,-0.321633756,0.812250614,-0.32634443,-0.258198887,-0.232418686,-0.480384469,-0.269046575,-0.444527596,-0.723746836,-0.454572886,1.7205801,-0.217072383,-0.687965453,-1.08075047,3.08647299,0.321633756,-0.207424134,-0.235391095,-0.625543237,-0.533018887,1.39326108,-0.432369769,-0.411813855,-0.22941573,0.492174804,-0.484322101,0.654653668,-0.351561517,-0.151716515,-0.484322101,0.756114542,-0.422141254,-1.23436594,1.23436594,0.197385505,-0.197385505,1
-0.486718386,0.779341578,0.919297576,1.0526886,1.97266066,-0.708575785,-0.411813855,-0.617812753,-0.610092342,-0.255433619,1.24736142,-0.204124153,-0.22941573,0.941696584,-0.319262236,-0.635223389,-0.569651902,-0.347056448,-0.112508789,-0.470504045,1.59861052,-0.112508789,-0.12852402,-0.210680857,-0.086929135,-0.321633756,-1.23114717,-0.32634443,-0.258198887,-0.232418686,2.08166599,-0.269046575,-0.444527596,-0.723746836,-0.454572886,1.7205801,-0.217072383,-0.687965453,0.925282896,-0.323994398,0.321633756,-0.207424134,-0.235391095,-0.625543237,-0.533018887,1.39326108,-0.432369769,-0.411813855,-0.22941573,0.492174804,-0.484322101,0.654653668,-0.351561517,-0.151716515,-0.484322101,0.756114542,-0.422141254,-1.23436594,1.23436594,0.197385505,-0.197385505,1
0.131126225,-1.00980008,-1.75178492,-0.782062769,-0.82900995,-0.708575785,2.42828155,-0.617812753,-0.610092342,-0.255433619,1.24736142,-0.204124153,-0.22941573,0.941696584,-0.319262236,-0.635223389,1.755458,-0.347056448,-0.112508789,-0.470504045,-0.625543237,-0.112508789,-0.12852402,-0.210680857,-0.086929135,-0.321633756,-1.23114717,3.06424713,-0.258198887,-0.232418686,-0.480384469,-0.269046575,-0.444527596,1.38169861,-0.454572886,-0.581199288,-0.217072383,-0.687965453,0.925282896,-0.323994398,-3.10912633,-0.207424134,4.24824905,1.59861052,-0.533018887,-0.717740536,-0.432369769,-0.411813855,-0.22941573,0.492174804,2.06474161,-1.52752519,-0.351561517,-0.151716515,-0.484322101,0.756114542,-0.422141254,0.810132504,-0.810132504,-5.06622791,5.06622791,1
-0.194777772,0.097763814,0.028936727,1.0526886,0.396720946,-0.708575785,-0.411813855,-0.617812753,-0.610092342,-0.255433619,1.24736142,-0.204124153,-0.22941573,0.941696584,-0.319262236,-0.635223389,-0.569651902,-0.347056448,-0.112508789,-0.470504045,1.59861052,-0.112508789,-0.12852402,-0.210680857,-0.086929135,-0.321633756,-1.23114717,-0.32634443,3.87298346,-0.232418686,-0.480384469,-0.269046575,-0.444527596,-0.723746836,-0.454572886,1.7205801,-0.217072383,-0.687965453,0.925282896,-0.323994398,0.321633756,-0.207424134,-0.235391095,-0.625543237,-0.533018887,1.39326108,-0.432369769,-0.411813855,-0.22941573,0.492174804,-0.484322101,0.654653668,-0.351561517,-0.151716515,-0.484322101,0.756114542,-0.422141254,0.810132504,-0.810132504,0.197385505,-0.197385505,1
2.23432708,1.29052496,-1.75178492,1.0526886,-0.653905571,-0.708575785,-0.411813855,-0.617812753,1.63909602,-0.255433619,-0.801692247,-0.204124153,-0.22941573,0.941696584,-0.319262236,-0.635223389,-0.569651902,2.88137555,-0.112508789,-0.470504045,-0.625543237,-0.112508789,-0.12852402,-0.210680857,-0.086929135,-0.321633756,0.812250614,-0.32634443,-0.258198887,-0.232418686,-0.480384469,-0.269046575,2.24957919,-0.723746836,-0.454572886,-0.581199288,-0.217072383,-0.687965453,-1.08075047,3.08647299,0.321633756,-0.207424134,-0.235391095,-0.625543237,-0.533018887,1.39326108,-0.432369769,-0.411813855,-0.22941573,0.492174804,2.06474161,-1.52752519,-0.351561517,-0.151716515,-0.484322101,-1.32255089,2.36887527,-1.23436594,1.23436594,0.197385505,-0.197385505,0
-0.330631316,1.29052496,0.919297576,1.0526886,0.309168726,-0.708575785,-0.411813855,-0.617812753,-0.610092342,-0.255433619,1.24736142,-0.204124153,-0.22941573,0.941696584,-0.319262236,-0.635223389,-0.569651902,-0.347056448,-0.112508789,-0.470504045,1.59861052,-0.112508789,-0.12852402,-0.210680857,-0.086929135,-0.321633756,-1.23114717,-0.32634443,3.87298346,-0.232418686,-0.480384469,-0.269046575,-0.444527596,-0.723746836,-0.454572886,1.7205801,-0.217072383,-0.687965453,0.925282896,-0.323994398,0.321633756,-0.207424134,-0.235391095,-0.625543237,-0.533018887,1.39326108,-0.432369769,-0.411813855,-0.22941573,0.492174804,-0.484322101,0.654653668,-0.351561517,-0.151716515,-0.484322101,0.756114542,-0.422141254,0.810132504,-0.810132504,0.197385505,-0.197385505,1
-0.70531255,-0.754208446,-0.861424148,1.0526886,1.18469083,-0.708575785,-0.411813855,1.61861348,-0.610092342,-0.255433619,-0.801692247,-0.204124153,-0.22941573,0.941696584,-0.319262236,-0.635223389,-0.569651902,-0.347056448,-0.112508789,2.12538028,-0.625543237,-0.112508789,-0.12852402,-0.210680857,-0.086929135,-0.321633756,-1.23114717,-0.32634443,-0.258198887,-0.232418686,2.08166599,-0.269046575,-0.444527596,-0.723746836,-0.454572886,1.7205801,4.60675812,-0.687965453,-1.08075047,-0.323994398,0.321633756,-0.207424134,-0.235391095,-0.625543237,1.87610602,-0.717740536,-0.432369769,-0.411813855,-0.22941573,0.492174804,-0.484322101,0.654653668,-0.351561517,-0.151716515,2.06474161,-1.32255089,-0.422141254,-1.23436594,1.23436594,0.197385505,-0.197385505,1
-0.0798803568,0.0125665907,0.028936727,-0.782062769,-0.653905571,1.0356108,-0.411813855,-0.617812753,-0.610092342,-0.255433619,1.24736142,-0.204124153,-0.22941573,-1.06191313,3.13222146,-0.635223389,-0.569651902,2.88137555,-0.112508789,-0.470504045,-0.625543237,-0.112508789,-0.12852402,-0.210680857,-0.086929135,-0.321633756,0.812250614,-0.32634443,-0.258198887,-0.232418686,-0.480384469,-0.269046575,-0.444527596,1.38169861,-0.454572886,-0.581199288,-0.217072383,-0.687965453,0.925282896,-0.323994398,0.321633756,-0.207424134,-0.235391095,1.59861052,-0.533018887,-0.717740536,-0.432369769,-0.411813855,4.35889912,-2.0317986,-0.484322101,0.654653668,-0.351561517,-0.151716515,2.06474161,-1.32255089,-0.422141254,0.810132504,-0.810132504,0.197385505,-0.197385505,1
-0.78227216,-0.243025079,0.919297576,1.0526886,-1.26677096,-0.708575785,-0.411813855,1.61861348,-0.610092342,-0.255433619,-0.801692247,-0.204124153,-0.22941573,-1.06191313,-0.319262236,1.57424927,-0.569651902,-0.347056448,-0.112508789,2.12538028,-0.625543237,-0.112508789,-0.12852402,-0.210680857,-0.086929135,-0.321633756,0.812250614,-0.32634443,-0.258198887,-0.232418686,-0.480384469,-0.269046575,2.24957919,-0.723746836,-0.454572886,-0.581199288,-0.217072383,1.45356131,-1.08075047,-0.323994398,0.321633756,-0.207424134,-0.235391095,-0.625543237,1.87610602,-0.717740536,-0.432369769,-0.411813855,-0.22941573,0.492174804,2.06474161,-1.52752519,-0.351561517,-0.151716515,-0.484322101,0.756114542,-0.422141254,0.810132504,-0.810132504,0.197385505,-0.197385505,1
0.521343887,-0.498616755,0.028936727,-0.782062769,-0.478801131,-0.708575785,-0.411813855,-0.617812753,-0.610092342,-0.255433619,1.24736142,-0.204124153,-0.22941573,0.941696584,-0.319262236,-0.635223389,-0.569651902,2.88137555,-0.112508789,-0.470504045,-0.625543237,-0.112508789,-0.12852402,-0.210680857,-0.086929135,-0.321633756,0.812250614,-0.32634443,-0.258198887,-0.232418686,-0.480384469,-0.269046575,-0.444527596,1.38169861,-0.454572886,-0.581199288,-0.217072383,-0.687965453,0.925282896,-0.323994398,0.321633756,-0.207424134,-0.235391095,-0.625543237,-0.533018887,1.39326108,-0.432369769,-0.411813855,-0.22941573,0.492174804,-0.484322101,0.654653668,-0.351561517,-0.151716515,-0.484322101,0.756114542,-0.422141254,-1.23436594,1.23436594,0.197385505,-0.197385505,1
-0.340025455,1.29052496,0.028936727,-1.69943845,-0.303696722,1.0356108,2.42828155,-0.617812753,1.63909602,-0.255433619,-0.801692247,-0.204124153,-0.22941573,0.941696584,-0.319262236,-0.635223389,-0.569651902,-0.347056448,-0.112508789,-0.470504045,-0.625543237,-0.112508789,-0.12852402,4.74651575,-0.086929135,-0.321633756,0.812250614,-0.32634443,-0.258198887,-0.232418686,-0.480384469,-0.269046575,-0.444527596,-0.723746836,2.19986725,-0.581199288,-0.217072383,-0.687965453,0.925282896,-0.323994398,0.321633756,-0.207424134,-0.235391095,-0.625543237,-0.533018887,1.39326108,-0.432369769,-0.411813855,-0.22941573,0.492174804,-0.484322101,0.654653668,-0.351561517,-0.151716515,-0.484322101,0.756114542,-0.422141254,0.810132504,-0.810132504,0.197385505,-0.197385505,1
0.0556118861,-0.498616755,0.028936727,1.0526886,-1.09166658,1.0356108,-0.411813855,-0.617812753,-0.610092342,-0.255433619,1.24736142,-0.204124153,-0.22941573,-1.06191313,-0.319262236,1.57424927,-0.569651902,2.88137555,-0.112508789,-0.470504045,-0.625543237,-0.112508789,-0.12852402,-0.210680857,-0.086929135,-0.321633756,-1.23114717,-0.32634443,-0.258198887,4.30257988,-0.480384469,-0.269046575,-0.444527596,-0.723746836,-0.454572886,1.7205801,-0.217072383,-0.687965453,0.925282896,-0.323994398,0.321633756,-0.207424134,-0.235391095,-0.625543237,-0.533018887,-0.717740536,2.31283522,-0.411813855,-0.22941573,0.492174804,2.06474161,-1.52752519,-0.351561517,-0.151716515,-0.484322101,0.756114542,-0.422141254,-1.23436594,1.23436594,0.197385505,-0.197385505,1
-0.738914609,-1.26539171,0.919297576,1.0526886,2.76063061,1.0356108,-0.411813855,1.61861348,-0.610092342,-0.255433619,-0.801692247,-0.204124153,-0.22941573,-1.06191313,-0.319262236,1.57424927,-0.569651902,-0.347056448,-0.112508789,-0.470504045,1.59861052,-0.112508789,-0.12852402,-0.210680857,-0.086929135,-0.321633756,-1.23114717,-0.32634443,-0.258198887,-0.232418686,2.08166599,-0.269046575,-0.444527596,-0.723746836,-0.454572886,1.7205801,-0.217072383,-0.687965453,0.925282896,-0.323994398,0.321633756,-0.207424134,-0.235391095,1.59861052,-0.533018887,-0.717740536,-0.432369769,-0.411813855,-0.22941573,0.492174804,-0.484322101,0.654653668,-0.351561517,-0.151716515,-0.484322101,0.756114542,-0.422141254,-1.23436594,1.23436594,0.197385505,-0.197385505,1
-0.599809229,-1.26539171,-1.75178492,-0.782062769,-1.00411439,1.0356108,-0.411813855,-0.617812753,-0.610092342,-0.255433619,1.24736142,-0.204124153,-0.22941573,-1.06191313,-0.319262236,1.57424927,-0.569651902,-0.347056448,-0.112508789,-0.470504045,1.59861052,-0.112508789,-0.12852402,-0.210680857,-0.086929135,-0.321633756,0.812250614,-0.32634443,-0.258198887,-0.232418686,-0.480384469,-0.269046575,-0.444527596,-0.723746836,2.19986725,-0.581199288,-0.217072383,1.45356131,-1.08075047,-0.323994398,0.321633756,-0.207424134,-0.235391095,-0.625543237,-0.533018887,1.39326108,-0.432369769,-0.411813855,-0.22941573,0.492174804,2.06474161,-1.52752519,-0.351561517,-0.151716515,-0.484322101,0.756114542,-0.422141254,-1.23436594,1.23436594,0.197385505,-0.197385505,1
-0.0787964165,0.268158257,-0.861424148,1.0526886,-1.35432315,-0.708575785,-0.411813855,1.61861348,-0.610092342,-0.255433619,-0.801692247,-0.204124153,-0.22941573,0.941696584,-0.319262236,-0.635223389,-0.569651902,-0.347056448,-0.112508789,2.12538028,-0.625543237,-0.112508789,-0.12852402,-0.210680857,-0.086929135,-0.321633756,-1.23114717,-0.32634443,-0.258198887,-0.232418686,2.08166599,-0.269046575,-0.444527596,1.38169861,-0.454572886,-0.581199288,-0.217072383,-0.687965453,-1.08075047,3.08647299,0.321633756,-0.207424134,-0.235391095,-0.625543237,-0.533018887,1.39326108,-0.432369769,-0.411813855,-0.22941573,0.492174804,-0.484322101,0.654653668,-0.351561517,-0.151716515,-0.484322101,0.756114542,-0.422141254,0.810132504,-0.810132504,0.197385505,-0.197385505,0
-0.376879334,-0.754208446,-0.861424148,-0.782062769,-0.566353321,-0.708575785,-0.411813855,-0.617812753,-0.610092342,-0.255433619,1.24736142,-0.204124153,-0.22941573,0.941696584,-0.319262236,-0.635223389,-0.569651902,-0.347056448,-0.112508789,-0.470504045,1.59861052,-0.112508789,-0.12852402,-0.210680857,-0.086929135,-0.321633756,0.812250614,-0.32634443,-0.258198887,-0.232418686,-0.480384469,-0.269046575,2.24957919,-0.723746836,-0.454572886,-0.581199288,-0.217072383,1.45356131,-1.08075047,-0.323994398,0.321633756,-0.207424134,-0.235391095,-0.625543237,-0.533018887,1.39326108,-0.432369769,2.42828155,-0.22941573,-2.0317986,-0.484322101,0.654653668,-0.351561517,-0.151716515,-0.484322101,0.756114542,-0.422141254,0.810132504,-0.810132504,0.197385505,-0.197385505,1
-0.871516347,-0.583813965,0.919297576,-0.782062769,-0.74145776,1.0356108,-0.411813855,-0.617812753,-0.610092342,-0.255433619,1.24736142,-0.204124153,-0.22941573,-1.06191313,3.13222146,-0.635223389,1.755458,-0.347056448,-0.112508789,-0.470504045,-0.625543237,-0.112508789,-0.12852402,-0.210680857,-0.086929135,-0.321633756,0.812250614,-0.32634443,-0.258198887,-0.232418686,-0.480384469,-0.269046575,-0.444527596,1.38169861,-0.454572886,-0.581199288,-0.217072383,-0.687965453,0.925282896,-0.323994398,0.321633756,-0.207424134,-0.235391095,-0.625543237,-0.533018887,1.39326108,-0.432369769,-0.411813855,-0.22941573,0.492174804,-0.484322101,0.654653668,-0.351561517,-0.151716515,2.06474161,-1.32255089,-0.422141254,0.810132504,-0.810132504,0.197385505,-0.197385505,1
3.31501317,1.29052496,-1.75178492,1.0526886,0.134064317,-0.708575785,-0.411813855,-0.617812753,1.63909602,-0.255433619,-0.801692247,-0.204124153,-0.22941573,0.941696584,-0.319262236,-0.635223389,1.755458,-0.347056448,-0.112508789,-0.470504045,-0.625543237,-0.112508789,-0.12852402,-0.210680857,-0.086929135,-0.321633756,-1.23114717,-0.32634443,-0.258198887,-0.232418686,2.08166599,-0.269046575,-0.444527596,1.38169861,-0.454572886,-0.581199288,-0.217072383,-0.687965453,0.925282896,-0.323994398,0.321633756,-0.207424134,-0.235391095,-0.625543237,-0.533018887,-0.717740536,2.31283522,-0.411813855,-0.22941573,0.492174804,-0.484322101,-1.52752519,2.84445238,-0.151716515,-0.484322101,0.756114542,-0.422141254,-1.23436594,1.23436594,0.197385505,-0.197385505,0
-0.727352619,0.268158257,0.919297576,-1.69943845,-0.82900995,-0.708575785,-0.411813855,-0.617812753,1.63909602,-0.255433619,-0.801692247,-0.204124153,-0.22941573,0.941696584,-0.319262236,-0.635223389,1.755458,-0.347056448,-0.112508789,-0.470504045,-0.625543237,-0.112508789,-0.12852402,-0.210680857,-0.086929135,-0.321633756,0.812250614,-0.32634443,-0.258198887,-0.232418686,-0.480384469,-0.269046575,2.24957919,-0.723746836,-0.454572886,-0.581199288,-0.217072383,-0.687965453,0.925282896,-0.323994398,0.321633756,-0.207424134,-0.235391095,-0.625543237,1.87610602,-0.717740536,-0.432369769,-0.411813855,-0.22941573,0.492174804,-0.484322101,0.654653668,-0.351561517,-0.151716515,-0.484322101,0.756114542,-0.422141254,0.810132504,-0.810132504,0.197385505,-0.197385505,1
0.989966393,0.779341578,0.028936727,-0.782062769,0.221616521,-0.708575785,-0.411813855,-0.617812753,-0.610092342,-0.255433619,1.24736142,-0.204124153,-0.22941573,-1.06191313,-0.319262236,1.57424927,-0.569651902,-0.347056448,-0.112508789,-0.470504045,1.59861052,-0.112508789,-0.12852402,-0.210680857,-0.086929135,-0.321633756,0.812250614,-0.32634443,-0.258198887,-0.232418686,-0.480384469,-0.269046575,-0.444527596,-0.723746836,2.19986725,-0.581199288,-0.217072383,-0.687965453,0.925282896,-0.323994398,-3.10912633,4.82103968,-0.235391095,-0.625543237,-0.533018887,1.39326108,-0.432369769,-0.411813855,-0.22941573,0.492174804,-0.484322101,0.654653668,-0.351561517,-0.151716515,-0.484322101,0.756114542,-0.422141254,0.810132504,-0.810132504,0.197385505,-0.197385505,1
-0.37326622,0.779341578,0.919297576,1.0526886,0.0465121083,1.0356108,-0.411813855,-0.617812753,1.63909602,-0.255433619,-0.801692247,-0.204124153,-0.22941573,-1.06191313,-0.319262236,1.57424927,1.755458,-0.347056448,-0.112508789,-0.470504045,-0.625543237,-0.112508789,-0.12852402,-0.210680857,-0.086929135,-0.321633756,-1.23114717,-0.32634443,-0.258198887,-0.232418686,2.08166599,-0.269046575,-0.444527596,-0.723746836,-0.454572886,1.7205801,-0.217072383,-0.687965453,0.925282896,-0.323994398,0.321633756,-0.207424134,-0.235391095,1.59861052,-0.533018887,-0.717740536,-0.432369769,-0.411813855,-0.22941573,0.492174804,-0.484322101,0.654653668,-0.351561517,-0.151716515,-0.484322101,0.756114542,-0.422141254,0.810132504,-0.810132504,0.197385505,-0.197385505,1
1.59516501,2.31289172,0.919297576,-0.782062769,0.922034204,1.0356108,2.42828155,-0.617812753,-0.610092342,-0.255433619,1.24736142,-0.204124153,-0.22941573,-1.06191313,-0.319262236,1.57424927,-0.569651902,-0.347056448,-0.112508789,-0.470504045,-0.625543237,-0.112508789,-0.12852402,-0.210680857,-0.086929135,3.10912633,-1.23114717,-0.32634443,-0.258198887,-0.232418686,2.08166599,-0.269046575,-0.444527596,-0.723746836,-0.454572886,1.7205801,4.60675812,-0.687965453,-1.08075047,-0.323994398,0.321633756,-0.207424134,-0.235391095,-0.625543237,-0.533018887,1.39326108,-0.432369769,2.42828155,-0.22941573,-2.0317986,-0.484322101,0.654653668,-0.351561517,-0.151716515,-0.484322101,-1.32255089,2.36887527,0.810132504,-0.810132504,0.197385505,-0.197385505,1
-0.930049002,-0.754208446,0.919297576,-0.782062769,1.18469083,-0.708575785,-0.411813855,-0.617812753,-0.610092342,-0.255433619,1.24736142,-0.204124153,-0.22941573,0.941696584,-0.319262236,-0.635223389,1.755458,-0.347056448,-0.112508789,-0.470504045,-0.625543237,-0.112508789,-0.12852402,-0.210680857,-0.086929135,-0.321633756,0.812250614,-0.32634443,-0.258198887,-0.232418686,-0.480384469,-0.269046575,-0.444527596,1.38169861,-0.454572886,-0.581199288,4.60675812,-0.687965453,-1.08075047,-0.323994398,0.321633756,-0.207424134,-0.235391095,1.59861052,-0.533018887,-0.717740536,-0.432369769,-0.411813855,-0.22941573,0.492174804,-0.484322101,0.654653668,-0.351561517,-0.151716515,2.06474161,-1.32255089,-0.422141254,0.810132504,-0.810132504,0.197385505,-0.197385505,1
-0.264149815,0.268158257,0.919297576,1.0526886,-1.17921877,-0.708575785,-0.411813855,1.61861348,-0.610092342,-0.255433619,-0.801692247,-0.204124153,4.35889912,-1.06191313,-0.319262236,-0.635223389,-0.569651902,-0.347056448,-0.112508789,2.12538028,-0.625543237,-0.112508789,-0.12852402,-0.210680857,-0.086929135,-0.321633756,-1.23114717,-0.32634443,3.87298346,-0.232418686,-0.480384469,-0.269046575,-0.444527596,1.38169861,-0.454572886,-0.581199288,-0.217072383,-0.687965453,0.925282896,-0.323994398,0.321633756,-0.207424134,-0.235391095,1.59861052,-0.533018887,-0.717740536,-0.432369769,-0.411813855,4.35889912,-2.0317986,-0.484322101,0.654653668,-0.351561517,-0.151716515,-0.484322101,0.756114542,-0.422141254,-1.23436594,1.23436594,0.197385505,-0.197385505,1
-0.706757784,0.268158257,0.919297576,-1.69943845,-0.9165622,-0.708575785,-0.411813855,-0.617812753,-0.610092342,-0.255433619,1.24736142,-0.204124153,-0.22941573,0.941696584,-0.319262236,-0.635223389,-0.569651902,-0.347056448,-0.112508789,-0.470504045,-0.625543237,-0.112508789,-0.12852402,-0.210680857,-0.086929135,3.10912633,0.812250614,-0.32634443,-0.258198887,-0.232418686,-0.480384469,-0.269046575,-0.444527596,-0.723746836,2.19986725,-0.581199288,-0.217072383,-0.687965453,0.925282896,-0.323994398,0.321633756,-0.207424134,-0.235391095,1.59861052,-0.533018887,-0.717740536,-0.432369769,-0.411813855,-0.22941573,0.492174804,-0.484322101,0.654653668,-0.351561517,-0.151716515,-0.484322101,0.756114542,-0.422141254,-1.23436594,1.23436594,0.197385505,-0.197385505,1
-0.38482821,-0.754208446,0.919297576,-1.69943845,-0.566353321,-0.708575785,-0.411813855,1.61861348,-0.610092342,-0.255433619,-0.801692247,-0.204124153,4.35889912,-1.06191313,-0.319262236,-0.635223389,-0.569651902,-0.347056448,-0.112508789,-0.470504045,1.59861052,-0.112508789,-0.12852402,-0.210680857,-0.086929135,-0.321633756,0.812250614,-0.32634443,-0.258198887,-0.232418686,-0.480384469,-0.269046575,-0.444527596,1.38169861,-0.454572886,-0.581199288,4.60675812,-0.687965453,-1.08075047,-0.323994398,0.321633756,-0.207424134,-0.235391095,-0.625543237,-0.533018887,-0.717740536,2.31283522,-0.411813855,-0.22941573,0.492174804,-0.484322101,-1.52752519,2.84445238,-0.151716515,-0.484322101,0.756114542,-0.422141254,0.810132504,-0.810132504,0.197385505,-0.197385505,0
-0.78010428,-0.243025079,0.919297576,-1.69943845,-0.478801131,1.0356108,-0.411813855,-0.617812753,-0.610092342,-0.255433619,1.24736142,-0.204124153,-0.22941573,-1.06191313,-0.319262236,1.57424927,1.755458,-0.347056448,-0.112508789,-0.470504045,-0.625543237,-0.112508789,-0.12852402,-0.210680857,-0.086929135,-0.321633756,0.812250614,-0.32634443,-0.258198887,-0.232418686,-0.480384469,-0.269046575,2.24957919,-0.723746836,-0.454572886,-0.581199288,-0.217072383,1.45356131,-1.08075047,-0.323994398,0.321633756,-0.207424134,-0.235391095,-0.625543237,1.87610602,-0.717740536,-0.432369769,-0.411813855,-0.22941573,0.492174804,-0.484322101,0.654653668,-0.351561517,-0.151716515,-0.484322101,0.756114542,-0.422141254,0.810132504,-0.810132504,0.197385505,-0.197385505,1
-0.685801685,-0.498616755,-0.861424148,-0.782062769,1.00958633,1.0356108,-0.411813855,-0.617812753,-0.610092342,-0.255433619,1.24736142,-0.204124153,-0.22941573,-1.06191313,-0.319262236,1.57424927,-0.569651902,-0.347056448,-0.112508789,-0.470504045,1.59861052,-0.112508789,-0.12852402,-0.210680857,-0.086929135,-0.321633756,-1.23114717,-0.32634443,3.87298346,-0.232418686,-0.480384469,-0.269046575,-0.444527596,1.38169861,-0.454572886,-0.581199288,-0.217072383,-0.687965453,-1.08075047,3.08647299,0.321633756,-0.207424134,-0.235391095,-0.625543237,1.87610602,-0.717740536,-0.432369769,-0.411813855,-0.22941573,0.492174804,-0.484322101,0.654653668,-0.351561517,-0.151716515,2.06474161,-1.32255089,-0.422141254,0.810132504,-0.810132504,0.197385505,-0.197385505,1
-0.139496937,0.268158257,0.919297576,1.0526886,-1.17921877,-0.708575785,-0.411813855,1.61861348,-0.610092342,-0.255433619,-0.801692247,-0.204124153,4.35889912,-1.06191313,-0.319262236,-0.635223389,-0.569651902,-0.347056448,-0.112508789,2.12538028,-0.625543237,-0.112508789,-0.12852402,-0.210680857,-0.086929135,-0.321633756,-1.23114717,-0.32634443,3.87298346,-0.232418686,-0.480384469,-0.269046575,-0.444527596,1.38169861,-0.454572886,-0.581199288,-0.217072383,-0.687965453,0.925282896,-0.323994398,0.321633756,-0.207424134,-0.235391095,1.59861052,-0.533018887,-0.717740536,-0.432369769,-0.411813855,4.35889912,-2.0317986,-0.484322101,0.654653668,-0.351561517,-0.151716515,-0.484322101,0.756114542,-0.422141254,-1.23436594,1.23436594,0.197385505,-0.197385505,1
2.80375576,1.29052496,0.919297576,-0.782062769,-0.82900995,1.0356108,-0.411813855,-0.617812753,-0.610092342,-0.255433619,1.24736142,-0.204124153,-0.22941573,0.941696584,-0.319262236,-0.635223389,-0.569651902,-0.347056448,-0.112508789,2.12538028,-0.625543237,-0.112508789,-0.12852402,-0.210680857,-0.086929135,-0.321633756,0.812250614,-0.32634443,-0.258198887,-0.232418686,-0.480384469,3.71682858,-0.444527596,-0.723746836,-0.454572886,-0.581199288,-0.217072383,1.45356131,-1.08075047,-0.323994398,0.321633756,-0.207424134,-0.235391095,-0.625543237,-0.533018887,1.39326108,-0.432369769,-0.411813855,-0.22941573,0.492174804,-0.484322101,0.654653668,-0.351561517,-0.151716515,-0.484322101,-1.32255089,2.36887527,-1.23436594,1.23436594,0.197385505,-0.197385505,0
-0.922822773,-1.26539171,-0.861424148,1.0526886,-1.09166658,-0.708575785,-0.411813855,-0.617812753,-0.610092342,-0.255433619,1.24736142,-0.204124153,-0.22941573,0.941696584,-0.319262236,-0.635223389,-0.569651902,-0.347056448,-0.112508789,-0.470504045,-0.625543237,-0.112508789,7.7806468,-0.210680857,-0.086929135,-0.321633756,-1.23114717,-0.32634443,3.87298346,-0.232418686,-0.480384469,-0.269046575,-0.444527596,-0.723746836,2.19986725,-0.581199288,-0.217072383,-0.687965453,-1.08075047,3.08647299,0.321633756,-0.207424134,-0.235391095,1.59861052,-0.533018887,-0.717740536,-0.432369769,-0.411813855,-0.22941573,0.492174804,2.06474161,-1.52752519,-0.351561517,-0.151716515,2.06474161,-1.32255089,-0.422141254,0.810132504,-0.810132504,0.197385505,-0.197385505,1
-0.628714263,0.268158257,0.919297576,0.135312915,-0.216144517,-0.708575785,-0.411813855,-0.617812753,-0.610092342,-0.255433619,1.24736142,-0.204124153,-0.22941573,0.941696584,-0.319262236,-0.635223389,1.755458,-0.347056448,-0.112508789,-0.470504045,-0.625543237,-0.112508789,-0.12852402,-0.210680857,-0.086929135,-0.321633756,-1.23114717,3.06424713,-0.258198887,-0.232418686,-0.480384469,-0.269046575,2.24957919,-0.723746836,-0.454572886,-0.581199288,-0.217072383,-0.687965453,-1.08075047,3.08647299,0.321633756,-0.207424134,-0.235391095,1.59861052,-0.533018887,-0.717740536,-0.432369769,-0.411813855,-0.22941573,0.492174804,-0.484322101,0.654653668,-0.351561517,-0.151716515,-0.484322101,0.756114542,-0.422141254,-1.23436594,1.23436594,0.197385505,-0.197385505,1
0.145578742,-0.754208446,-1.75178492,1.0526886,-0.653905571,2.77979732,-0.411813855,-0.617812753,1.63909602,-0.255433619,-0.801692247,-0.204124153,-0.22941573,-1.06191313,-0.319262236,1.57424927,-0.569651902,-0.347056448,-0.112508789,2.12538028,-0.625543237,-0.112508789,-0.12852402,-0.210680857,-0.086929135,-0.321633756,0.812250614,-0.32634443,-0.258198887,-0.232418686,-0.480384469,-0.269046575,-0.444527596,-0.723746836,-0.454572886,1.7205801,-0.217072383,-0.687965453,0.925282896,-0.323994398,0.321633756,-0.207424134,-0.235391095,-0.625543237,-0.533018887,1.39326108,-0.432369769,-0.411813855,-0.22941573,0.492174804,2.06474161,-1.52752519,-0.351561517,-0.151716515,-0.484322101,0.756114542,-0.422141254,-1.23436594,1.23436594,0.197385505,-0.197385505,1
-0.726268649,-1.26539171,0.919297576,-1.69943845,-0.0410400964,-0.708575785,-0.411813855,-0.617812753,-0.610092342,-0.255433619,1.24736142,4.89897966,-0.22941573,-1.06191313,-0.319262236,-0.635223389,1.755458,-0.347056448,-0.112508789,-0.470504045,-0.625543237,-0.112508789,-0.12852402,-0.210680857,-0.086929135,-0.321633756,-1.23114717,3.06424713,-0.258198887,-0.232418686,-0.480384469,-0.269046575,-0.444527596,1.38169861,-0.454572886,-0.581199288,-0.217072383,-0.687965453,0.925282896,-0.323994398,0.321633756,-0.207424134,-0.235391095,-0.625543237,-0.533018887,-0.717740536,2.31283522,2.42828155,-0.22941573,-2.0317986,2.06474161,-1.52752519,-0.351561517,-0.151716515,-0.484322101,0.756114542,-0.422141254,0.810132504,-0.810132504,-5.06622791,5.06622791,1
-0.427101791,0.268158257,0.919297576,1.0526886,2.14776516,1.0356108,-0.411813855,-0.617812753,-0.610092342,-0.255433619,1.24736142,-0.204124153,-0.22941573,-1.06191313,3.13222146,-0.635223389,1.755458,-0.347056448,-0.112508789,-0.470504045,-0.625543237,-0.112508789,-0.12852402,-0.210680857,-0.086929135,-0.321633756,0.812250614,-0.32634443,-0.258198887,-0.232418686,-0.480384469,-0.269046575,-0.444527596,-0.723746836,-0.454572886,1.7205801,-0.217072383,-0.687965453,0.925282896,-0.323994398,0.321633756,-0.207424134,-0.235391095,-0.625543237,-0.533018887,-0.717740536,2.31283522,-0.411813855,-0.22941573,0.492174804,-0.484322101,-1.52752519,2.84445238,-0.151716515,-0.484322101,0.756114542,-0.422141254,-1.23436594,1.23436594,0.197385505,-0.197385505,1
-0.250058621,0.779341578,-1.75178492,0.135312915,0.309168726,-0.708575785,2.42828155,1.61861348,-0.610092342,-0.255433619,-0.801692247,-0.204124153,-0.22941573,0.941696584,-0.319262236,-0.635223389,-0.569651902,-0.347056448,-0.112508789,-0.470504045,1.59861052,-0.112508789,-0.12852402,-0.210680857,-0.086929135,-0.321633756,0.812250614,-0.32634443,-0.258198887,-0.232418686,-0.480384469,-0.269046575,-0.444527596,-0.723746836,-0.454572886,1.7205801,-0.217072383,-0.687965453,0.925282896,-0.323994398,-3.10912633,-0.207424134,4.24824905,-0.625543237,1.87610602,-0.717740536,-0.432369769,-0.411813855,-0.22941573,0.492174804,-0.484322101,0.654653668,-0.351561517,-0.151716515,-0.484322101,0.756114542,-0.422141254,0.810132504,-0.810132504,0.197385505,-0.197385505,1
-0.935468674,-0.754208446,0.919297576,-1.69943845,-0.82900995,-0.708575785,-0.411813855,-0.617812753,1.63909602,-0.255433619,-0.801692247,-0.204124153,-0.22941573,0.941696584,-0.319262236,-0.635223389,-0.569651902,-0.347056448,-0.112508789,-0.470504045,1.59861052,-0.112508789,-0.12852402,-0.210680857,-0.086929135,-0.321633756,0.812250614,-0.32634443,-0.258198887,-0.232418686,-0.480384469,-0.269046575,2.24957919,-0.723746836,-0.454572886,-0.581199288,-0.217072383,-0.687965453,-1.08075047,3.08647299,-3.10912633,-0.207424134,4.24824905,1.59861052,-0.533018887,-0.717740536,-0.432369769,2.42828155,-0.22941573,-2.0317986,-0.484322101,0.654653668,-0.351561517,-0.151716515,2.06474161,-1.32255089,-0.422141254,0.810132504,-0.810132504,0.197385505,-0.197385505,1
-0.74433428,-1.00980008,-0.861424148,1.0526886,0.134064317,2.77979732,-0.411813855,-0.617812753,1.63909602,-0.255433619,-0.801692247,-0.204124153,-0.22941573,-1.06191313,-0.319262236,1.57424927,-0.569651902,-0.347056448,-0.112508789,-0.470504045,1.59861052,-0.112508789,-0.12852402,-0.210680857,-0.086929135,-0.321633756,0.812250614,-0.32634443,-0.258198887,-0.232418686,-0.480384469,-0.269046575,-0.444527596,-0.723746836,-0.454572886,1.7205801,-0.217072383,-0.687965453,0.925282896,-0.323994398,0.321633756,-0.207424134,-0.235391095,1.59861052,-0.533018887,-0.717740536,-0.432369769,-0.411813855,-0.22941573,0.492174804,-0.484322101,0.654653668,-0.351561517,-0.151716515,2.06474161,-1.32255089,-0.422141254,0.810132504,-0.810132504,0.197385505,-0.197385505,1
-0.873322904,-0.754208446,0.919297576,0.135312915,-0.216144517,-0.708575785,2.42828155,-0.617812753,-0.610092342,-0.255433619,1.24736142,-0.204124153,-0.22941573,-1.06191313,-0.319262236,1.57424927,-0.569651902,-0.347056448,-0.112508789,-0.470504045,1.59861052,-0.112508789,-0.12852402,-0.210680857,-0.086929135,-0.321633756,-1.23114717,-0.32634443,-0.258198887,-0.232418686,2.08166599,-0.269046575,-0.444527596,-0.723746836,-0.454572886,1.7205801,-0.217072383,1.45356131,-1.08075047,-0.323994398,0.321633756,-0.207424134,-0.235391095,-0.625543237,1.87610602,-0.717740536,-0.432369769,2.42828155,-0.22941573,-2.0317986,-0.484322101,0.654653668,-0.351561517,-0.151716515,2.06474161,-1.32255089,-0.422141254,0.810132504,-0.810132504,0.197385505,-0.197385505,0
-0.554283857,-0.754208446,0.028936727,-1.69943845,-0.0410400964,-0.708575785,-0.411813855,1.61861348,-0.610092342,-0.255433619,-0.801692247,-0.204124153,-0.22941573,0.941696584,-0.319262236,-0.635223389,-0.569651902,-0.347056448,-0.112508789,-0.470504045,1.59861052,-0.112508789,-0.12852402,-0.210680857,-0.086929135,-0.321633756,-1.23114717,-0.32634443,3.87298346,-0.232418686,-0.480384469,-0.269046575,-0.444527596,-0.723746836,-0.454572886,1.7205801,-0.217072383,-0.687965453,-1.08075047,3.08647299,0.321633756,-0.207424134,-0.235391095,1.59861052,-0.533018887,-0.717740536,-0.432369769,-0.411813855,-0.22941573,0.492174804,-0.484322101,0.654653668,-0.351561517,-0.151716515,-0.484322101,0.756114542,-0.422141254,0.810132504,-0.810132504,0.197385505,-0.197385505,1
-0.902227938,0.268158257,0.919297576,1.0526886,1.62245178,1.0356108,-0.411813855,-0.617812753,-0.610092342,-0.255433619,1.24736142,-0.204124153,-0.22941573,-1.06191313,3.13222146,-0.635223389,1.755458,-0.347056448,-0.112508789,-0.470504045,-0.625543237,-0.112508789,-0.12852402,-0.210680857,-0.086929135,-0.321633756,-1.23114717,-0.32634443,-0.258198887,-0.232418686,2.08166599,-0.269046575,-0.444527596,-0.723746836,-0.454572886,1.7205801,-0.217072383,-0.687965453,-1.08075047,3.08647299,0.321633756,-0.207424134,-0.235391095,-0.625543237,-0.533018887,1.39326108,-0.432369769,-0.411813855,-0.22941573,0.492174804,-0.484322101,0.654653668,-0.351561517,-0.151716515,-0.484322101,0.756114542,-0.422141254,-1.23436594,1.23436594,0.197385505,-0.197385505,1
-0.704589903,-0.498616755,-0.861424148,-0.782062769,-0.9165622,-0.708575785,-0.411813855,-0.617812753,1.63909602,-0.255433619,-0.801692247,-0.204124153,4.35889912,-1.06191313,-0.319262236,-0.635223389,1.755458,-0.347056448,-0.112508789,-0.470504045,-0.625543237,-0.112508789,-0.12852402,-0.210680857,-0.086929135,-0.321633756,-1.23114717,3.06424713,-0.258198887,-0.232418686,-0.480384469,-0.269046575,-0.444527596,1.38169861,-0.454572886,-0.581199288,-0.217072383,-0.687965453,-1.08075047,3.08647299,0.321633756,-0.207424134,-0.235391095,-0.625543237,1.87610602,-0.717740536,-0.432369769,-0.411813855,-0.22941573,0.492174804,2.06474161,-1.52752519,-0.351561517,-0.151716515,-0.484322101,0.756114542,-0.422141254,0.810132504,-0.810132504,0.197385505,-0.197385505,0
0.271315545,1.80170822,0.919297576,0.135312915,-0.128592297,-0.708575785,-0.411813855,1.61861348,-0.610092342,-0.255433619,-0.801692247,-0.204124153,-0.22941573,0.941696584,-0.319262236,-0.635223389,-0.569651902,-0.347056448,-0.112508789,-0.470504045,1.59861052,-0.112508789,-0.12852402,-0.210680857,-0.086929135,-0.321633756,0.812250614,-0.32634443,-0.258198887,-0.232418686,-0.480384469,-0.269046575,2.24957919,-0.723746836,-0.454572886,-0.581199288,-0.217072383,-0.687965453,0.925282896,-0.323994398,0.321633756,-0.207424134,-0.235391095,-0.625543237,-0.533018887,1.39326108,-0.432369769,-0.411813855,-0.22941573,0.492174804,-0.484322101,0.654653668,-0.351561517,-0.151716515,-0.484322101,0.756114542,-0.422141254,0.810132504,-0.810132504,0.197385505,-0.197385505,0
0.588909328,2.31289172,0.028936727,-0.782062769,-0.216144517,-0.708575785,-0.411813855,-0.617812753,-0.610092342,-0.255433619,1.24736142,-0.204124153,-0.22941573,0.941696584,-0.319262236,-0.635223389,-0.569651902,-0.347056448,-0.112508789,-0.470504045,-0.625543237,-0.112508789,-0.12852402,-0.210680857,-0.086929135,3.10912633,0.812250614,-0.32634443,-0.258198887,-0.232418686,-0.480384469,3.71682858,-0.444527596,-0.723746836,-0.454572886,-0.581199288,-0.217072383,-0.687965453,0.925282896,-0.323994398,0.321633756,-0.207424134,-0.235391095,-0.625543237,-0.533018887,1.39326108,-0.432369769,2.42828155,-0.22941573,-2.0317986,2.06474161,-1.52752519,-0.351561517,-0.151716515,-0.484322101,-1.32255089,2.36887527,-1.23436594,1.23436594,0.197385505,-0.197385505,0
-0.754451036,-0.243025079,0.919297576,-0.782062769,-1.26677096,-0.708575785,-0.411813855,-0.617812753,-0.610092342,-0.255433619,1.24736142,-0.204124153,-0.22941573,0.941696584,-0.319262236,-0.635223389,-0.569651902,-0.347056448,-0.112508789,-0.470504045,1.59861052,-0.112508789,-0.12852402,-0.210680857,-0.086929135,-0.321633756,-1.23114717,-0.32634443,-0.258198887,-0.232418686,2.08166599,-0.269046575,2.24957919,-0.723746836,-0.454572886,-0.581199288,-0.217072383,1.45356131,-1.08075047,-0.323994398,0.321633756,-0.207424134,-0.235391095,1.59861052,-0.533018887,-0.717740536,-0.432369769,-0.411813855,-0.22941573,0.492174804,2.06474161,-1.52752519,-0.351561517,-0.151716515,-0.484322101,0.756114542,-0.422141254,-1.23436594,1.23436594,0.197385505,-0.197385505,1
-0.182854459,-0.498616755,-0.861424148,0.135312915,-0.74145776,1.0356108,-0.411813855,-0.617812753,-0.610092342,-0.255433619,1.24736142,-0.204124153,-0.22941573,0.941696584,-0.319262236,-0.635223389,-0.569651902,-0.347056448,-0.112508789,2.12538028,-0.625543237,-0.112508789,-0.12852402,-0.210680857,-0.086929135,-0.321633756,0.812250614,-0.32634443,-0.258198887,-0.232418686,-0.480384469,-0.269046575,2.24957919,-0.723746836,-0.454572886,-0.581199288,-0.217072383,-0.687965453,0.925282896,-0.323994398,0.321633756,-0.207424134,-0.235391095,-0.625543237,1.87610602,-0.717740536,-0.432369769,2.42828155,-0.22941573,-2.0317986,-0.484322101,0.654653668,-0.351561517,-0.151716515,2.06474161,-1.32255089,-0.422141254,0.810132504,-0.810132504,0.197385505,-0.197385505,1
0.474011928,0.523749948,0.919297576,-0.782062769,-0.303696722,1.0356108,2.42828155,-0.617812753,-0.610092342,-0.255433619,1.24736142,-0.204124153,-0.22941573,-1.06191313,-0.319262236,1.57424927,-0.569651902,-0.347056448,-0.112508789,2.12538028,-0.625543237,-0.112508789,-0.12852402,-0.210680857,-0.086929135,-0.321633756,-1.23114717,-0.32634443,-0.258198887,4.30257988,-0.480384469,-0.269046575,2.24957919,-0.723746836,-0.454572886,-0.581199288,-0.217072383,-0.687965453,0.925282896,-0.323994398,0.321633756,-0.207424134,-0.235391095,1.59861052,-0.533018887,-0.717740536,-0.432369769,-0.411813855,4.35889912,-2.0317986,-0.484322101,0.654653668,-0.351561517,-0.151716515,2.06474161,-1.32255089,-0.422141254,-1.23436594,1.23436594,0.197385505,-0.197385505,1
0.126790479,-0.754208446,-0.861424148,-1.69943845,0.134064317,1.0356108,2.42828155,-0.617812753,-0.610092342,-0.255433619,1.24736142,-0.204124153,-0.22941573,-1.06191313,-0.319262236,1.57424927,-0.569651902,-0.347056448,-0.112508789,-0.470504045,-0.625543237,-0.112508789,-0.12852402,4.74651575,-0.086929135,-0.321633756,-1.23114717,-0.32634443,-0.258198887,-0.232418686,2.08166599,-0.269046575,2.24957919,-0.723746836,-0.454572886,-0.581199288,-0.217072383,-0.687965453,0.925282896,-0.323994398,0.321633756,-0.207424134,-0.235391095,-0.625543237,1.87610602,-0.717740536,-0.432369769,-0.411813855,-0.22941573,0.492174804,-0.484322101,0.654653668,-0.351561517,-0.151716515,2.06474161,-1.32255089,-0.422141254,0.810132504,-0.810132504,0.197385505,-0.197385505,1
-0.452755004,-0.243025079,0.028936727,-0.782062769,-1.09166658,-0.708575785,-0.411813855,-0.617812753,-0.610092342,3.91491127,-0.801692247,-0.204124153,-0.22941573,0.941696584,-0.319262236,-0.635223389,1.755458,-0.347056448,-0.112508789,-0.470504045,-0.625543237,-0.112508789,-0.12852402,-0.210680857,-0.086929135,-0.321633756,0.812250614,-0.32634443,-0.258198887,-0.232418686,-0.480384469,-0.269046575,-0.444527596,-0.723746836,-0.454572886,1.7205801,-0.217072383,1.45356131,-1.08075047,-0.323994398,0.321633756,-0.207424134,-0.235391095,-0.625543237,-0.533018887,1.39326108,-0.432369769,-0.411813855,-0.22941573,0.492174804,-0.484322101,0.654653668,-0.351561517,-0.151716515,-0.484322101,-1.32255089,2.36887527,0.810132504,-0.810132504,0.197385505,-0.197385505,1
-0.791304946,0.268158257,0.919297576,1.0526886,1.09713864,-0.708575785,-0.411813855,1.61861348,-0.610092342,-0.255433619,-0.801692247,-0.204124153,-0.22941573,-1.06191313,3.13222146,-0.635223389,-0.569651902,-0.347056448,-0.112508789,-0.470504045,1.59861052,-0.112508789,-0.12852402,-0.210680857,-0.086929135,-0.321633756,0.812250614,-0.32634443,-0.258198887,-0.232418686,-0.480384469,-0.269046575,2.24957919,-0.723746836,-0.454572886,-0.581199288,-0.217072383,-0.687965453,-1.08075047,3.08647299,0.321633756,-0.207424134,-0.235391095,1.59861052,-0.533018887,-0.717740536,-0.432369769,-0.411813855,4.35889912,-2.0317986,-0.484322101,0.654653668,-0.351561517,-0.151716515,-0.484322101,0.756114542,-0.422141254,0.810132504,-0.810132504,0.197385505,-0.197385505,0
-0.902227938,-0.754208446,0.919297576,1.0526886,1.4473474,2.77979732,-0.411813855,-0.617812753,-0.610092342,-0.255433619,1.24736142,-0.204124153,-0.22941573,-1.06191313,-0.319262236,1.57424927,-0.569651902,-0.347056448,-0.112508789,-0.470504045,1.59861052,-0.112508789,-0.12852402,-0.210680857,-0.086929135,-0.321633756,0.812250614,-0.32634443,-0.258198887,-0.232418686,-0.480384469,-0.269046575,-0.444527596,-0.723746836,-0.454572886,1.7205801,-0.217072383,-0.687965453,0.925282896,-0.323994398,0.321633756,-0.207424134,-0.235391095,1.59861052,-0.533018887,-0.717740536,-0.432369769,-0.411813855,-0.22941573,0.492174804,-0.484322101,0.654653668,-0.351561517,-0.151716515,-0.484322101,0.756114542,-0.422141254,0.810132504,-0.810132504,0.197385505,-0.197385505,1
-0.267762929,-0.243025079,0.919297576,-1.69943845,-0.9165622,-0.708575785,-0.411813855,1.61861348,-0.610092342,-0.255433619,-0.801692247,-0.204124153,-0.22941573,0.941696584,-0.319262236,-0.635223389,-0.569651902,-0.347056448,-0.112508789,2.12538028,-0.625543237,-0.112508789,-0.12852402,-0.210680857,-0.086929135,-0.321633756,0.812250614,-0.32634443,-0.258198887,-0.232418686,-0.480384469,3.71682858,-0.444527596,-0.723746836,-0.454572886,-0.581199288,-0.217072383,-0.687965453,0.925282896,-0.323994398,0.321633756,-0.207424134,-0.235391095,-0.625543237,-0.533018887,1.39326108,-0.432369769,-0.411813855,-0.22941573,0.492174804,-0.484322101,0.654653668,-0.351561517,6.59123993,-0.484322101,-1.32255089,-0.422141254,0.810132504,-0.810132504,0.197385505,-0.197385505,0
-0.676046193,-1.26539171,-1.75178492,1.0526886,0.922034204,1.0356108,2.42828155,-0.617812753,-0.610092342,3.91491127,-0.801692247,-0.204124153,-0.22941573,-1.06191313,-0.319262236,1.57424927,1.755458,-0.347056448,-0.112508789,-0.470504045,-0.625543237,-0.112508789,-0.12852402,-0.210680857,-0.086929135,-0.321633756,0.812250614,-0.32634443,-0.258198887,-0.232418686,-0.480384469,-0.269046575,-0.444527596,-0.723746836,-0.454572886,1.7205801,-0.217072383,-0.687965453,0.925282896,-0.323994398,0.321633756,-0.207424134,-0.235391095,1.59861052,-0.533018887,-0.717740536,-0.432369769,-0.411813855,-0.22941573,0.492174804,-0.484322101,0.654653668,-0.351561517,-0.151716515,-0.484322101,0.756114542,-0.422141254,0.810132504,-0.810132504,-5.06622791,5.06622791,1
-0.318346709,0.779341578,0.919297576,-0.782062769,-0.478801131,-0.708575785,-0.411813855,-0.617812753,-0.610092342,-0.255433619,1.24736142,-0.204124153,-0.22941573,0.941696584,-0.319262236,-0.635223389,-0.569651902,-0.347056448,-0.112508789,-0.470504045,1.59861052,-0.112508789,-0.12852402,-0.210680857,-0.086929135,-0.321633756,-1.23114717,-0.32634443,3.87298346,-0.232418686,-0.480384469,-0.269046575,-0.444527596,-0.723746836,-0.454572886,1.7205801,-0.217072383,-0.687965453,0.925282896,-0.323994398,0.321633756,-0.207424134,-0.235391095,-0.625543237,-0.533018887,1.39326108,-0.432369769,2.42828155,-0.22941573,-2.0317986,-0.484322101,0.654653668,-0.351561517,-0.151716515,-0.484322101,-1.32255089,2.36887527,0.810132504,-0.810132504,0.197385505,-0.197385505,1
-0.760954678,-0.754208446,0.919297576,0.135312915,-0.653905571,1.0356108,-0.411813855,1.61861348,-0.610092342,-0.255433619,-0.801692247,4.89897966,-0.22941573,-1.06191313,-0.319262236,-0.635223389,-0.569651902,-0.347056448,-0.112508789,-0.470504045,-0.625543237,-0.112508789,7.7806468,-0.210680857,-0.086929135,-0.321633756,0.812250614,-0.32634443,-0.258198887,-0.232418686,-0.480384469,-0.269046575,-0.444527596,-0.723746836,2.19986725,-0.581199288,-0.217072383,-0.687965453,0.925282896,-0.323994398,0.321633756,-0.207424134,-0.235391095,1.59861052,-0.533018887,-0.717740536,-0.432369769,-0.411813855,-0.22941573,0.492174804,-0.484322101,0.654653668,-0.351561517,-0.151716515,-0.484322101,0.756114542,-0.422141254,0.810132504,-0.810132504,0.197385505,-0.197385505,0
0.253249913,0.523749948,0.919297576,-0.782062769,0.0465121083,-0.708575785,2.42828155,-0.617812753,1.63909602,-0.255433619,-0.801692247,-0.204124153,-0.22941573,0.941696584,-0.319262236,-0.635223389,-0.569651902,-0.347056448,-0.112508789,-0.470504045,-0.625543237,-0.112508789,-0.12852402,-0.210680857,-0.086929135,3.10912633,0.812250614,-0.32634443,-0.258198887,-0.232418686,-0.480384469,-0.269046575,-0.444527596,1.38169861,-0.454572886,-0.581199288,-0.217072383,-0.687965453,0.925282896,-0.323994398,0.321633756,-0.207424134,-0.235391095,-0.625543237,-0.533018887,1.39326108,-0.432369769,-0.411813855,-0.22941573,0.492174804,-0.484322101,0.654653668,-0.351561517,-0.151716515,-0.484322101,0.756114542,-0.422141254,-1.23436594,1.23436594,0.197385505,-0.197385505,0
-0.815151572,-0.754208446,-0.861424148,0.135312915,1.00958633,1.0356108,2.42828155,-0.617812753,1.63909602,-0.255433619,-0.801692247,-0.204124153,-0.22941573,-1.06191313,-0.319262236,1.57424927,1.755458,-0.347056448,-0.112508789,-0.470504045,-0.625543237,-0.112508789,-0.12852402,-0.210680857,-0.086929135,-0.321633756,0.812250614,-0.32634443,-0.258198887,-0.232418686,-0.480384469,-0.269046575,-0.444527596,-0.723746836,2.19986725,-0.581199288,-0.217072383,-0.687965453,0.925282896,-0.323994398,0.321633756,-0.207424134,-0.235391095,1.59861052,-0.533018887,-0.717740536,-0.432369769,-0.411813855,-0.22941573,0.492174804,-0.484322101,0.654653668,-0.351561517,-0.151716515,2.06474161,-1.32255089,-0.422141254,0.810132504,-0.810132504,0.197385505,-0.197385505,1
-0.504061401,1.29052496,0.919297576,1.0526886,0.134064317,-0.708575785,-0.411813855,-0.617812753,-0.610092342,-0.255433619,1.24736142,-0.204124153,-0.22941573,0.941696584,-0.319262236,-0.635223389,-0.569651902,-0.347056448,-0.112508789,-0.470504045,-0.625543237,-0.112508789,-0.12852402,4.74651575,-0.086929135,-0.321633756,0.812250614,-0.32634443,-0.258198887,-0.232418686,-0.480384469,-0.269046575,-0.444527596,1.38169861,-0.454572886,-0.581199288,-0.217072383,-0.687965453,0.925282896,-0.323994398,0.321633756,-0.207424134,-0.235391095,-0.625543237,-0.533018887,-0.717740536,2.31283522,-0.411813855,4.35889912,-2.0317986,-0.484322101,-1.52752519,2.84445238,-0.151716515,-0.484322101,0.756114542,-0.422141254,-1.23436594,1.23436594,0.197385505,-0.197385505,0
-0.836107731,-0.754208446,0.919297576,-0.782062769,-1.09166658,-0.708575785,-0.411813855,1.61861348,-0.610092342,-0.255433619,-0.801692247,-0.204124153,-0.22941573,0.941696584,-0.319262236,-0.635223389,1.755458,-0.347056448,-0.112508789,-0.470504045,-0.625543237,-0.112508789,-0.12852402,-0.210680857,-0.086929135,-0.321633756,-1.23114717,-0.32634443,-0.258198887,-0.232418686,2.08166599,-0.269046575,-0.444527596,1.38169861,-0.454572886,-0.581199288,-0.217072383,-0.687965453,-1.08075047,3.08647299,0.321633756,-0.207424134,-0.235391095,-0.625543237,-0.533018887,1.39326108,-0.432369769,-0.411813855,-0.22941573,0.492174804,-0.484322101,0.654653668,-0.351561517,-0.151716515,-0.484322101,0.756114542,-0.422141254,0.810132504,-0.810132504,0.197385505,-0.197385505,0
-0.38591215,-0.924602866,-1.75178492,0.135312915,-1.09166658,1.0356108,-0.411813855,-0.617812753,-0.610092342,-0.255433619,1.24736142,-0.204124153,-0.22941573,-1.06191313,-0.319262236,1.57424927,-0.569651902,-0.347056448,-0.112508789,2.12538028,-0.625543237,-0.112508789,-0.12852402,-0.210680857,-0.086929135,-0.321633756,0.812250614,-0.32634443,-0.258198887,-0.232418686,-0.480384469,-0.269046575,2.24957919,-0.723746836,-0.454572886,-0.581199288,-0.217072383,1.45356131,-1.08075047,-0.323994398,0.321633756,-0.207424134,-0.235391095,1.59861052,-0.533018887,-0.717740536,-0.432369769,-0.411813855,-0.22941573,0.492174804,2.06474161,-1.52752519,-0.351561517,-0.151716515,-0.484322101,0.756114542,-0.422141254,0.810132504,-0.810132504,0.197385505,-0.197385505,1
-0.481660008,-0.754208446,-0.861424148,-0.782062769,0.746929765,-0.708575785,-0.411813855,-0.617812753,-0.610092342,3.91491127,-0.801692247,-0.204124153,-0.22941573,0.941696584,-0.319262236,-0.635223389,-0.569651902,-0.347056448,-0.112508789,-0.470504045,1.59861052,-0.112508789,-0.12852402,-0.210680857,-0.086929135,-0.321633756,0.812250614,-0.32634443,-0.258198887,-0.232418686,-0.480384469,-0.269046575,-0.444527596,1.38169861,-0.454572886,-0.581199288,-0.217072383,1.45356131,-1.08075047,-0.323994398,0.321633756,-0.207424134,-0.235391095,-0.625543237,-0.533018887,1.39326108,-0.432369769,-0.411813855,-0.22941573,0.492174804,2.06474161,-1.52752519,-0.351561517,-0.151716515,2.06474161,-1.32255089,-0.422141254,-1.23436594,1.23436594,0.197385505,-0.197385505,1
-0.320875883,-0.498616755,-0.861424148,1.0526886,-0.74145776,-0.708575785,-0.411813855,-0.617812753,1.63909602,-0.255433619,-0.801692247,-0.204124153,-0.22941573,-1.06191313,-0.319262236,1.57424927,-0.569651902,-0.347056448,-0.112508789,-0.470504045,-0.625543237,-0.112508789,-0.12852402,-0.210680857,-0.086929135,3.10912633,-1.23114717,-0.32634443,3.87298346,-0.232418686,-0.480384469,-0.269046575,-0.444527596,1.38169861,-0.454572886,-0.581199288,-0.217072383,-0.687965453,0.925282896,-0.323994398,0.321633756,-0.207424134,-0.235391095,-0.625543237,-0.533018887,1.39326108,-0.432369769,2.42828155,-0.22941573,-2.0317986,-0.484322101,0.654653668,-0.351561517,-0.151716515,-0.484322101,0.756114542,-0.422141254,0.810132504,-0.810132504,0.197385505,-0.197385505,1
3.1079812,2.05729985,-0.861424148,1.0526886,-0.566353321,1.0356108,-0.411813855,1.61861348,-0.610092342,-0.255433619,-0.801692247,4.89897966,-0.22941573,-1.06191313,-0.319262236,-0.635223389,-0.569651902,-0.347056448,-0.112508789,-0.470504045,-0.625543237,-0.112508789,-0.12852402,-0.210680857,-0.086929135,3.10912633,0.812250614,-0.32634443,-0.258198887,-0.232418686,-0.480384469,-0.269046575,-0.444527596,-0.723746836,-0.454572886,1.7205801,-0.217072383,-0.687965453,0.925282896,-0.323994398,0.321633756,-0.207424134,-0.235391095,-0.625543237,-0.533018887,1.39326108,-0.432369769,-0.411813855,-0.22941573,0.492174804,2.06474161,-1.52752519,-0.351561517,-0.151716515,-0.484322101,0.756114542,-0.422141254,0.810132504,-0.810132504,0.197385505,-0.197385505,0
0.385490328,1.03493321,-1.75178492,1.0526886,-1.09166658,1.0356108,-0.411813855,1.61861348,-0.610092342,-0.255433619,-0.801692247,-0.204124153,-0.22941573,-1.06191313,-0.319262236,1.57424927,-0.569651902,-0.347056448,-0.112508789,2.12538028,-0.625543237,-0.112508789,-0.12852402,-0.210680857,-0.086929135,-0.321633756,-1.23114717,-0.32634443,3.87298346,-0.232418686,-0.480384469,-0.269046575,-0.444527596,1.38169861,-0.454572886,-0.581199288,-0.217072383,1.45356131,-1.08075047,-0.323994398,0.321633756,-0.207424134,-0.235391095,-0.625543237,-0.533018887,1.39326108,-0.432369769,-0.411813855,-0.22941573,0.492174804,-0.484322101,0.654653668,-0.351561517,-0.151716515,-0.484322101,0.756114542,-0.422141254,0.810132504,-0.810132504,0.197385505,-0.197385505,0
-0.822739124,0.268158257,0.919297576,0.135312915,-0.74145776,1.0356108,-0.411813855,-0.617812753,-0.610092342,-0.255433619,1.24736142,-0.204124153,-0.22941573,0.941696584,-0.319262236,-0.635223389,-0.569651902,-0.347056448,-0.112508789,-0.470504045,-0.625543237,-0.112508789,-0.12852402,-0.210680857,11.503623,-0.321633756,0.812250614,-0.32634443,-0.258198887,-0.232418686,-0.480384469,-0.269046575,2.24957919,-0.723746836,-0.454572886,-0.581199288,-0.217072383,-0.687965453,-1.08075047,3.08647299,0.321633756,-0.207424134,-0.235391095,-0.625543237,-0.533018887,1.39326108,-0.432369769,-0.411813855,-0.22941573,0.492174804,-0.484322101,0.654653668,-0.351561517,-0.151716515,2.06474161,-1.32255089,-0.422141254,0.810132504,-0.810132504,0.197385505,-0.197385505,1
-0.667736053,-1.00980008,0.028936727,1.0526886,-1.17921877,-0.708575785,-0.411813855,1.61861348,-0.610092342,-0.255433619,-0.801692247,-0.204124153,-0.22941573,0.941696584,-0.319262236,-0.635223389,-0.569651902,-0.347056448,-0.112508789,-0.470504045,1.59861052,-0.112508789,-0.12852402,-0.210680857,-0.086929135,-0.321633756,0.812250614,-0.32634443,-0.258198887,-0.232418686,-0.480384469,-0.269046575,2.24957919,-0.723746836,-0.454572886,-0.581199288,-0.217072383,1.45356131,-1.08075047,-0.323994398,0.321633756,-0.207424134,-0.235391095,-0.625543237,1.87610602,-0.717740536,-0.432369769,-0.411813855,-0.22941573,0.492174804,2.06474161,-1.52752519,-0.351561517,-0.151716515,-0.484322101,0.756114542,-0.422141254,0.810132504,-0.810132504,0.197385505,-0.197385505,0
1.11967766,0.268158257,0.028936727,1.0526886,0.484273136,-0.708575785,2.42828155,-0.617812753,-0.610092342,-0.255433619,1.24736142,-0.204124153,-0.22941573,0.941696584,-0.319262236,-0.635223389,-0.569651902,2.88137555,-0.112508789,-0.470504045,-0.625543237,-0.112508789,-0.12852402,-0.210680857,-0.086929135,-0.321633756,-1.23114717,-0.32634443,-0.258198887,-0.232418686,2.08166599,-0.269046575,-0.444527596,-0.723746836,-0.454572886,1.7205801,-0.217072383,-0.687965453,0.925282896,-0.323994398,0.321633756,-0.207424134,-0.235391095,-0.625543237,-0.533018887,1.39326108,-0.432369769,-0.411813855,-0.22941573,0.492174804,-0.484322101,0.654653668,-0.351561517,-0.151716515,-0.484322101,-1.32255089,2.36887527,-1.23436594,1.23436594,0.197385505,-0.197385505,1
-0.714706659,-1.00980008,-1.75178492,1.0526886,-1.09166658,-0.708575785,-0.411813855,-0.617812753,-0.610092342,-0.255433619,1.24736142,-0.204124153,-0.22941573,0.941696584,-0.319262236,-0.635223389,-0.569651902,-0.347056448,-0.112508789,-0.470504045,-0.625543237,8.88819408,-0.12852402,-0.210680857,-0.086929135,-0.321633756,0.812250614,-0.32634443,-0.258198887,-0.232418686,-0.480384469,-0.269046575,2.24957919,-0.723746836,-0.454572886,-0.581199288,-0.217072383,1.45356131,-1.08075047,-0.323994398,0.321633756,-0.207424134,-0.235391095,1.59861052,-0.533018887,-0.717740536,-0.432369769,-0.411813855,-0.22941573,0.492174804,2.06474161,-1.52752519,-0.351561517,-0.151716515,-0.484322101,0.756114542,-0.422141254,-1.23436594,1.23436594,0.197385505,-0.197385505,1
-0.986413777,-1.26539171,0.028936727,0.135312915,-0.653905571,-0.708575785,-0.411813855,-0.617812753,1.63909602,-0.255433619,-0.801692247,-0.204124153,-0.22941573,0.941696584,-0.319262236,-0.635223389,-0.569651902,-0.347056448,-0.112508789,-0.470504045,1.59861052,-0.112508789,-0.12852402,-0.210680857,-0.086929135,-0.321633756,0.812250614,-0.32634443,-0.258198887,-0.232418686,-0.480384469,-0.269046575,-0.444527596,-0.723746836,2.19986725,-0.581199288,-0.217072383,-0.687965453,-1.08075047,3.08647299,-3.10912633,-0.207424134,4.24824905,1.59861052,-0.533018887,-0.717740536,-0.432369769,2.42828155,-0.22941573,-2.0317986,-0.484322101,0.654653668,-0.351561517,-0.151716515,2.06474161,-1.32255089,-0.422141254,0.810132504,-0.810132504,0.197385505,-0.197385505,1
-0.389525294,-1.00980008,0.028936727,-0.782062769,-0.9165622,-0.708575785,-0.411813855,1.61861348,-0.610092342,-0.255433619,-0.801692247,-0.204124153,-0.22941573,0.941696584,-0.319262236,-0.635223389,-0.569651902,-0.347056448,-0.112508789,2.12538028,-0.625543237,-0.112508789,-0.12852402,-0.210680857,-0.086929135,-0.321633756,0.812250614,-0.32634443,-0.258198887,-0.232418686,-0.480384469,-0.269046575,-0.444527596,1.38169861,-0.454572886,-0.581199288,-0.217072383,-0.687965453,0.925282896,-0.323994398,0.321633756,-0.207424134,-0.235391095,1.59861052,-0.533018887,-0.717740536,-0.432369769,-0.411813855,-0.22941573,0.492174804,-0.484322101,0.654653668,-0.351561517,-0.151716515,-0.484322101,0.756114542,-0.422141254,0.810132504,-0.810132504,0.197385505,-0.197385505,1
-0.0712088495,0.779341578,0.919297576,1.0526886,1.00958633,-0.708575785,-0.411813855,-0.617812753,-0.610092342,3.91491127,-0.801692247,-0.204124153,-0.22941573,-1.06191313,-0.319262236,1.57424927,-0.569651902,-0.347056448,-0.112508789,-0.470504045,1.59861052,-0.112508789,-0.12852402,-0.210680857,-0.086929135,-0.321633756,0.812250614,-0.32634443,-0.258198887,-0.232418686,-0.480384469,-0.269046575,-0.444527596,-0.723746836,-0.454572886,1.7205801,-0.217072383,-0.687965453,0.925282896,-0.323994398,0.321633756,-0.207424134,-0.235391095,-0.625543237,1.87610602,-0.717740536,-0.432369769,-0.411813855,-0.22941573,0.492174804,-0.484322101,0.654653668,-0.351561517,-0.151716515,-0.484322101,0.756114542,-0.422141254,0.810132504,-0.810132504,0.197385505,-0.197385505,1
-0.557896972,-1.00980008,0.919297576,-0.782062769,-1.17921877,-0.708575785,-0.411813855,-0.617812753,1.63909602,-0.255433619,-0.801692247,-0.204124153,-0.22941573,0.941696584,-0.319262236,-0.635223389,-0.569651902,-0.347056448,-0.112508789,-0.470504045,1.59861052,-0.112508789,-0.12852402,-0.210680857,-0.086929135,-0.321633756,0.812250614,-0.32634443,-0.258198887,-0.232418686,-0.480384469,-0.269046575,2.24957919,-0.723746836,-0.454572886,-0.581199288,-0.217072383,1.45356131,-1.08075047,-0.323994398,0.321633756,-0.207424134,-0.235391095,-0.625543237,-0.533018887,1.39326108,-0.432369769,-0.411813855,-0.22941573,0.492174804,-0.484322101,0.654653668,-0.351561517,-0.151716515,-0.484322101,0.756114542,-0.422141254,-1.23436594,1.23436594,0.197385505,-0.197385505,0
-0.607396841,-0.243025079,0.919297576,-1.69943845,0.659377575,-0.708575785,2.42828155,-0.617812753,-0.610092342,-0.255433619,1.24736142,-0.204124153,-0.22941573,0.941696584,-0.319262236,-0.635223389,-0.569651902,-0.347056448,-0.112508789,2.12538028,-0.625543237,-0.112508789,-0.12852402,-0.210680857,-0.086929135,-0.321633756,0.812250614,-0.32634443,-0.258198887,-0.232418686,-0.480384469,-0.269046575,2.24957919,-0.723746836,-0.454572886,-0.581199288,-0.217072383,-0.687965453,-1.08075047,3.08647299,-3.10912633,4.82103968,-0.235391095,-0.625543237,1.87610602,-0.717740536,-0.432369769,-0.411813855,-0.22941573,0.492174804,-0.484322101,0.654653668,-0.351561517,-0.151716515,2.06474161,-1.32255089,-0.422141254,0.810132504,-0.810132504,0.197385505,-0.197385505,0
-0.654367447,-0.498616755,-0.861424148,1.0526886,-0.653905571,-0.708575785,-0.411813855,1.61861348,-0.610092342,-0.255433619,-0.801692247,-0.204124153,-0.22941573,0.941696584,-0.319262236,-0.635223389,1.755458,-0.347056448,-0.112508789,-0.470504045,-0.625543237,-0.112508789,-0.12852402,-0.210680857,-0.086929135,-0.321633756,0.812250614,-0.32634443,-0.258198887,-0.232418686,-0.480384469,-0.269046575,-0.444527596,1.38169861,-0.454572886,-0.581199288,-0.217072383,1.45356131,-1.08075047,-0.323994398,0.321633756,-0.207424134,-0.235391095,-0.625543237,-0.533018887,1.39326108,-0.432369769,-0.411813855,-0.22941573,0.492174804,2.06474161,-1.52752519,-0.351561517,-0.151716515,-0.484322101,0.756114542,-0.422141254,0.810132504,-0.810132504,0.197385505,-0.197385505,1
1.61539853,2.31289172,-0.861424148,1.0526886,0.134064317,-0.708575785,-0.411813855,1.61861348,-0.610092342,-0.255433619,-0.801692247,-0.204124153,4.35889912,-1.06191313,-0.319262236,-0.635223389,-0.569651902,-0.347056448,-0.112508789,-0.470504045,-0.625543237,-0.112508789,-0.12852402,-0.210680857,-0.086929135,3.10912633,0.812250614,-0.32634443,-0.258198887,-0.232418686,-0.480384469,-0.269046575,-0.444527596,-0.723746836,2.19986725,-0.581199288,-0.217072383,1.45356131,-1.08075047,-0.323994398,-3.10912633,-0.207424134,4.24824905,-0.625543237,-0.533018887,1.39326108,-0.432369769,-0.411813855,-0.22941573,0.492174804,2.06474161,-1.52752519,-0.351561517,-0.151716515,-0.484322101,0.756114542,-0.422141254,0.810132504,-0.810132504,0.197385505,-0.197385505,0
-0.594750881,-0.243025079,0.028936727,1.0526886,-1.00411439,-0.708575785,-0.411813855,-0.617812753,-0.610092342,-0.255433619,1.24736142,-0.204124153,-0.22941573,0.941696584,-0.319262236,-0.635223389,-0.569651902,-0.347056448,-0.112508789,-0.470504045,-0.625543237,-0.112508789,-0.12852402,-0.210680857,-0.086929135,3.10912633,-1.23114717,3.06424713,-0.258198887,-0.232418686,-0.480384469,-0.269046575,-0.444527596,1.38169861,-0.454572886,-0.581199288,-0.217072383,1.45356131,-1.08075047,-0.323994398,0.321633756,-0.207424134,-0.235391095,-0.625543237,1.87610602,-0.717740536,-0.432369769,-0.411813855,-0.22941573,0.492174804,2.06474161,-1.52752519,-0.351561517,-0.151716515,2.06474161,-1.32255089,-0.422141254,0.810132504,-0.810132504,0.197385505,-0.197385505,1
1.84410942,0.523749948,-0.861424148,1.0526886,0.571825325,1.0356108,-0.411813855,-0.617812753,1.63909602,-0.255433619,-0.801692247,4.89897966,-0.22941573,-1.06191313,-0.319262236,-0.635223389,-0.569651902,-0.347056448,-0.112508789,-0.470504045,-0.625543237,-0.112508789,-0.12852402,-0.210680857,-0.086929135,3.10912633,0.812250614,-0.32634443,-0.258198887,-0.232418686,-0.480384469,-0.269046575,-0.444527596,-0.723746836,-0.454572886,1.7205801,-0.217072383,1.45356131,-1.08075047,-0.323994398,0.321633756,-0.207424134,-0.235391095,-0.625543237,-0.533018887,-0.717740536,2.31283522,-0.411813855,-0.22941573,0.492174804,-0.484322101,-1.52752519,2.84445238,-0.151716515,-0.484322101,-1.32255089,2.36887527,-1.23436594,1.23436594,0.197385505,-0.197385505,0
-0.826713562,-0.754208446,-1.75178492,-0.782062769,0.221616521,-0.708575785,-0.411813855,-0.617812753,-0.610092342,-0.255433619,1.24736142,-0.204124153,-0.22941573,-1.06191313,-0.319262236,1.57424927,1.755458,-0.347056448,-0.112508789,-0.470504045,-0.625543237,-0.112508789,-0.12852402,-0.210680857,-0.086929135,-0.321633756,0.812250614,-0.32634443,-0.258198887,-0.232418686,-0.480384469,3.71682858,-0.444527596,-0.723746836,-0.454572886,-0.581199288,-0.217072383,1.45356131,-1.08075047,-0.323994398,0.321633756,-0.207424134,-0.235391095,-0.625543237,1.87610602,-0.717740536,-0.432369769,-0.411813855,-0.22941573,0.492174804,-0.484322101,0.654653668,-0.351561517,6.59123993,-0.484322101,-1.32255089,-0.422141254,0.810132504,-0.810132504,0.197385505,-0.197385505,1
1.27468073,0.779341578,-0.861424148,0.135312915,0.0465121083,1.0356108,-0.411813855,-0.617812753,-0.610092342,-0.255433619,1.24736142,-0.204124153,-0.22941573,-1.06191313,-0.319262236,1.57424927,-0.569651902,-0.347056448,-0.112508789,-0.470504045,1.59861052,-0.112508789,-0.12852402,-0.210680857,-0.086929135,-0.321633756,-1.23114717,-0.32634443,-0.258198887,-0.232418686,2.08166599,-0.269046575,-0.444527596,-0.723746836,2.19986725,-0.581199288,-0.217072383,-0.687965453,0.925282896,-0.323994398,0.321633756,-0.207424134,-0.235391095,-0.625543237,1.87610602,-0.717740536,-0.432369769,-0.411813855,-0.22941573,0.492174804,-0.484322101,0.654653668,-0.351561517,-0.151716515,-0.484322101,0.756114542,-0.422141254,0.810132504,-0.810132504,0.197385505,-0.197385505,1
-0.892111182,-1.00980008,0.028936727,-0.782062769,-0.653905571,-0.708575785,-0.411813855,-0.617812753,-0.610092342,3.91491127,-0.801692247,-0.204124153,-0.22941573,0.941696584,-0.319262236,-0.635223389,-0.569651902,-0.347056448,-0.112508789,-0.470504045,1.59861052,-0.112508789,-0.12852402,-0.210680857,-0.086929135,-0.321633756,0.812250614,-0.32634443,-0.258198887,-0.232418686,-0.480384469,-0.269046575,-0.444527596,1.38169861,-0.454572886,-0.581199288,-0.217072383,1.45356131,-1.08075047,-0.323994398,0.321633756,-0.207424134,-0.235391095,1.59861052,-0.533018887,-0.717740536,-0.432369769,-0.411813855,-0.22941573,0.492174804,-0.484322101,0.654653668,-0.351561517,-0.151716515,2.06474161,-1.32255089,-0.422141254,0.810132504,-0.810132504,0.197385505,-0.197385505,0
-0.348696947,-0.243025079,0.919297576,0.135312915,-0.478801131,-0.708575785,2.42828155,1.61861348,-0.610092342,-0.255433619,-0.801692247,-0.204124153,-0.22941573,0.941696584,-0.319262236,-0.635223389,1.755458,-0.347056448,-0.112508789,-0.470504045,-0.625543237,-0.112508789,-0.12852402,-0.210680857,-0.086929135,-0.321633756,-1.23114717,3.06424713,-0.258198887,-0.232418686,-0.480384469,-0.269046575,-0.444527596,-0.723746836,2.19986725,-0.581199288,-0.217072383,-0.687965453,0.925282896,-0.323994398,0.321633756,-0.207424134,-0.235391095,-0.625543237,-0.533018887,1.39326108,-0.432369769,-0.411813855,-0.22941573,0.492174804,-0.484322101,0.654653668,-0.351561517,-0.151716515,-0.484322101,-1.32255089,2.36887527,-1.23436594,1.23436594,0.197385505,-0.197385505,1
-0.523210943,-1.26539171,-1.75178492,-0.782062769,-1.26677096,-0.708575785,-0.411813855,-0.617812753,-0.610092342,-0.255433619,1.24736142,-0.204124153,-0.22941573,0.941696584,-0.319262236,-0.635223389,-0.569651902,-0.347056448,-0.112508789,2.12538028,-0.625543237,-0.112508789,-0.12852402,-0.210680857,-0.086929135,-0.321633756,0.812250614,-0.32634443,-0.258198887,-0.232418686,-0.480384469,-0.269046575,-0.444527596,1.38169861,-0.454572886,-0.581199288,-0.217072383,-0.687965453,-1.08075047,3.08647299,0.321633756,-0.207424134,-0.235391095,-0.625543237,1.87610602,-0.717740536,-0.432369769,-0.411813855,-0.22941573,0.492174804,2.06474161,-1.52752519,-0.351561517,-0.151716515,-0.484322101,0.756114542,-0.422141254,0.810132504,-0.810132504,0.197385505,-0.197385505,1
-0.0556724072,2.31289172,0.919297576,1.0526886,-0.653905571,1.0356108,-0.411813855,-0.617812753,1.63909602,-0.255433619,-0.801692247,-0.204124153,-0.22941573,0.941696584,-0.319262236,-0.635223389,-0.569651902,-0.347056448,-0.112508789,-0.470504045,1.59861052,-0.112508789,-0.12852402,-0.210680857,-0.086929135,-0.321633756,0.812250614,-0.32634443,-0.258198887,-0.232418686,-0.480384469,-0.269046575,-0.444527596,-0.723746836,2.19986725,-0.581199288,-0.217072383,-0.687965453,0.925282896,-0.323994398,0.321633756,-0.207424134,-0.235391095,1.59861052,-0.533018887,-0.717740536,-0.432369769,-0.411813855,-0.22941573,0.492174804,-0.484322101,0.654653668,-0.351561517,-0.151716515,-0.484322101,0.756114542,-0.422141254,0.810132504,-0.810132504,0.197385505,-0.197385505,0
-0.415539801,0.268158257,0.028936727,-0.782062769,-0.128592297,-0.708575785,-0.411813855,-0.617812753,1.63909602,-0.255433619,-0.801692247,-0.204124153,-0.22941573,-1.06191313,3.13222146,-0.635223389,-0.569651902,-0.347056448,-0.112508789,2.12538028,-0.625543237,-0.112508789,-0.12852402,-0.210680857,-0.086929135,-0.321633756,0.812250614,-0.32634443,-0.258198887,-0.232418686,-0.480384469,3.71682858,-0.444527596,-0.723746836,-0.454572886,-0.581199288,-0.217072383,1.45356131,-1.08075047,-0.323994398,0.321633756,-0.207424134,-0.235391095,-0.625543237,1.87610602,-0.717740536,-0.432369769,-0.411813855,-0.22941573,0.492174804,-0.484322101,0.654653668,-0.351561517,-0.151716515,-0.484322101,-1.32255089,2.36887527,-1.23436594,1.23436594,0.197385505,-0.197385505,0
-0.728075206,-1.00980008,0.919297576,1.0526886,2.76063061,1.0356108,-0.411813855,-0.617812753,1.63909602,-0.255433619,-0.801692247,-0.204124153,-0.22941573,0.941696584,-0.319262236,-0.635223389,-0.569651902,-0.347056448,-0.112508789,-0.470504045,-0.625543237,-0.112508789,-0.12852402,4.74651575,-0.086929135,-0.321633756,0.812250614,-0.32634443,-0.258198887,-0.232418686,-0.480384469,-0.269046575,-0.444527596,-0.723746836,2.19986725,-0.581199288,-0.217072383,1.45356131,-1.08075047,-0.323994398,0.321633756,-0.207424134,-0.235391095,-0.625543237,1.87610602,-0.717740536,-0.432369769,-0.411813855,-0.22941573,0.492174804,-0.484322101,0.654653668,-0.351561517,-0.151716515,-0.484322101,-1.32255089,2.36887527,-1.23436594,1.23436594,0.197385505,-0.197385505,1
-0.467930138,-1.00980008,0.919297576,0.135312915,-0.0410400964,-0.708575785,-0.411813855,-0.617812753,1.63909602,-0.255433619,-0.801692247,-0.204124153,-0.22941573,-1.06191313,-0.319262236,1.57424927,-0.569651902,-0.347056448,-0.112508789,2.12538028,-0.625543237,-0.112508789,-0.12852402,-0.210680857,-0.086929135,-0.321633756,0.812250614,-0.32634443,-0.258198887,-0.232418686,-0.480384469,-0.269046575,-0.444527596,-0.723746836,2.19986725,-0.581199288,-0.217072383,-0.687965453,0.925282896,-0.323994398,0.321633756,-0.207424134,-0.235391095,-0.625543237,-0.533018887,1.39326108,-0.432369769,-0.411813855,-0.22941573,0.492174804,2.06474161,-1.52752519,-0.351561517,-0.151716515,-0.484322101,0.756114542,-0.422141254,-1.23436594,1.23436594,0.197385505,-0.197385505,1
-0.599447906,-0.754208446,0.919297576,1.0526886,1.71000409,1.0356108,2.42828155,-0.617812753,-0.610092342,-0.255433619,1.24736142,-0.204124153,-0.22941573,-1.06191313,3.13222146,-0.635223389,-0.569651902,-0.347056448,-0.112508789,-0.470504045,-0.625543237,-0.112508789,7.7806468,-0.210680857,-0.086929135,-0.321633756,-1.23114717,-0.32634443,-0.258198887,4.30257988,-0.480384469,-0.269046575,-0.444527596,-0.723746836,-0.454572886,1.7205801,-0.217072383,-0.687965453,0.925282896,-0.323994398,0.321633756,-0.207424134,-0.235391095,-0.625543237,-0.533018887,-0.717740536,2.31283522,-0.411813855,-0.22941573,0.492174804,-0.484322101,-1.52752519,2.84445238,-0.151716515,-0.484322101,0.756114542,-0.422141254,0.810132504,-0.810132504,0.197385505,-0.197385505,0
-0.409758806,-1.26539171,-1.75178492,-0.782062769,-1.00411439,-0.708575785,-0.411813855,-0.617812753,-0.610092342,-0.255433619,1.24736142,-0.204124153,-0.22941573,-1.06191313,-0.319262236,1.57424927,1.755458,-0.347056448,-0.112508789,-0.470504045,-0.625543237,-0.112508789,-0.12852402,-0.210680857,-0.086929135,-0.321633756,-1.23114717,-0.32634443,3.87298346,-0.232418686,-0.480384469,-0.269046575,-0.444527596,1.38169861,-0.454572886,-0.581199288,-0.217072383,-0.687965453,-1.08075047,3.08647299,0.321633756,-0.207424134,-0.235391095,-0.625543237,-0.533018887,1.39326108,-0.432369769,-0.411813855,-0.22941573,0.492174804,-0.484322101,0.654653668,-0.351561517,-0.151716515,-0.484322101,0.756114542,-0.422141254,0.810132504,-0.810132504,0.197385505,-0.197385505,1
1.03187859,-0.243025079,0.028936727,1.0526886,-0.216144517,1.0356108,-0.411813855,-0.617812753,-0.610092342,-0.255433619,1.24736142,-0.204124153,-0.22941573,-1.06191313,-0.319262236,1.57424927,-0.569651902,-0.347056448,-0.112508789,-0.470504045,1.59861052,-0.112508789,-0.12852402,-0.210680857,-0.086929135,-0.321633756,0.812250614,-0.32634443,-0.258198887,-0.232418686,-0.480384469,-0.269046575,-0.444527596,-0.723746836,-0.454572886,1.7205801,-0.217072383,-0.687965453,0.925282896,-0.323994398,0.321633756,-0.207424134,-0.235391095,-0.625543237,-0.533018887,1.39326108,-0.432369769,-0.411813855,-0.22941573,0.492174804,-0.484322101,0.654653668,-0.351561517,-0.151716515,-0.484322101,0.756114542,-0.422141254,-1.23436594,1.23436594,0.197385505,-0.197385505,1
-0.657980561,-0.839405656,0.919297576,1.0526886,-0.0410400964,1.0356108,-0.411813855,-0.617812753,-0.610092342,-0.255433619,1.24736142,-0.204124153,-0.22941573,-1.06191313,-0.319262236,1.57424927,1.755458,-0.347056448,-0.112508789,-0.470504045,-0.625543237,-0.112508789,-0.12852402,-0.210680857,-0.086929135,-0.321633756,0.812250614,-0.32634443,-0.258198887,-0.232418686,-0.480384469,-0.269046575,2.24957919,-0.723746836,-0.454572886,-0.581199288,-0.217072383,1.45356131,-1.08075047,-0.323994398,0.321633756,-0.207424134,-0.235391095,-0.625543237,-0.533018887,1.39326108,-0.432369769,-0.411813855,-0.22941573,0.492174804,-0.484322101,0.654653668,-0.351561517,-0.151716515,-0.484322101,-1.32255089,2.36887527,0.810132504,-0.810132504,0.197385505,-0.197385505,1
-0.0903584212,0.268158257,0.919297576,1.0526886,1.18469083,-0.708575785,2.42828155,1.61861348,-0.610092342,-0.255433619,-0.801692247,-0.204124153,-0.22941573,0.941696584,-0.319262236,-0.635223389,-0.569651902,2.88137555,-0.112508789,-0.470504045,-0.625543237,-0.112508789,-0.12852402,-0.210680857,-0.086929135,-0.321633756,-1.23114717,-0.32634443,-0.258198887,-0.232418686,2.08166599,-0.269046575,-0.444527596,-0.723746836,-0.454572886,1.7205801,-0.217072383,-0.687965453,0.925282896,-0.323994398,0.321633756,-0.207424134,-0.235391095,-0.625543237,-0.533018887,-0.717740536,2.31283522,2.42828155,-0.22941573,-2.0317986,-0.484322101,-1.52752519,2.84445238,-0.151716515,-0.484322101,0.756114542,-0.422141254,-1.23436594,1.23436594,0.197385505,-0.197385505,1
0.734879673,0.0125665907,-1.75178492,0.135312915,-0.82900995,-0.708575785,-0.411813855,-0.617812753,-0.610092342,-0.255433619,1.24736142,-0.204124153,-0.22941573,0.941696584,-0.319262236,-0.635223389,-0.569651902,2.88137555,-0.112508789,-0.470504045,-0.625543237,-0.112508789,-0.12852402,-0.210680857,-0.086929135,-0.321633756,-1.23114717,-0.32634443,-0.258198887,-0.232418686,2.08166599,-0.269046575,-0.444527596,1.38169861,-0.454572886,-0.581199288,-0.217072383,-0.687965453,0.925282896,-0.323994398,0.321633756,-0.207424134,-0.235391095,-0.625543237,-0.533018887,1.39326108,-0.432369769,-0.411813855,-0.22941573,0.492174804,-0.484322101,0.654653668,-0.351561517,-0.151716515,-0.484322101,0.756114542,-0.422141254,0.810132504,-0.810132504,0.197385505,-0.197385505,1
-0.784801304,-0.243025079,0.919297576,-0.782062769,-0.216144517,-0.708575785,-0.411813855,-0.617812753,1.63909602,-0.255433619,-0.801692247,-0.204124153,-0.22941573,0.941696584,-0.319262236,-0.635223389,1.755458,-0.347056448,-0.112508789,-0.470504045,-0.625543237,-0.112508789,-0.12852402,-0.210680857,-0.086929135,-0.321633756,-1.23114717,-0.32634443,-0.258198887,-0.232418686,2.08166599,-0.269046575,-0.444527596,1.38169861,-0.454572886,-0.581199288,-0.217072383,1.45356131,-1.08075047,-0.323994398,0.321633756,-0.207424134,-0.235391095,-0.625543237,1.87610602,-0.717740536,-0.432369769,-0.411813855,-0.22941573,0.492174804,-0.484322101,0.654653668,-0.351561517,-0.151716515,-0.484322101,0.756114542,-0.422141254,0.810132504,-0.810132504,0.197385505,-0.197385505,0
-0.700615466,-0.924602866,0.919297576,-0.782062769,-1.09166658,-0.708575785,-0.411813855,-0.617812753,-0.610092342,3.91491127,-0.801692247,-0.204124153,-0.22941573,0.941696584,-0.319262236,-0.635223389,-0.569651902,-0.347056448,-0.112508789,2.12538028,-0.625543237,-0.112508789,-0.12852402,-0.210680857,-0.086929135,-0.321633756,0.812250614,-0.32634443,-0.258198887,-0.232418686,-0.480384469,-0.269046575,2.24957919,-0.723746836,-0.454572886,-0.581199288,-0.217072383,1.45356131,-1.08075047,-0.323994398,0.321633756,-0.207424134,-0.235391095,-0.625543237,1.87610602,-0.717740536,-0.432369769,-0.411813855,-0.22941573,0.492174804,-0.484322101,0.654653668,-0.351561517,-0.151716515,-0.484322101,0.756114542,-0.422141254,0.810132504,-0.810132504,0.197385505,-0.197385505,1
-1.07096088,-1.26539171,-0.861424148,-0.782062769,0.484273136,1.0356108,-0.411813855,-0.617812753,-0.610092342,-0.255433619,1.24736142,-0.204124153,-0.22941573,-1.06191313,-0.319262236,1.57424927,1.755458,-0.347056448,-0.112508789,-0.470504045,-0.625543237,-0.112508789,-0.12852402,-0.210680857,-0.086929135,-0.321633756,-1.23114717,-0.32634443,-0.258198887,4.30257988,-0.480384469,-0.269046575,-0.444527596,1.38169861,-0.454572886,-0.581199288,-0.217072383,1.45356131,-1.08075047,-0.323994398,0.321633756,-0.207424134,-0.235391095,1.59861052,-0.533018887,-0.717740536,-0.432369769,2.42828155,-0.22941573,-2.0317986,-0.484322101,0.654653668,-0.351561517,-0.151716515,2.06474161,-1.32255089,-0.422141254,0.810132504,-0.810132504,0.197385505,-0.197385505,1
0.395245761,2.31289172,0.028936727,1.0526886,-1.00411439,-0.708575785,-0.411813855,1.61861348,-0.610092342,-0.255433619,-0.801692247,-0.204124153,-0.22941573,0.941696584,-0.319262236,-0.635223389,-0.569651902,-0.347056448,-0.112508789,-0.470504045,-0.625543237,-0.112508789,-0.12852402,-0.210680857,-0.086929135,3.10912633,0.812250614,-0.32634443,-0.258198887,-0.232418686,-0.480384469,-0.269046575,2.24957919,-0.723746836,-0.454572886,-0.581199288,-0.217072383,1.45356131,-1.08075047,-0.323994398,0.321633756,-0.207424134,-0.235391095,-0.625543237,1.87610602,-0.717740536,-0.432369769,-0.411813855,-0.22941573,0.492174804,2.06474161,-1.52752519,-0.351561517,-0.151716515,-0.484322101,0.756114542,-0.422141254,0.810132504,-0.810132504,0.197385505,-0.197385505,0
0.0462177582,1.29052496,0.919297576,-0.782062769,1.35979521,-0.708575785,-0.411813855,-0.617812753,-0.610092342,-0.255433619,1.24736142,-0.204124153,-0.22941573,-1.06191313,-0.319262236,1.57424927,-0.569651902,-0.347056448,-0.112508789,-0.470504045,1.59861052,-0.112508789,-0.12852402,-0.210680857,-0.086929135,-0.321633756,-1.23114717,-0.32634443,-0.258198887,-0.232418686,2.08166599,-0.269046575,-0.444527596,-0.723746836,-0.454572886,1.7205801,-0.217072383,-0.687965453,0.925282896,-0.323994398,0.321633756,-0.207424134,-0.235391095,-0.625543237,-0.533018887,1.39326108,-0.432369769,-0.411813855,-0.22941573,0.492174804,-0.484322101,0.654653668,-0.351561517,-0.151716515,-0.484322101,0.756114542,-0.422141254,-1.23436594,1.23436594,0.197385505,-0.197385505,1
0.26553452,-0.924602866,-1.75178492,-1.69943845,0.134064317,-0.708575785,2.42828155,-0.617812753,-0.610092342,3.91491127,-0.801692247,-0.204124153,-0.22941573,0.941696584,-0.319262236,-0.635223389,1.755458,-0.347056448,-0.112508789,-0.470504045,-0.625543237,-0.112508789,-0.12852402,-0.210680857,-0.086929135,-0.321633756,0.812250614,-0.32634443,-0.258198887,-0.232418686,-0.480384469,-0.269046575,2.24957919,-0.723746836,-0.454572886,-0.581199288,-0.217072383,-0.687965453,0.925282896,-0.323994398,-3.10912633,-0.207424134,4.24824905,-0.625543237,1.87610602,-0.717740536,-0.432369769,-0.411813855,-0.22941573,0.492174804,-0.484322101,0.654653668,-0.351561517,-0.151716515,2.06474161,-1.32255089,-0.422141254,0.810132504,-0.810132504,0.197385505,-0.197385505,1
-0.755535007,-0.754208446,0.919297576,1.0526886,-0.566353321,-0.708575785,-0.411813855,-0.617812753,-0.610092342,-0.255433619,1.24736142,-0.204124153,-0.22941573,0.941696584,-0.319262236,-0.635223389,-0.569651902,-0.347056448,-0.112508789,2.12538028,-0.625543237,-0.112508789,-0.12852402,-0.210680857,-0.086929135,-0.321633756,-1.23114717,-0.32634443,3.87298346,-0.232418686,-0.480384469,-0.269046575,-0.444527596,1.38169861,-0.454572886,-0.581199288,-0.217072383,1.45356131,-1.08075047,-0.323994398,0.321633756,-0.207424134,-0.235391095,-0.625543237,-0.533018887,1.39326108,-0.432369769,-0.411813855,-0.22941573,0.492174804,2.06474161,-1.52752519,-0.351561517,-0.151716515,2.06474161,-1.32255089,-0.422141254,0.810132504,-0.810132504,0.197385505,-0.197385505,0
-0.678214073,-1.00980008,0.919297576,-0.782062769,-0.128592297,1.0356108,-0.411813855,-0.617812753,-0.610092342,3.91491127,-0.801692247,4.89897966,-0.22941573,-1.06191313,-0.319262236,-0.635223389,-0.569651902,-0.347056448,-0.112508789,-0.470504045,1.59861052,-0.112508789,-0.12852402,-0.210680857,-0.086929135,-0.321633756,0.812250614,-0.32634443,-0.258198887,-0.232418686,-0.480384469,-0.269046575,2.24957919,-0.723746836,-0.454572886,-0.581199288,-0.217072383,-0.687965453,0.925282896,-0.323994398,0.321633756,-0.207424134,-0.235391095,-0.625543237,-0.533018887,1.39326108,-0.432369769,-0.411813855,-0.22941573,0.492174804,-0.484322101,0.654653668,-0.351561517,-0.151716515,-0.484322101,-1.32255089,2.36887527,-1.23436594,1.23436594,0.197385505,-0.197385505,0
-0.914873898,-0.754208446,0.919297576,0.135312915,1.35979521,1.0356108,-0.411813855,-0.617812753,-0.610092342,-0.255433619,1.24736142,-0.204124153,-0.22941573,-1.06191313,-0.319262236,1.57424927,1.755458,-0.347056448,-0.112508789,-0.470504045,-0.625543237,-0.112508789,-0.12852402,-0.210680857,-0.086929135,-0.321633756,-1.23114717,3.06424713,-0.258198887,-0.232418686,-0.480384469,-0.269046575,-0.444527596,-0.723746836,2.19986725,-0.581199288,-0.217072383,1.45356131,-1.08075047,-0.323994398,0.321633756,-0.207424134,-0.235391095,-0.625543237,-0.533018887,1.39326108,-0.432369769,-0.411813855,-0.22941573,0.492174804,-0.484322101,0.654653668,-0.351561517,-0.151716515,-0.484322101,0.756114542,-0.422141254,-1.23436594,1.23436594,0.197385505,-0.197385505,1
-0.169485897,0.0125665907,0.028936727,-0.782062769,-0.303696722,1.0356108,-0.411813855,-0.617812753,1.63909602,-0.255433619,-0.801692247,-0.204124153,-0.22941573,-1.06191313,-0.319262236,1.57424927,-0.569651902,-0.347056448,-0.112508789,2.12538028,-0.625543237,-0.112508789,-0.12852402,-0.210680857,-0.086929135,-0.321633756,-1.23114717,-0.32634443,-0.258198887,4.30257988,-0.480384469,-0.269046575,-0.444527596,-0.723746836,2.19986725,-0.581199288,-0.217072383,-0.687965453,0.925282896,-0.323994398,0.321633756,-0.207424134,-0.235391095,-0.625543237,-0.533018887,1.39326108,-0.432369769,-0.411813855,-0.22941573,0.492174804,-0.484322101,0.654653668,-0.351561517,-0.151716515,-0.484322101,0.756114542,-0.422141254,-1.23436594,1.23436594,0.197385505,-0.197385505,1
-0.612093866,-0.498616755,0.919297576,1.0526886,2.41042161,-0.708575785,-0.411813855,-0.617812753,-0.610092342,-0.255433619,1.24736142,-0.204124153,-0.22941573,-1.06191313,-0.319262236,1.57424927,-0.569651902,-0.347056448,-0.112508789,2.12538028,-0.625543237,-0.112508789,-0.12852402,-0.210680857,-0.086929135,-0.321633756,-1.23114717,-0.32634443,-0.258198887,-0.232418686,2.08166599,-0.269046575,-0.444527596,-0.723746836,-0.454572886,1.7205801,-0.217072383,-0.687965453,0.925282896,-0.323994398,0.321633756,-0.207424134,-0.235391095,-0.625543237,1.87610602,-0.717740536,-0.432369769,-0.411813855,-0.22941573,0.492174804,-0.484322101,0.654653668,-0.351561517,-0.151716515,-0.484322101,0.756114542,-0.422141254,0.810132504,-0.810132504,0.197385505,-0.197385505,1
-0.512010276,-0.669011176,0.028936727,-1.69943845,-0.653905571,1.0356108,-0.411813855,1.61861348,-0.610092342,-0.255433619,-0.801692247,-0.204124153,-0.22941573,-1.06191313,-0.319262236,1.57424927,-0.569651902,-0.347056448,-0.112508789,-0.470504045,-0.625543237,-0.112508789,-0.12852402,-0.210680857,-0.086929135,3.10912633,0.812250614,-0.32634443,-0.258198887,-0.232418686,-0.480384469,-0.269046575,2.24957919,-0.723746836,-0.454572886,-0.581199288,-0.217072383,-0.687965453,0.925282896,-0.323994398,0.321633756,-0.207424134,-0.235391095,-0.625543237,1.87610602,-0.717740536,-0.432369769,2.42828155,-0.22941573,-2.0317986,-0.484322101,0.654653668,-0.351561517,-0.151716515,2.06474161,-1.32255089,-0.422141254,0.810132504,-0.810132504,0.197385505,-0.197385505,1
-0.33316052,-0.754208446,0.919297576,-0.782062769,0.571825325,1.0356108,-0.411813855,-0.617812753,-0.610092342,-0.255433619,1.24736142,-0.204124153,-0.22941573,-1.06191313,-0.319262236,1.57424927,-0.569651902,-0.347056448,-0.112508789,-0.470504045,-0.625543237,-0.112508789,-0.12852402,-0.210680857,-0.086929135,3.10912633,0.812250614,-0.32634443,-0.258198887,-0.232418686,-0.480384469,3.71682858,-0.444527596,-0.723746836,-0.454572886,-0.581199288,-0.217072383,-0.687965453,0.925282896,-0.323994398,0.321633756,-0.207424134,-0.235391095,-0.625543237,-0.533018887,1.39326108,-0.432369769,-0.411813855,4.35889912,-2.0317986,-0.484322101,0.654653668,-0.351561517,-0.151716515,-0.484322101,-1.32255089,2.36887527,-1.23436594,1.23436594,0.197385505,-0.197385505,0
0.223260954,-1.00980008,-1.75178492,1.0526886,2.49797392,-0.708575785,-0.411813855,-0.617812753,-0.610092342,-0.255433619,1.24736142,-0.204124153,-0.22941573,0.941696584,-0.319262236,-0.635223389,-0.569651902,-0.347056448,-0.112508789,-0.470504045,-0.625543237,-0.112508789,-0.12852402,4.74651575,-0.086929135,-0.321633756,-1.23114717,-0.32634443,-0.258198887,-0.232418686,2.08166599,-0.269046575,-0.444527596,-0.723746836,-0.454572886,1.7205801,-0.217072383,-0.687965453,0.925282896,-0.323994398,0.321633756,-0.207424134,-0.235391095,1.59861052,-0.533018887,-0.717740536,-0.432369769,-0.411813855,-0.22941573,0.492174804,-0.484322101,0.654653668,-0.351561517,-0.151716515,2.06474161,-1.32255089,-0.422141254,0.810132504,-0.810132504,0.197385505,-0.197385505,1
-0.329908699,-1.00980008,-0.861424148,1.0526886,-1.17921877,-0.708575785,-0.411813855,-0.617812753,-0.610092342,-0.255433619,1.24736142,-0.204124153,-0.22941573,0.941696584,-0.319262236,-0.635223389,-0.569651902,-0.347056448,-0.112508789,2.12538028,-0.625543237,-0.112508789,-0.12852402,-0.210680857,-0.086929135,-0.321633756,-1.23114717,3.06424713,-0.258198887,-0.232418686,-0.480384469,-0.269046575,2.24957919,-0.723746836,-0.454572886,-0.581199288,-0.217072383,1.45356131,-1.08075047,-0.323994398,0.321633756,-0.207424134,-0.235391095,-0.625543237,1.87610602,-0.717740536,-0.432369769,-0.411813855,-0.22941573,0.492174804,2.06474161,-1.52752519,-0.351561517,-0.151716515,-0.484322101,0.756114542,-0.422141254,0.810132504,-0.810132504,0.197385505,-0.197385505,1
-0.782633424,-0.924602866,0.919297576,1.0526886,-1.09166658,-0.708575785,-0.411813855,-0.617812753,1.63909602,-0.255433619,-0.801692247,-0.204124153,4.35889912,-1.06191313,-0.319262236,-0.635223389,-0.569651902,-0.347056448,-0.112508789,-0.470504045,1.59861052,-0.112508789,-0.12852402,-0.210680857,-0.086929135,-0.321633756,0.812250614,-0.32634443,-0.258198887,-0.232418686,-0.480384469,-0.269046575,-0.444527596,1.38169861,-0.454572886,-0.581199288,-0.217072383,-0.687965453,0.925282896,-0.323994398,0.321633756,-0.207424134,-0.235391095,1.59861052,-0.533018887,-0.717740536,-0.432369769,-0.411813855,4.35889912,-2.0317986,-0.484322101,0.654653668,-0.351561517,-0.151716515,2.06474161,-1.32255089,-0.422141254,0.810132504,-0.810132504,0.197385505,-0.197385505,1
-0.140580878,0.268158257,0.919297576,0.135312915,-0.128592297,1.0356108,2.42828155,-0.617812753,1.63909602,-0.255433619,-0.801692247,-0.204124153,-0.22941573,-1.06191313,-0.319262236,1.57424927,-0.569651902,-0.347056448,-0.112508789,-0.470504045,-0.625543237,-0.112508789,-0.12852402,-0.210680857,-0.086929135,3.10912633,-1.23114717,-0.32634443,-0.258198887,-0.232418686,2.08166599,-0.269046575,-0.444527596,-0.723746836,2.19986725,-0.581199288,-0.217072383,-0.687965453,0.925282896,-0.323994398,0.321633756,-0.207424134,-0.235391095,-0.625543237,-0.533018887,-0.717740536,2.31283522,-0.411813855,-0.22941573,0.492174804,-0.484322101,0.654653668,-0.351561517,-0.151716515,-0.484322101,0.756114542,-0.422141254,-1.23436594,1.23436594,0.197385505,-0.197385505,1
0.280348361,1.29052496,0.028936727,-0.782062769,-0.566353321,-0.708575785,-0.411813855,-0.617812753,1.63909602,-0.255433619,-0.801692247,-0.204124153,4.35889912,-1.06191313,-0.319262236,-0.635223389,-0.569651902,-0.347056448,-0.112508789,-0.470504045,-0.625543237,8.88819408,-0.12852402,-0.210680857,-0.086929135,-0.321633756,-1.23114717,-0.32634443,-0.258198887,-0.232418686,2.08166599,-0.269046575,2.24957919,-0.723746836,-0.454572886,-0.581199288,-0.217072383,1.45356131,-1.08075047,-0.323994398,0.321633756,-0.207424134,-0.235391095,-0.625543237,-0.533018887,-0.717740536,2.31283522,2.42828155,-0.22941573,-2.0317986,-0.484322101,0.654653668,-0.351561517,6.59123993,-0.484322101,-1.32255089,-0.422141254,0.810132504,-0.810132504,0.197385505,-0.197385505,1
-0.650393009,-1.09499729,0.919297576,-0.782062769,-0.216144517,-0.708575785,-0.411813855,-0.617812753,1.63909602,-0.255433619,-0.801692247,-0.204124153,-0.22941573,0.941696584,-0.319262236,-0.635223389,-0.569651902,-0.347056448,-0.112508789,-0.470504045,1.59861052,-0.112508789,-0.12852402,-0.210680857,-0.086929135,-0.321633756,0.812250614,-0.32634443,-0.258198887,-0.232418686,-0.480384469,-0.269046575,-0.444527596,1.38169861,-0.454572886,-0.581199288,-0.217072383,-0.687965453,0.925282896,-0.323994398,-3.10912633,-0.207424134,4.24824905,1.59861052,-0.533018887,-0.717740536,-0.432369769,-0.411813855,-0.22941573,0.492174804,-0.484322101,0.654653668,-0.351561517,-0.151716515,-0.484322101,0.756114542,-0.422141254,0.810132504,-0.810132504,-5.06622791,5.06622791,1
-0.484911829,-1.26539171,0.919297576,1.0526886,0.0465121083,2.77979732,-0.411813855,1.61861348,-0.610092342,-0.255433619,-0.801692247,-0.204124153,-0.22941573,-1.06191313,-0.319262236,1.57424927,-0.569651902,-0.347056448,-0.112508789,2.12538028,-0.625543237,-0.112508789,-0.12852402,-0.210680857,-0.086929135,-0.321633756,0.812250614,-0.32634443,-0.258198887,-0.232418686,-0.480384469,3.71682858,-0.444527596,-0.723746836,-0.454572886,-0.581199288,-0.217072383,-0.687965453,0.925282896,-0.323994398,0.321633756,-0.207424134,-0.235391095,-0.625543237,-0.533018887,-0.717740536,2.31283522,-0.411813855,-0.22941573,0.492174804,-0.484322101,-1.52752519,2.84445238,-0.151716515,-0.484322101,-1.32255089,2.36887527,-1.23436594,1.23436594,0.197385505,-0.197385505,1
-0.643528104,-0.498616755,0.919297576,0.135312915,-0.9165622,1.0356108,-0.411813855,1.61861348,-0.610092342,-0.255433619,-0.801692247,-0.204124153,-0.22941573,-1.06191313,-0.319262236,1.57424927,-0.569651902,-0.347056448,-0.112508789,2.12538028,-0.625543237,-0.112508789,-0.12852402,-0.210680857,-0.086929135,-0.321633756,0.812250614,-0.32634443,-0.258198887,-0.232418686,-0.480384469,-0.269046575,-0.444527596,1.38169861,-0.454572886,-0.581199288,-0.217072383,1.45356131,-1.08075047,-0.323994398,0.321633756,-0.207424134,-0.235391095,-0.625543237,1.87610602,-0.717740536,-0.432369769,-0.411813855,-0.22941573,0.492174804,2.06474161,-1.52752519,-0.351561517,-0.151716515,-0.484322101,0.756114542,-0.422141254,0.810132504,-0.810132504,0.197385505,-0.197385505,1
2.79905868,2.31289172,-1.75178492,-0.782062769,-0.74145776,1.0356108,-0.411813855,-0.617812753,1.63909602,-0.255433619,-0.801692247,-0.204124153,-0.22941573,0.941696584,-0.319262236,-0.635223389,-0.569651902,-0.347056448,-0.112508789,-0.470504045,1.59861052,-0.112508789,-0.12852402,-0.210680857,-0.086929135,-0.321633756,-1.23114717,-0.32634443,-0.258198887,4.30257988,-0.480384469,-0.269046575,-0.444527596,-0.723746836,2.19986725,-0.581199288,-0.217072383,-0.687965453,0.925282896,-0.323994398,-3.10912633,4.82103968,-0.235391095,-0.625543237,-0.533018887,-0.717740536,2.31283522,2.42828155,-0.22941573,-2.0317986,-0.484322101,0.654653668,-0.351561517,-0.151716515,-0.484322101,0.756114542,-0.422141254,-1.23436594,1.23436594,0.197385505,-0.197385505,0
-0.603783667,-1.26539171,0.919297576,-0.782062769,-0.216144517,-0.708575785,-0.411813855,-0.617812753,-0.610092342,-0.255433619,1.24736142,-0.204124153,-0.22941573,0.941696584,-0.319262236,-0.635223389,-0.569651902,-0.347056448,-0.112508789,2.12538028,-0.625543237,-0.112508789,-0.12852402,-0.210680857,-0.086929135,-0.321633756,-1.23114717,-0.32634443,-0.258198887,4.30257988,-0.480384469,-0.269046575,-0.444527596,1.38169861,-0.454572886,-0.581199288,4.60675812,-0.687965453,-1.08075047,-0.323994398,0.321633756,-0.207424134,-0.235391095,1.59861052,-0.533018887,-0.717740536,-0.432369769,-0.411813855,-0.22941573,0.492174804,-0.484322101,0.654653668,-0.351561517,-0.151716515,-0.484322101,0.756114542,-0.422141254,0.810132504,-0.810132504,0.197385505,-0.197385505,1
0.291187733,0.268158257,-0.861424148,-0.782062769,-0.74145776,-0.708575785,-0.411813855,1.61861348,-0.610092342,-0.255433619,-0.801692247,-0.204124153,-0.22941573,0.941696584,-0.319262236,-0.635223389,-0.569651902,-0.347056448,-0.112508789,2.12538028,-0.625543237,-0.112508789,-0.12852402,-0.210680857,-0.086929135,-0.321633756,0.812250614,-0.32634443,-0.258198887,-0.232418686,-0.480384469,-0.269046575,-0.444527596,1.38169861,-0.454572886,-0.581199288,-0.217072383,-0.687965453,0.925282896,-0.323994398,0.321633756,-0.207424134,-0.235391095,-0.625543237,-0.533018887,1.39326108,-0.432369769,-0.411813855,4.35889912,-2.0317986,-0.484322101,0.654653668,-0.351561517,-0.151716515,-0.484322101,0.756114542,-0.422141254,0.810132504,-0.810132504,0.197385505,-0.197385505,1
1.06006098,-0.0726306289,0.028936727,1.0526886,-0.391248912,1.0356108,-0.411813855,-0.617812753,1.63909602,-0.255433619,-0.801692247,4.89897966,-0.22941573,-1.06191313,-0.319262236,-0.635223389,-0.569651902,2.88137555,-0.112508789,-0.470504045,-0.625543237,-0.112508789,-0.12852402,-0.210680857,-0.086929135,-0.321633756,-1.23114717,3.06424713,-0.258198887,-0.232418686,-0.480384469,-0.269046575,-0.444527596,-0.723746836,-0.454572886,1.7205801,-0.217072383,-0.687965453,-1.08075047,3.08647299,0.321633756,-0.207424134,-0.235391095,-0.625543237,-0.533018887,1.39326108,-0.432369769,2.42828155,-0.22941573,-2.0317986,-0.484322101,0.654653668,-0.351561517,-0.151716515,-0.484322101,0.756114542,-0.422141254,-1.23436594,1.23436594,0.197385505,-0.197385505,1
-0.814428985,-0.498616755,0.028936727,-0.782062769,-0.478801131,1.0356108,-0.411813855,-0.617812753,-0.610092342,-0.255433619,1.24736142,-0.204124153,-0.22941573,-1.06191313,3.13222146,-0.635223389,-0.569651902,-0.347056448,-0.112508789,2.12538028,-0.625543237,-0.112508789,-0.12852402,-0.210680857,-0.086929135,-0.321633756,-1.23114717,-0.32634443,-0.258198887,4.30257988,-0.480384469,-0.269046575,-0.444527596,-0.723746836,2.19986725,-0.581199288,-0.217072383,1.45356131,-1.08075047,-0.323994398,0.321633756,-0.207424134,-0.235391095,-0.625543237,1.87610602,-0.717740536,-0.432369769,-0.411813855,-0.22941573,0.492174804,-0.484322101,0.654653668,-0.351561517,-0.151716515,-0.484322101,0.756114542,-0.422141254,0.810132504,-0.810132504,0.197385505,-0.197385505,1
-0.0383294001,0.779341578,-0.861424148,1.0526886,-0.391248912,-0.708575785,-0.411813855,1.61861348,-0.610092342,-0.255433619,-0.801692247,-0.204124153,-0.22941573,0.941696584,-0.319262236,-0.635223389,-0.569651902,-0.347056448,-0.112508789,2.12538028,-0.625543237,-0.112508789,-0.12852402,-0.210680857,-0.086929135,-0.321633756,0.812250614,-0.32634443,-0.258198887,-0.232418686,-0.480384469,-0.269046575,2.24957919,-0.723746836,-0.454572886,-0.581199288,4.60675812,-0.687965453,-1.08075047,-0.323994398,0.321633756,-0.207424134,-0.235391095,-0.625543237,1.87610602,-0.717740536,-0.432369769,-0.411813855,-0.22941573,0.492174804,-0.484322101,0.654653668,-0.351561517,-0.151716515,2.06474161,-1.32255089,-0.422141254,0.810132504,-0.810132504,0.197385505,-0.197385505,0
2.71270514,2.22769427,-1.75178492,-1.69943845,-0.0410400964,-0.708575785,-0.411813855,1.61861348,-0.610092342,-0.255433619,-0.801692247,-0.204124153,-0.22941573,0.941696584,-0.319262236,-0.635223389,1.755458,-0.347056448,-0.112508789,-0.470504045,-0.625543237,-0.112508789,-0.12852402,-0.210680857,-0.086929135,-0.321633756,0.812250614,-0.32634443,-0.258198887,-0.232418686,-0.480384469,-0.269046575,2.24957919,-0.723746836,-0.454572886,-0.581199288,-0.217072383,1.45356131,-1.08075047,-0.323994398,0.321633756,-0.207424134,-0.235391095,1.59861052,-0.533018887,-0.717740536,-0.432369769,-0.411813855,-0.22941573,0.492174804,-0.484322101,0.654653668,-0.351561517,-0.151716515,2.06474161,-1.32255089,-0.422141254,-1.23436594,1.23436594,0.197385505,-0.197385505,1
-0.30895257,0.268158257,-1.75178492,-1.69943845,-0.216144517,-0.708575785,-0.411813855,1.61861348,-0.610092342,-0.255433619,-0.801692247,-0.204124153,-0.22941573,0.941696584,-0.319262236,-0.635223389,-0.569651902,-0.347056448,-0.112508789,2.12538028,-0.625543237,-0.112508789,-0.12852402,-0.210680857,-0.086929135,-0.321633756,-1.23114717,3.06424713,-0.258198887,-0.232418686,-0.480384469,3.71682858,-0.444527596,-0.723746836,-0.454572886,-0.581199288,4.60675812,-0.687965453,-1.08075047,-0.323994398,0.321633756,-0.207424134,-0.235391095,-0.625543237,1.87610602,-0.717740536,-0.432369769,-0.411813855,-0.22941573,0.492174804,-0.484322101,0.654653668,-0.351561517,-0.151716515,-0.484322101,0.756114542,-0.422141254,0.810132504,-0.810132504,0.197385505,-0.197385505,0
0.147385299,0.779341578,0.919297576,1.0526886,1.88510847,1.0356108,-0.411813855,1.61861348,-0.610092342,-0.255433619,-0.801692247,-0.204124153,-0.22941573,0.941696584,-0.319262236,-0.635223389,-0.569651902,-0.347056448,-0.112508789,2.12538028,-0.625543237,-0.112508789,-0.12852402,-0.210680857,-0.086929135,-0.321633756,-1.23114717,-0.32634443,-0.258198887,4.30257988,-0.480384469,-0.269046575,-0.444527596,-0.723746836,-0.454572886,1.7205801,-0.217072383,1.45356131,-1.08075047,-0.323994398,0.321633756,-0.207424134,-0.235391095,-0.625543237,1.87610602,-0.717740536,-0.432369769,-0.411813855,-0.22941573,0.492174804,2.06474161,-1.52752519,-0.351561517,-0.151716515,-0.484322101,0.756114542,-0.422141254,-1.23436594,1.23436594,0.197385505,-0.197385505,1
-0.387357414,-0.839405656,-1.75178492,-0.782062769,-0.653905571,-0.708575785,-0.411813855,-0.617812753,-0.610092342,-0.255433619,1.24736142,-0.204124153,-0.22941573,0.941696584,-0.319262236,-0.635223389,-0.569651902,-0.347056448,-0.112508789,-0.470504045,-0.625543237,-0.112508789,-0.12852402,-0.210680857,-0.086929135,3.10912633,-1.23114717,-0.32634443,-0.258198887,4.30257988,-0.480384469,-0.269046575,-0.444527596,-0.723746836,-0.454572886,1.7205801,4.60675812,-0.687965453,-1.08075047,-0.323994398,0.321633756,-0.207424134,-0.235391095,1.59861052,-0.533018887,-0.717740536,-0.432369769,-0.411813855,-0.22941573,0.492174804,-0.484322101,0.654653668,-0.351561517,-0.151716515,-0.484322101,0.756114542,-0.422141254,-1.23436594,1.23436594,0.197385505,-0.197385505,1
-0.284383297,-0.243025079,0.919297576,-0.782062769,0.571825325,1.0356108,-0.411813855,-0.617812753,1.63909602,-0.255433619,-0.801692247,-0.204124153,-0.22941573,-1.06191313,3.13222146,-0.635223389,-0.569651902,-0.347056448,-0.112508789,-0.470504045,-0.625543237,-0.112508789,-0.12852402,-0.210680857,-0.086929135,3.10912633,-1.23114717,-0.32634443,-0.258198887,-0.232418686,2.08166599,-0.269046575,-0.444527596,-0.723746836,-0.454572886,1.7205801,-0.217072383,-0.687965453,0.925282896,-0.323994398,0.321633756,-0.207424134,-0.235391095,-0.625543237,1.87610602,-0.717740536,-0.432369769,-0.411813855,-0.22941573,0.492174804,-0.484322101,0.654653668,-0.351561517,-0.151716515,-0.484322101,0.756114542,-0.422141254,0.810132504,-0.810132504,0.197385505,-0.197385505,1
1.43076777,1.80170822,0.919297576,0.135312915,-0.478801131,-0.708575785,-0.411813855,1.61861348,-0.610092342,-0.255433619,-0.801692247,-0.204124153,-0.22941573,0.941696584,-0.319262236,-0.635223389,-0.569651902,-0.347056448,-0.112508789,-0.470504045,1.59861052,-0.112508789,-0.12852402,-0.210680857,-0.086929135,-0.321633756,-1.23114717,-0.32634443,-0.258198887,-0.232418686,2.08166599,-0.269046575,-0.444527596,-0.723746836,2.19986725,-0.581199288,-0.217072383,1.45356131,-1.08075047,-0.323994398,0.321633756,-0.207424134,-0.235391095,-0.625543237,-0.533018887,1.39326108,-0.432369769,-0.411813855,-0.22941573,0.492174804,-0.484322101,0.654653668,-0.351561517,-0.151716515,-0.484322101,-1.32255089,2.36887527,-1.23436594,1.23436594,0.197385505,-0.197385505,0
0.0819877088,0.779341578,-0.861424148,1.0526886,-1.26677096,-0.708575785,-0.411813855,-0.617812753,1.63909602,-0.255433619,-0.801692247,-0.204124153,-0.22941573,0.941696584,-0.319262236,-0.635223389,-0.569651902,-0.347056448,-0.112508789,2.12538028,-0.625543237,-0.112508789,-0.12852402,-0.210680857,-0.086929135,-0.321633756,-1.23114717,3.06424713,-0.258198887,-0.232418686,-0.480384469,-0.269046575,-0.444527596,1.38169861,-0.454572886,-0.581199288,-0.217072383,1.45356131,-1.08075047,-0.323994398,-3.10912633,4.82103968,-0.235391095,-0.625543237,-0.533018887,1.39326108,-0.432369769,-0.411813855,-0.22941573,0.492174804,2.06474161,-1.52752519,-0.351561517,-0.151716515,-0.484322101,0.756114542,-0.422141254,0.810132504,-0.810132504,0.197385505,-0.197385505,0
-0.329186082,0.268158257,0.919297576,-1.69943845,0.834481955,-0.708575785,-0.411813855,1.61861348,-0.610092342,-0.255433619,-0.801692247,-0.204124153,-0.22941573,0.941696584,-0.319262236,-0.635223389,1.755458,-0.347056448,-0.112508789,-0.470504045,-0.625543237,-0.112508789,-0.12852402,-0.210680857,-0.086929135,-0.321633756,0.812250614,-0.32634443,-0.258198887,-0.232418686,-0.480384469,-0.269046575,-0.444527596,-0.723746836,-0.454572886,1.7205801,-0.217072383,-0.687965453,0.925282896,-0.323994398,-3.10912633,4.82103968,-0.235391095,1.59861052,-0.533018887,-0.717740536,-0.432369769,-0.411813855,-0.22941573,0.492174804,-0.484322101,0.654653668,-0.351561517,-0.151716515,-0.484322101,0.756114542,-0.422141254,0.810132504,-0.810132504,0.197385505,-0.197385505,0
-0.247890726,0.523749948,0.919297576,-1.69943845,-0.303696722,-0.708575785,2.42828155,-0.617812753,1.63909602,-0.255433619,-0.801692247,-0.204124153,-0.22941573,0.941696584,-0.319262236,-0.635223389,-0.569651902,-0.347056448,-0.112508789,-0.470504045,-0.625543237,-0.112508789,-0.12852402,-0.210680857,-0.086929135,3.10912633,0.812250614,-0.32634443,-0.258198887,-0.232418686,-0.480384469,-0.269046575,2.24957919,-0.723746836,-0.454572886,-0.581199288,-0.217072383,1.45356131,-1.08075047,-0.323994398,0.321633756,-0.207424134,-0.235391095,-0.625543237,1.87610602,-0.717740536,-0.432369769,-0.411813855,-0.22941573,0.492174804,-0.484322101,0.654653668,-0.351561517,-0.151716515,-0.484322101,0.756114542,-0.422141254,-1.23436594,1.23436594,0.197385505,-0.197385505,1
4.59984112,2.82407498,0.028936727,1.0526886,1.97266066,-0.708575785,-0.411813855,-0.617812753,1.63909602,-0.255433619,-0.801692247,4.89897966,-0.22941573,-1.06191313,-0.319262236,-0.635223389,-0.569651902,-0.347056448,-0.112508789,-0.470504045,-0.625543237,-0.112508789,-0.12852402,-0.210680857,-0.086929135,3.10912633,0.812250614,-0.32634443,-0.258198887,-0.232418686,-0.480384469,-0.269046575,2.24957919,-0.723746836,-0.454572886,-0.581199288,-0.217072383,-0.687965453,0.925282896,-0.323994398,0.321633756,-0.207424134,-0.235391095,-0.625543237,-0.533018887,-0.717740536,2.31283522,-0.411813855,-0.22941573,0.492174804,2.06474161,-1.52752519,-0.351561517,-0.151716515,-0.484322101,0.756114542,-0.422141254,-1.23436594,1.23436594,0.197385505,-0.197385505,0
-0.582104921,0.268158257,0.919297576,1.0526886,1.71000409,-0.708575785,-0.411813855,1.61861348,-0.610092342,-0.255433619,-0.801692247,-0.204124153,-0.22941573,0.941696584,-0.319262236,-0.635223389,-0.569651902,-0.347056448,-0.112508789,-0.470504045,1.59861052,-0.112508789,-0.12852402,-0.210680857,-0.086929135,-0.321633756,0.812250614,-0.32634443,-0.258198887,-0.232418686,-0.480384469,-0.269046575,-0.444527596,-0.723746836,-0.454572886,1.7205801,-0.217072383,1.45356131,-1.08075047,-0.323994398,0.321633756,-0.207424134,-0.235391095,-0.625543237,-0.533018887,1.39326108,-0.432369769,-0.411813855,-0.22941573,0.492174804,-0.484322101,0.654653668,-0.351561517,-0.151716515,-0.484322101,0.756114542,-0.422141254,0.810132504,-0.810132504,0.197385505,-0.197385505,1
-0.657980561,-0.754208446,0.919297576,1.0526886,1.00958633,2.77979732,2.42828155,-0.617812753,-0.610092342,-0.255433619,1.24736142,-0.204124153,-0.22941573,0.941696584,-0.319262236,-0.635223389,-0.569651902,-0.347056448,-0.112508789,-0.470504045,-0.625543237,-0.112508789,-0.12852402,4.74651575,-0.086929135,-0.321633756,0.812250614,-0.32634443,-0.258198887,-0.232418686,-0.480384469,-0.269046575,-0.444527596,-0.723746836,-0.454572886,1.7205801,-0.217072383,-0.687965453,0.925282896,-0.323994398,0.321633756,-0.207424134,-0.235391095,-0.625543237,1.87610602,-0.717740536,-0.432369769,2.42828155,-0.22941573,-2.0317986,-0.484322101,0.654653668,-0.351561517,-0.151716515,-0.484322101,0.756114542,-0.422141254,-1.23436594,1.23436594,0.197385505,-0.197385505,1
-0.593305647,0.0125665907,0.919297576,1.0526886,0.0465121083,-0.708575785,-0.411813855,-0.617812753,-0.610092342,-0.255433619,1.24736142,-0.204124153,-0.22941573,0.941696584,-0.319262236,-0.635223389,-0.569651902,-0.347056448,-0.112508789,-0.470504045,-0.625543237,-0.112508789,-0.12852402,-0.210680857,-0.086929135,3.10912633,-1.23114717,-0.32634443,-0.258198887,4.30257988,-0.480384469,-0.269046575,-0.444527596,-0.723746836,-0.454572886,1.7205801,-0.217072383,1.45356131,-1.08075047,-0.323994398,0.321633756,-0.207424134,-0.235391095,1.59861052,-0.533018887,-0.717740536,-0.432369769,2.42828155,-0.22941573,-2.0317986,-0.484322101,0.654653668,-0.351561517,-0.151716515,2.06474161,-1.32255089,-0.422141254,0.810132504,-0.810132504,0.197385505,-0.197385505,1
-0.770348787,-1.00980008,0.919297576,1.0526886,-0.74145776,1.0356108,-0.411813855,-0.617812753,1.63909602,-0.255433619,-0.801692247,-0.204124153,-0.22941573,0.941696584,-0.319262236,-0.635223389,-0.569651902,-0.347056448,-0.112508789,-0.470504045,1.59861052,-0.112508789,-0.12852402,-0.210680857,-0.086929135,-0.321633756,0.812250614,-0.32634443,-0.258198887,-0.232418686,-0.480384469,-0.269046575,-0.444527596,-0.723746836,-0.454572886,1.7205801,-0.217072383,-0.687965453,0.925282896,-0.323994398,0.321633756,-0.207424134,-0.235391095,-0.625543237,-0.533018887,1.39326108,-0.432369769,-0.411813855,-0.22941573,0.492174804,-0.484322101,0.654653668,-0.351561517,-0.151716515,2.06474161,-1.32255089,-0.422141254,0.810132504,-0.810132504,0.197385505,-0.197385505,1
-0.477324247,-0.754208446,0.919297576,1.0526886,-0.566353321,-0.708575785,-0.411813855,1.61861348,-0.610092342,-0.255433619,-0.801692247,-0.204124153,-0.22941573,0.941696584,-0.319262236,-0.635223389,1.755458,-0.347056448,-0.112508789,-0.470504045,-0.625543237,-0.112508789,-0.12852402,-0.210680857,-0.086929135,-0.321633756,0.812250614,-0.32634443,-0.258198887,-0.232418686,-0.480384469,-0.269046575,-0.444527596,1.38169861,-0.454572886,-0.581199288,-0.217072383,1.45356131,-1.08075047,-0.323994398,-3.10912633,-0.207424134,4.24824905,-0.625543237,1.87610602,-0.717740536,-0.432369769,-0.411813855,-0.22941573,0.492174804,-0.484322101,0.654653668,-0.351561517,-0.151716515,-0.484322101,0.756114542,-0.422141254,-1.23436594,1.23436594,0.197385505,-0.197385505,1
-0.824545681,-1.26539171,0.028936727,-0.782062769,-1.00411439,-0.708575785,-0.411813855,-0.617812753,-0.610092342,-0.255433619,1.24736142,-0.204124153,-0.22941573,-1.06191313,3.13222146,-0.635223389,-0.569651902,-0.347056448,-0.112508789,-0.470504045,1.59861052,-0.112508789,-0.12852402,-0.210680857,-0.086929135,-0.321633756,0.812250614,-0.32634443,-0.258198887,-0.232418686,-0.480384469,-0.269046575,-0.444527596,1.38169861,-0.454572886,-0.581199288,-0.217072383,1.45356131,-1.08075047,-0.323994398,0.321633756,-0.207424134,-0.235391095,1.59861052,-0.533018887,-0.717740536,-0.432369769,-0.411813855,-0.22941573,0.492174804,-0.484322101,0.654653668,-0.351561517,-0.151716515,-0.484322101,0.756114542,-0.422141254,0.810132504,-0.810132504,0.197385505,-0.197385505,1
-0.455645502,1.29052496,0.919297576,1.0526886,2.23531723,-0.708575785,-0.411813855,-0.617812753,1.63909602,-0.255433619,-0.801692247,4.89897966,-0.22941573,-1.06191313,-0.319262236,-0.635223389,-0.569651902,-0.347056448,-0.112508789,-0.470504045,-0.625543237,-0.112508789,-0.12852402,-0.210680857,-0.086929135,3.10912633,0.812250614,-0.32634443,-0.258198887,-0.232418686,-0.480384469,-0.269046575,-0.444527596,-0.723746836,-0.454572886,1.7205801,-0.217072383,-0.687965453,0.925282896,-0.323994398,0.321633756,-0.207424134,-0.235391095,-0.625543237,-0.533018887,-0.717740536,2.31283522,-0.411813855,-0.22941573,0.492174804,-0.484322101,-1.52752519,2.84445238,-0.151716515,-0.484322101,-1.32255089,2.36887527,-1.23436594,1.23436594,0.197385505,-0.197385505,0
-0.621126711,-0.754208446,0.919297576,-1.69943845,0.221616521,1.0356108,2.42828155,-0.617812753,-0.610092342,-0.255433619,1.24736142,-0.204124153,-0.22941573,-1.06191313,-0.319262236,1.57424927,1.755458,-0.347056448,-0.112508789,-0.470504045,-0.625543237,-0.112508789,-0.12852402,-0.210680857,-0.086929135,-0.321633756,0.812250614,-0.32634443,-0.258198887,-0.232418686,-0.480384469,-0.269046575,-0.444527596,-0.723746836,-0.454572886,1.7205801,-0.217072383,-0.687965453,0.925282896,-0.323994398,0.321633756,-0.207424134,-0.235391095,1.59861052,-0.533018887,-0.717740536,-0.432369769,-0.411813855,-0.22941573,0.492174804,-0.484322101,0.654653668,-0.351561517,-0.151716515,2.06474161,-1.32255089,-0.422141254,0.810132504,-0.810132504,0.197385505,-0.197385505,1
-0.781910837,-1.26539171,0.919297576,-1.69943845,-0.0410400964,1.0356108,-0.411813855,-0.617812753,1.63909602,-0.255433619,-0.801692247,-0.204124153,-0.22941573,-1.06191313,3.13222146,-0.635223389,-0.569651902,-0.347056448,-0.112508789,2.12538028,-0.625543237,-0.112508789,-0.12852402,-0.210680857,-0.086929135,-0.321633756,0.812250614,-0.32634443,-0.258198887,-0.232418686,-0.480384469,3.71682858,-0.444527596,-0.723746836,-0.454572886,-0.581199288,-0.217072383,-0.687965453,0.925282896,-0.323994398,0.321633756,-0.207424134,-0.235391095,-0.625543237,1.87610602,-0.717740536,-0.432369769,-0.411813855,4.35889912,-2.0317986,-0.484322101,0.654653668,-0.351561517,-0.151716515,-0.484322101,-1.32255089,2.36887527,-1.23436594,1.23436594,0.197385505,-0.197385505,1
-0.674600959,-0.924602866,0.919297576,-0.782062769,-0.74145776,1.0356108,-0.411813855,-0.617812753,-0.610092342,3.91491127,-0.801692247,-0.204124153,-0.22941573,-1.06191313,-0.319262236,1.57424927,-0.569651902,-0.347056448,-0.112508789,-0.470504045,1.59861052,-0.112508789,-0.12852402,-0.210680857,-0.086929135,-0.321633756,-1.23114717,-0.32634443,-0.258198887,-0.232418686,2.08166599,-0.269046575,-0.444527596,-0.723746836,2.19986725,-0.581199288,-0.217072383,-0.687965453,0.925282896,-0.323994398,0.321633756,-0.207424134,-0.235391095,-0.625543237,1.87610602,-0.717740536,-0.432369769,-0.411813855,-0.22941573,0.492174804,-0.484322101,0.654653668,-0.351561517,-0.151716515,-0.484322101,0.756114542,-0.422141254,-1.23436594,1.23436594,0.197385505,-0.197385505,1
-0.841888726,-0.243025079,0.919297576,1.0526886,0.0465121083,-0.708575785,2.42828155,-0.617812753,1.63909602,-0.255433619,-0.801692247,-0.204124153,-0.22941573,-1.06191313,-0.319262236,1.57424927,1.755458,-0.347056448,-0.112508789,-0.470504045,-0.625543237,-0.112508789,-0.12852402,-0.210680857,-0.086929135,-0.321633756,0.812250614,-0.32634443,-0.258198887,-0.232418686,-0.480384469,-0.269046575,-0.444527596,-0.723746836,-0.454572886,1.7205801,-0.217072383,-0.687965453,0.925282896,-0.323994398,0.321633756,-0.207424134,-0.235391095,-0.625543237,-0.533018887,1.39326108,-0.432369769,2.42828155,-0.22941573,-2.0317986,-0.484322101,0.654653668,-0.351561517,-0.151716515,-0.484322101,0.756114542,-0.422141254,-1.23436594,1.23436594,0.197385505,-0.197385505,0
-0.299919754,0.268158257,0.919297576,1.0526886,2.49797392,-0.708575785,-0.411813855,1.61861348,-0.610092342,-0.255433619,-0.801692247,-0.204124153,-0.22941573,0.941696584,-0.319262236,-0.635223389,-0.569651902,-0.347056448,-0.112508789,-0.470504045,1.59861052,-0.112508789,-0.12852402,-0.210680857,-0.086929135,-0.321633756,0.812250614,-0.32634443,-0.258198887,-0.232418686,-0.480384469,-0.269046575,-0.444527596,-0.723746836,-0.454572886,1.7205801,-0.217072383,-0.687965453,0.925282896,-0.323994398,0.321633756,-0.207424134,-0.235391095,1.59861052,-0.533018887,-0.717740536,-0.432369769,2.42828155,-0.22941573,-2.0317986,2.06474161,-1.52752519,-0.351561517,-0.151716515,2.06474161,-1.32255089,-0.422141254,0.810132504,-0.810132504,0.197385505,-0.197385505,1
-0.220792279,0.268158257,-0.861424148,1.0526886,-0.653905571,-0.708575785,-0.411813855,-0.617812753,-0.610092342,-0.255433619,1.24736142,-0.204124153,-0.22941573,0.941696584,-0.319262236,-0.635223389,-0.569651902,2.88137555,-0.112508789,-0.470504045,-0.625543237,-0.112508789,-0.12852402,-0.210680857,-0.086929135,-0.321633756,-1.23114717,-0.32634443,-0.258198887,4.30257988,-0.480384469,-0.269046575,-0.444527596,1.38169861,-0.454572886,-0.581199288,-0.217072383,1.45356131,-1.08075047,-0.323994398,0.321633756,-0.207424134,-0.235391095,-0.625543237,-0.533018887,1.39326108,-0.432369769,-0.411813855,-0.22941573,0.492174804,2.06474161,-1.52752519,-0.351561517,-0.151716515,-0.484322101,0.756114542,-0.422141254,-1.23436594,1.23436594,0.197385505,-0.197385505,1
-0.652199566,-0.754208446,0.919297576,0.135312915,1.62245178,-0.708575785,-0.411813855,1.61861348,-0.610092342,-0.255433619,-0.801692247,-0.204124153,-0.22941573,-1.06191313,-0.319262236,1.57424927,-0.569651902,2.88137555,-0.112508789,-0.470504045,-0.625543237,-0.112508789,-0.12852402,-0.210680857,-0.086929135,-0.321633756,0.812250614,-0.32634443,-0.258198887,-0.232418686,-0.480384469,-0.269046575,-0.444527596,-0.723746836,-0.454572886,1.7205801,-0.217072383,-0.687965453,0.925282896,-0.323994398,0.321633756,-0.207424134,-0.235391095,1.59861052,-0.533018887,-0.717740536,-0.432369769,-0.411813855,-0.22941573,0.492174804,-0.484322101,0.654653668,-0.351561517,-0.151716515,-0.484322101,0.756114542,-0.422141254,0.810132504,-0.810132504,0.197385505,-0.197385505,1
-0.825629652,0.268158257,0.919297576,-0.782062769,-0.391248912,-0.708575785,-0.411813855,-0.617812753,-0.610092342,-0.255433619,1.24736142,-0.204124153,-0.22941573,0.941696584,-0.319262236,-0.635223389,-0.569651902,-0.347056448,-0.112508789,2.12538028,-0.625543237,-0.112508789,-0.12852402,-0.210680857,-0.086929135,-0.321633756,-1.23114717,-0.32634443,-0.258198887,-0.232418686,2.08166599,-0.269046575,-0.444527596,-0.723746836,2.19986725,-0.581199288,-0.217072383,-0.687965453,0.925282896,-0.323994398,0.321633756,-0.207424134,-0.235391095,-0.625543237,-0.533018887,1.39326108,-0.432369769,-0.411813855,4.35889912,-2.0317986,-0.484322101,0.654653668,-0.351561517,-0.151716515,-0.484322101,0.756114542,-0.422141254,-1.23436594,1.23436594,0.197385505,-0.197385505,1
-0.725546062,-1.00980008,0.919297576,1.0526886,-0.9165622,-0.708575785,-0.411813855,-0.617812753,1.63909602,-0.255433619,-0.801692247,-0.204124153,-0.22941573,0.941696584,-0.319262236,-0.635223389,-0.569651902,-0.347056448,-0.112508789,-0.470504045,1.59861052,-0.112508789,-0.12852402,-0.210680857,-0.086929135,-0.321633756,0.812250614,-0.32634443,-0.258198887,-0.232418686,-0.480384469,-0.269046575,-0.444527596,-0.723746836,-0.454572886,1.7205801,-0.217072383,1.45356131,-1.08075047,-0.323994398,0.321633756,-0.207424134,-0.235391095,1.59861052,-0.533018887,-0.717740536,-0.432369769,-0.411813855,-0.22941573,0.492174804,-0.484322101,0.654653668,-0.351561517,-0.151716515,-0.484322101,0.756114542,-0.422141254,0.810132504,-0.810132504,0.197385505,-0.197385505,1
3.01548505,0.268158257,-1.75178492,1.0526886,-1.09166658,1.0356108,-0.411813855,-0.617812753,1.63909602,-0.255433619,-0.801692247,-0.204124153,-0.22941573,0.941696584,-0.319262236,-0.635223389,-0.569651902,2.88137555,-0.112508789,-0.470504045,-0.625543237,-0.112508789,-0.12852402,-0.210680857,-0.086929135,-0.321633756,0.812250614,-0.32634443,-0.258198887,-0.232418686,-0.480384469,-0.269046575,-0.444527596,1.38169861,-0.454572886,-0.581199288,-0.217072383,1.45356131,-1.08075047,-0.323994398,0.321633756,-0.207424134,-0.235391095,-0.625543237,-0.533018887,1.39326108,-0.432369769,-0.411813855,-0.22941573,0.492174804,2.06474161,-1.52752519,-0.351561517,-0.151716515,-0.484322101,-1.32255089,2.36887527,0.810132504,-0.810132504,0.197385505,-0.197385505,0
-0.841166079,-0.754208446,0.919297576,-0.782062769,-1.26677096,-0.708575785,-0.411813855,-0.617812753,-0.610092342,-0.255433619,1.24736142,-0.204124153,-0.22941573,0.941696584,-0.319262236,-0.635223389,-0.569651902,-0.347056448,-0.112508789,-0.470504045,1.59861052,-0.112508789,-0.12852402,-0.210680857,-0.086929135,-0.321633756,-1.23114717,-0.32634443,-0.258198887,-0.232418686,2.08166599,-0.269046575,-0.444527596,1.38169861,-0.454572886,-0.581199288,-0.217072383,1.45356131,-1.08075047,-0.323994398,0.321633756,-0.207424134,-0.235391095,-0.625543237,-0.533018887,1.39326108,-0.432369769,-0.411813855,-0.22941573,0.492174804,-0.484322101,0.654653668,-0.351561517,-0.151716515,-0.484322101,0.756114542,-0.422141254,0.810132504,-0.810132504,0.197385505,-0.197385505,1
1.15219581,0.268158257,-1.75178492,-0.782062769,-0.216144517,-0.708575785,-0.411813855,-0.617812753,1.63909602,-0.255433619,-0.801692247,-0.204124153,-0.22941573,-1.06191313,3.13222146,-0.635223389,-0.569651902,-0.347056448,-0.112508789,-0.470504045,1.59861052,-0.112508789,-0.12852402,-0.210680857,-0.086929135,-0.321633756,0.812250614,-0.32634443,-0.258198887,-0.232418686,-0.480384469,-0.269046575,2.24957919,-0.723746836,-0.454572886,-0.581199288,-0.217072383,-0.687965453,0.925282896,-0.323994398,0.321633756,-0.207424134,-0.235391095,-0.625543237,-0.533018887,1.39326108,-0.432369769,-0.411813855,-0.22941573,0.492174804,-0.484322101,0.654653668,-0.351561517,-0.151716515,-0.484322101,0.756114542,-0.422141254,0.810132504,-0.810132504,0.197385505,-0.197385505,1
1.45931149,1.03493321,0.028936727,-0.782062769,-0.0410400964,1.0356108,-0.411813855,-0.617812753,-0.610092342,-0.255433619,1.24736142,-0.204124153,-0.22941573,-1.06191313,-0.319262236,1.57424927,-0.569651902,2.88137555,-0.112508789,-0.470504045,-0.625543237,-0.112508789,-0.12852402,-0.210680857,-0.086929135,-0.321633756,0.812250614,-0.32634443,-0.258198887,-0.232418686,-0.480384469,-0.269046575,-0.444527596,-0.723746836,2.19986725,-0.581199288,-0.217072383,-0.687965453,0.925282896,-0.323994398,0.321633756,-0.207424134,-0.235391095,-0.625543237,-0.533018887,1.39326108,-0.432369769,-0.411813855,-0.22941573,0.492174804,-0.484322101,0.654653668,-0.351561517,-0.151716515,-0.484322101,-1.32255089,2.36887527,-1.23436594,1.23436594,0.197385505,-0.197385505,1
-0.842611372,-0.669011176,0.919297576,1.0526886,-1.09166658,1.0356108,-0.411813855,-0.617812753,1.63909602,-0.255433619,-0.801692247,-0.204124153,-0.22941573,-1.06191313,-0.319262236,1.57424927,-0.569651902,-0.347056448,-0.112508789,-0.470504045,1.59861052,-0.112508789,-0.12852402,-0.210680857,-0.086929135,-0.321633756,0.812250614,-0.32634443,-0.258198887,-0.232418686,-0.480384469,-0.269046575,2.24957919,-0.723746836,-0.454572886,-0.581199288,-0.217072383,-0.687965453,0.925282896,-0.323994398,-3.10912633,-0.207424134,4.24824905,1.59861052,-0.533018887,-0.717740536,-0.432369769,-0.411813855,-0.22941573,0.492174804,-0.484322101,0.654653668,-0.351561517,-0.151716515,-0.484322101,0.756114542,-0.422141254,0.810132504,-0.810132504,0.197385505,-0.197385505,1
0.129680976,-0.754208446,-1.75178492,-1.69943845,-1.09166658,-0.708575785,-0.411813855,-0.617812753,1.63909602,-0.255433619,-0.801692247,-0.204124153,-0.22941573,-1.06191313,-0.319262236,1.57424927,-0.569651902,-0.347056448,-0.112508789,-0.470504045,1.59861052,-0.112508789,-0.12852402,-0.210680857,-0.086929135,-0.321633756,0.812250614,-0.32634443,-0.258198887,-0.232418686,-0.480384469,-0.269046575,-0.444527596,1.38169861,-0.454572886,-0.581199288,-0.217072383,1.45356131,-1.08075047,-0.323994398,0.321633756,-0.207424134,-0.235391095,1.59861052,-0.533018887,-0.717740536,-0.432369769,-0.411813855,-0.22941573,0.492174804,-0.484322101,0.654653668,-0.351561517,-0.151716515,2.06474161,-1.32255089,-0.422141254,0.810132504,-0.810132504,0.197385505,-0.197385505,1
0.259030908,2.31289172,0.919297576,1.0526886,0.922034204,-0.708575785,2.42828155,1.61861348,-0.610092342,-0.255433619,-0.801692247,-0.204124153,-0.22941573,0.941696584,-0.319262236,-0.635223389,1.755458,-0.347056448,-0.112508789,-0.470504045,-0.625543237,-0.112508789,-0.12852402,-0.210680857,-0.086929135,-0.321633756,0.812250614,-0.32634443,-0.258198887,-0.232418686,-0.480384469,-0.269046575,-0.444527596,-0.723746836,2.19986725,-0.581199288,-0.217072383,-0.687965453,0.925282896,-0.323994398,0.321633756,-0.207424134,-0.235391095,-0.625543237,-0.533018887,-0.717740536,2.31283522,-0.411813855,-0.22941573,0.492174804,-0.484322101,-1.52752519,2.84445238,-0.151716515,-0.484322101,0.756114542,-0.422141254,0.810132504,-0.810132504,0.197385505,-0.197385505,0
1.30864418,3.33525825,0.028936727,1.0526886,2.41042161,1.0356108,-0.411813855,1.61861348,-0.610092342,-0.255433619,-0.801692247,-0.204124153,-0.22941573,-1.06191313,3.13222146,-0.635223389,-0.569651902,-0.347056448,-0.112508789,-0.470504045,-0.625543237,-0.112508789,-0.12852402,-0.210680857,-0.086929135,3.10912633,0.812250614,-0.32634443,-0.258198887,-0.232418686,-0.480384469,-0.269046575,-0.444527596,-0.723746836,-0.454572886,1.7205801,-0.217072383,-0.687965453,0.925282896,-0.323994398,0.321633756,-0.207424134,-0.235391095,-0.625543237,-0.533018887,-0.717740536,2.31283522,-0.411813855,-0.22941573,0.492174804,-0.484322101,0.654653668,-0.351561517,-0.151716515,-0.484322101,0.756114542,-0.422141254,-1.23436594,1.23436594,0.197385505,-0.197385505,0
-0.357368469,1.29052496,0.919297576,1.0526886,1.88510847,1.0356108,-0.411813855,-0.617812753,1.63909602,-0.255433619,-0.801692247,-0.204124153,-0.22941573,-1.06191313,3.13222146,-0.635223389,1.755458,-0.347056448,-0.112508789,-0.470504045,-0.625543237,-0.112508789,-0.12852402,-0.210680857,-0.086929135,-0.321633756,0.812250614,-0.32634443,-0.258198887,-0.232418686,-0.480384469,-0.269046575,-0.444527596,-0.723746836,-0.454572886,1.7205801,-0.217072383,-0.687965453,0.925282896,-0.323994398,0.321633756,-0.207424134,-0.235391095,-0.625543237,-0.533018887,-0.717740536,2.31283522,2.42828155,-0.22941573,-2.0317986,-0.484322101,-1.52752519,2.84445238,-0.151716515,-0.484322101,0.756114542,-0.422141254,-1.23436594,1.23436594,0.197385505,-0.197385505,0
0.196162507,0.268158257,0.919297576,1.0526886,2.32286954,-0.708575785,-0.411813855,-0.617812753,-0.610092342,-0.255433619,1.24736142,-0.204124153,-0.22941573,0.941696584,-0.319262236,-0.635223389,1.755458,-0.347056448,-0.112508789,-0.470504045,-0.625543237,-0.112508789,-0.12852402,-0.210680857,-0.086929135,-0.321633756,0.812250614,-0.32634443,-0.258198887,-0.232418686,-0.480384469,-0.269046575,-0.444527596,-0.723746836,-0.454572886,1.7205801,-0.217072383,1.45356131,-1.08075047,-0.323994398,-3.10912633,4.82103968,-0.235391095,-0.625543237,-0.533018887,-0.717740536,2.31283522,-0.411813855,-0.22941573,0.492174804,-0.484322101,-1.52752519,2.84445238,-0.151716515,-0.484322101,0.756114542,-0.422141254,-1.23436594,1.23436594,0.197385505,-0.197385505,1
-0.995807886,-1.00980008,0.919297576,0.135312915,-1.00411439,-0.708575785,-0.411813855,-0.617812753,1.63909602,-0.255433619,-0.801692247,-0.204124153,-0.22941573,0.941696584,-0.319262236,-0.635223389,-0.569651902,-0.347056448,-0.112508789,-0.470504045,1.59861052,-0.112508789,-0.12852402,-0.210680857,-0.086929135,-0.321633756,0.812250614,-0.32634443,-0.258198887,-0.232418686,-0.480384469,-0.269046575,-0.444527596,1.38169861,-0.454572886,-0.581199288,-0.217072383,-0.687965453,0.925282896,-0.323994398,0.321633756,-0.207424134,-0.235391095,1.59861052,-0.533018887,-0.717740536,-0.432369769,-0.411813855,-0.22941573,0.492174804,-0.484322101,0.654653668,-0.351561517,-0.151716515,-0.484322101,0.756114542,-0.422141254,0.810132504,-0.810132504,0.197385505,-0.197385505,1
-1.03880405,-0.754208446,0.919297576,-1.69943845,0.834481955,-0.708575785,-0.411813855,1.61861348,-0.610092342,-0.255433619,-0.801692247,-0.204124153,4.35889912,-1.06191313,-0.319262236,-0.635223389,-0.569651902,-0.347056448,-0.112508789,-0.470504045,-0.625543237,-0.112508789,-0.12852402,-0.210680857,11.503623,-0.321633756,0.812250614,-0.32634443,-0.258198887,-0.232418686,-0.480384469,-0.269046575,-0.444527596,-0.723746836,-0.454572886,1.7205801,-0.217072383,-0.687965453,-1.08075047,3.08647299,0.321633756,-0.207424134,-0.235391095,-0.625543237,-0.533018887,1.39326108,-0.432369769,2.42828155,-0.22941573,-2.0317986,-0.484322101,0.654653668,-0.351561517,-0.151716515,2.06474161,-1.32255089,-0.422141254,0.810132504,-0.810132504,0.197385505,-0.197385505,1
-0.738914609,-0.243025079,0.919297576,0.135312915,-0.566353321,1.0356108,-0.411813855,-0.617812753,-0.610092342,-0.255433619,1.24736142,-0.204124153,-0.22941573,-1.06191313,-0.319262236,1.57424927,-0.569651902,-0.347056448,-0.112508789,-0.470504045,1.59861052,-0.112508789,-0.12852402,-0.210680857,-0.086929135,-0.321633756,-1.23114717,-0.32634443,-0.258198887,-0.232418686,2.08166599,-0.269046575,-0.444527596,1.38169861,-0.454572886,-0.581199288,-0.217072383,-0.687965453,0.925282896,-0.323994398,0.321633756,-0.207424134,-0.235391095,-0.625543237,1.87610602,-0.717740536,-0.432369769,-0.411813855,-0.22941573,0.492174804,-0.484322101,0.654653668,-0.351561517,-0.151716515,-0.484322101,0.756114542,-0.422141254,-1.23436594,1.23436594,0.197385505,-0.197385505,1
-0.850560248,-1.26539171,-1.75178492,1.0526886,0.309168726,1.0356108,-0.411813855,1.61861348,-0.610092342,-0.255433619,-0.801692247,-0.204124153,-0.22941573,-1.06191313,-0.319262236,1.57424927,1.755458,-0.347056448,-0.112508789,-0.470504045,-0.625543237,-0.112508789,-0.12852402,-0.210680857,-0.086929135,-0.321633756,0.812250614,-0.32634443,-0.258198887,-0.232418686,-0.480384469,-0.269046575,-0.444527596,-0.723746836,-0.454572886,1.7205801,-0.217072383,1.45356131,-1.08075047,-0.323994398,0.321633756,-0.207424134,-0.235391095,-0.625543237,-0.533018887,-0.717740536,2.31283522,-0.411813855,-0.22941573,0.492174804,-0.484322101,0.654653668,-0.351561517,-0.151716515,-0.484322101,0.756114542,-0.422141254,-1.23436594,1.23436594,0.197385505,-0.197385505,1
-0.727713943,-0.754208446,0.919297576,1.0526886,-1.09166658,-0.708575785,-0.411813855,1.61861348,-0.610092342,-0.255433619,-0.801692247,-0.204124153,-0.22941573,0.941696584,-0.319262236,-0.635223389,-0.569651902,-0.347056448,-0.112508789,-0.470504045,-0.625543237,-0.112508789,-0.12852402,4.74651575,-0.086929135,-0.321633756,-1.23114717,-0.32634443,-0.258198887,-0.232418686,2.08166599,-0.269046575,-0.444527596,1.38169861,-0.454572886,-0.581199288,-0.217072383,1.45356131,-1.08075047,-0.323994398,0.321633756,-0.207424134,-0.235391095,-0.625543237,1.87610602,-0.717740536,-0.432369769,2.42828155,-0.22941573,-2.0317986,2.06474161,-1.52752519,-0.351561517,-0.151716515,-0.484322101,0.756114542,-0.422141254,-1.23436594,1.23436594,0.197385505,-0.197385505,1
2.40016961,1.29052496,-1.75178492,0.135312915,-0.391248912,1.0356108,2.42828155,-0.617812753,1.63909602,-0.255433619,-0.801692247,-0.204124153,-0.22941573,-1.06191313,3.13222146,-0.635223389,-0.569651902,-0.347056448,-0.112508789,-0.470504045,-0.625543237,-0.112508789,-0.12852402,-0.210680857,-0.086929135,3.10912633,-1.23114717,3.06424713,-0.258198887,-0.232418686,-0.480384469,-0.269046575,-0.444527596,-0.723746836,2.19986725,-0.581199288,-0.217072383,-0.687965453,0.925282896,-0.323994398,0.321633756,-0.207424134,-0.235391095,-0.625543237,1.87610602,-0.717740536,-0.432369769,-0.411813855,-0.22941573,0.492174804,-0.484322101,0.654653668,-0.351561517,-0.151716515,2.06474161,-1.32255089,-0.422141254,-1.23436594,1.23436594,0.197385505,-0.197385505,1
0.0220098104,0.0125665907,-1.75178492,1.0526886,0.0465121083,-0.708575785,-0.411813855,-0.617812753,-0.610092342,-0.255433619,1.24736142,-0.204124153,-0.22941573,-1.06191313,-0.319262236,1.57424927,-0.569651902,2.88137555,-0.112508789,-0.470504045,-0.625543237,-0.112508789,-0.12852402,-0.210680857,-0.086929135,-0.321633756,0.812250614,-0.32634443,-0.258198887,-0.232418686,-0.480384469,-0.269046575,-0.444527596,-0.723746836,-0.454572886,1.7205801,-0.217072383,-0.687965453,0.925282896,-0.323994398,0.321633756,-0.207424134,-0.235391095,-0.625543237,-0.533018887,1.39326108,-0.432369769,-0.411813855,-0.22941573,0.492174804,-0.484322101,0.654653668,-0.351561517,-0.151716515,-0.484322101,-1.32255089,2.36887527,-1.23436594,1.23436594,0.197385505,-0.197385505,1
-0.497557759,0.268158257,0.919297576,1.0526886,-0.128592297,-0.708575785,-0.411813855,-0.617812753,1.63909602,-0.255433619,-0.801692247,-0.204124153,4.35889912,-1.06191313,-0.319262236,-0.635223389,-0.569651902,-0.347056448,-0.112508789,-0.470504045,-0.625543237,-0.112508789,-0.12852402,4.74651575,-0.086929135,-0.321633756,0.812250614,-0.32634443,-0.258198887,-0.232418686,-0.480384469,-0.269046575,-0.444527596,-0.723746836,2.19986725,-0.581199288,-0.217072383,1.45356131,-1.08075047,-0.323994398,0.321633756,-0.207424134,-0.235391095,-0.625543237,-0.533018887,-0.717740536,2.31283522,2.42828155,-0.22941573,-2.0317986,-0.484322101,-1.52752519,2.84445238,-0.151716515,2.06474161,-1.32255089,-0.422141254,0.810132504,-0.810132504,0.197385505,-0.197385505,0
-0.584272802,0.268158257,0.919297576,1.0526886,1.62245178,1.0356108,2.42828155,-0.617812753,-0.610092342,-0.255433619,1.24736142,-0.204124153,-0.22941573,-1.06191313,-0.319262236,1.57424927,-0.569651902,-0.347056448,-0.112508789,-0.470504045,-0.625543237,-0.112508789,-0.12852402,4.74651575,-0.086929135,-0.321633756,0.812250614,-0.32634443,-0.258198887,-0.232418686,-0.480384469,-0.269046575,-0.444527596,-0.723746836,-0.454572886,1.7205801,-0.217072383,-0.687965453,0.925282896,-0.323994398,0.321633756,-0.207424134,-0.235391095,-0.625543237,-0.533018887,-0.717740536,2.31283522,-0.411813855,-0.22941573,0.492174804,-0.484322101,-1.52752519,2.84445238,-0.151716515,-0.484322101,0.756114542,-0.422141254,0.810132504,-0.810132504,0.197385505,-0.197385505,1
-0.291970879,-1.00980008,-0.861424148,0.135312915,-0.391248912,-0.708575785,-0.411813855,-0.617812753,-0.610092342,-0.255433619,1.24736142,-0.204124153,-0.22941573,-1.06191313,-0.319262236,1.57424927,-0.569651902,-0.347056448,-0.112508789,2.12538028,-0.625543237,-0.112508789,-0.12852402,-0.210680857,-0.086929135,-0.321633756,0.812250614,-0.32634443,-0.258198887,-0.232418686,-0.480384469,3.71682858,-0.444527596,-0.723746836,-0.454572886,-0.581199288,-0.217072383,-0.687965453,0.925282896,-0.323994398,0.321633756,-0.207424134,-0.235391095,-0.625543237,-0.533018887,1.39326108,-0.432369769,-0.411813855,-0.22941573,0.492174804,-0.484322101,0.654653668,-0.351561517,-0.151716515,-0.484322101,-1.32255089,2.36887527,0.810132504,-0.810132504,0.197385505,-0.197385505,1
-0.70531255,-0.754208446,0.028936727,-0.782062769,-0.9165622,-0.708575785,-0.411813855,-0.617812753,-0.610092342,-0.255433619,1.24736142,-0.204124153,-0.22941573,0.941696584,-0.319262236,-0.635223389,-0.569651902,-0.347056448,-0.112508789,-0.470504045,1.59861052,-0.112508789,-0.12852402,-0.210680857,-0.086929135,-0.321633756,0.812250614,-0.32634443,-0.258198887,-0.232418686,-0.480384469,-0.269046575,-0.444527596,1.38169861,-0.454572886,-0.581199288,-0.217072383,-0.687965453,0.925282896,-0.323994398,0.321633756,-0.207424134,-0.235391095,-0.625543237,-0.533018887,1.39326108,-0.432369769,-0.411813855,-0.22941573,0.492174804,-0.484322101,0.654653668,-0.351561517,-0.151716515,-0.484322101,0.756114542,-0.422141254,0.810132504,-0.810132504,0.197385505,-0.197385505,1
0.25288859,2.31289172,0.919297576,-0.782062769,0.221616521,-0.708575785,-0.411813855,-0.617812753,-0.610092342,-0.255433619,1.24736142,-0.204124153,-0.22941573,0.941696584,-0.319262236,-0.635223389,-0.569651902,-0.347056448,-0.112508789,-0.470504045,-0.625543237,-0.112508789,-0.12852402,-0.210680857,-0.086929135,3.10912633,-1.23114717,-0.32634443,-0.258198887,-0.232418686,2.08166599,-0.269046575,-0.444527596,1.38169861,-0.454572886,-0.581199288,4.60675812,-0.687965453,-1.08075047,-0.323994398,0.321633756,-0.207424134,-0.235391095,1.59861052,-0.533018887,-0.717740536,-0.432369769,2.42828155,-0.22941573,-2.0317986,-0.484322101,0.654653668,-0.351561517,-0.151716515,-0.484322101,0.756114542,-0.422141254,0.810132504,-0.810132504,0.197385505,-0.197385505,0
-0.229102477,0.0125665907,0.919297576,-0.782062769,0.484273136,-0.708575785,2.42828155,-0.617812753,-0.610092342,-0.255433619,1.24736142,-0.204124153,-0.22941573,-1.06191313,3.13222146,-0.635223389,-0.569651902,-0.347056448,-0.112508789,-0.470504045,-0.625543237,-0.112508789,-0.12852402,-0.210680857,-0.086929135,3.10912633,-1.23114717,-0.32634443,3.87298346,-0.232418686,-0.480384469,-0.269046575,2.24957919,-0.723746836,-0.454572886,-0.581199288,-0.217072383,-0.687965453,0.925282896,-0.323994398,0.321633756,-0.207424134,-0.235391095,1.59861052,-0.533018887,-0.717740536,-0.432369769,2.42828155,-0.22941573,-2.0317986,-0.484322101,0.654653668,-0.351561517,-0.151716515,2.06474161,-1.32255089,-0.422141254,0.810132504,-0.810132504,0.197385505,-0.197385505,0
-0.291970879,0.779341578,0.919297576,1.0526886,-1.09166658,-0.708575785,-0.411813855,1.61861348,-0.610092342,-0.255433619,-0.801692247,-0.204124153,-0.22941573,0.941696584,-0.319262236,-0.635223389,-0.569651902,-0.347056448,-0.112508789,2.12538028,-0.625543237,-0.112508789,-0.12852402,-0.210680857,-0.086929135,-0.321633756,0.812250614,-0.32634443,-0.258198887,-0.232418686,-0.480384469,-0.269046575,-0.444527596,-0.723746836,2.19986725,-0.581199288,-0.217072383,1.45356131,-1.08075047,-0.323994398,0.321633756,-0.207424134,-0.235391095,1.59861052,-0.533018887,-0.717740536,-0.432369769,-0.411813855,-0.22941573,0.492174804,2.06474161,-1.52752519,-0.351561517,-0.151716515,-0.484322101,0.756114542,-0.422141254,0.810132504,-0.810132504,0.197385505,-0.197385505,0
-0.725184739,0.268158257,0.919297576,1.0526886,-1.00411439,-0.708575785,-0.411813855,1.61861348,-0.610092342,-0.255433619,-0.801692247,-0.204124153,-0.22941573,0.941696584,-0.319262236,-0.635223389,1.755458,-0.347056448,-0.112508789,-0.470504045,-0.625543237,-0.112508789,-0.12852402,-0.210680857,-0.086929135,-0.321633756,0.812250614,-0.32634443,-0.258198887,-0.232418686,-0.480384469,-0.269046575,2.24957919,-0.723746836,-0.454572886,-0.581199288,-0.217072383,1.45356131,-1.08075047,-0.323994398,0.321633756,-0.207424134,-0.235391095,-0.625543237,1.87610602,-0.717740536,-0.432369769,-0.411813855,-0.22941573,0.492174804,2.06474161,-1.52752519,-0.351561517,-0.151716515,-0.484322101,0.756114542,-0.422141254,0.810132504,-0.810132504,0.197385505,-0.197385505,0
1.96334267,0.268158257,-0.861424148,-0.782062769,-0.74145776,1.0356108,-0.411813855,-0.617812753,-0.610092342,-0.255433619,1.24736142,-0.204124153,-0.22941573,-1.06191313,3.13222146,-0.635223389,-0.569651902,-0.347056448,-0.112508789,-0.470504045,-0.625543237,-0.112508789,-0.12852402,-0.210680857,-0.086929135,3.10912633,0.812250614,-0.32634443,-0.258198887,-0.232418686,-0.480384469,-0.269046575,2.24957919,-0.723746836,-0.454572886,-0.581199288,-0.217072383,-0.687965453,0.925282896,-0.323994398,0.321633756,-0.207424134,-0.235391095,-0.625543237,-0.533018887,1.39326108,-0.432369769,2.42828155,-0.22941573,-2.0317986,-0.484322101,0.654653668,-0.351561517,-0.151716515,-0.484322101,0.756114542,-0.422141254,-1.23436594,1.23436594,0.197385505,-0.197385505,0
-0.145277947,0.268158257,-0.861424148,1.0526886,-0.82900995,-0.708575785,-0.411813855,1.61861348,-0.610092342,-0.255433619,-0.801692247,-0.204124153,-0.22941573,0.941696584,-0.319262236,-0.635223389,-0.569651902,2.88137555,-0.112508789,-0.470504045,-0.625543237,-0.112508789,-0.12852402,-0.210680857,-0.086929135,-0.321633756,-1.23114717,-0.32634443,-0.258198887,-0.232418686,2.08166599,-0.269046575,-0.444527596,-0.723746836,-0.454572886,1.7205801,-0.217072383,1.45356131,-1.08075047,-0.323994398,0.321633756,-0.207424134,-0.235391095,1.59861052,-0.533018887,-0.717740536,-0.432369769,-0.411813855,-0.22941573,0.492174804,2.06474161,-1.52752519,-0.351561517,-0.151716515,-0.484322101,0.756114542,-0.422141254,0.810132504,-0.810132504,0.197385505,-0.197385505,1
-0.428547055,-0.754208446,0.919297576,-0.782062769,-0.478801131,-0.708575785,-0.411813855,-0.617812753,1.63909602,-0.255433619,-0.801692247,-0.204124153,-0.22941573,0.941696584,-0.319262236,-0.635223389,-0.569651902,2.88137555,-0.112508789,-0.470504045,-0.625543237,-0.112508789,-0.12852402,-0.210680857,-0.086929135,-0.321633756,-1.23114717,-0.32634443,-0.258198887,-0.232418686,2.08166599,-0.269046575,-0.444527596,1.38169861,-0.454572886,-0.581199288,-0.217072383,-0.687965453,0.925282896,-0.323994398,0.321633756,-0.207424134,-0.235391095,-0.625543237,-0.533018887,1.39326108,-0.432369769,-0.411813855,-0.22941573,0.492174804,-0.484322101,0.654653668,-0.351561517,-0.151716515,-0.484322101,0.756114542,-0.422141254,0.810132504,-0.810132504,0.197385505,-0.197385505,1
-0.646779895,-0.754208446,0.028936727,1.0526886,1.71000409,-0.708575785,-0.411813855,-0.617812753,-0.610092342,3.91491127,-0.801692247,-0.204124153,-0.22941573,0.941696584,-0.319262236,-0.635223389,-0.569651902,-0.347056448,-0.112508789,2.12538028,-0.625543237,-0.112508789,-0.12852402,-0.210680857,-0.086929135,-0.321633756,-1.23114717,-0.32634443,-0.258198887,-0.232418686,2.08166599,-0.269046575,-0.444527596,-0.723746836,-0.454572886,1.7205801,-0.217072383,1.45356131,-1.08075047,-0.323994398,0.321633756,-0.207424134,-0.235391095,1.59861052,-0.533018887,-0.717740536,-0.432369769,-0.411813855,-0.22941573,0.492174804,-0.484322101,0.654653668,-0.351561517,-0.151716515,-0.484322101,-1.32255089,2.36887527,-1.23436594,1.23436594,0.197385505,-0.197385505,1
-0.0853000432,-1.26539171,-1.75178492,-0.782062769,-0.303696722,-0.708575785,-0.411813855,-0.617812753,-0.610092342,-0.255433619,1.24736142,-0.204124153,-0.22941573,0.941696584,-0.319262236,-0.635223389,-0.569651902,-0.347056448,-0.112508789,2.12538028,-0.625543237,-0.112508789,-0.12852402,-0.210680857,-0.086929135,-0.321633756,-1.23114717,-0.32634443,3.87298346,-0.232418686,-0.480384469,-0.269046575,-0.444527596,1.38169861,-0.454572886,-0.581199288,-0.217072383,-0.687965453,0.925282896,-0.323994398,0.321633756,-0.207424134,-0.235391095,-0.625543237,-0.533018887,1.39326108,-0.432369769,-0.411813855,-0.22941573,0.492174804,-0.484322101,0.654653668,-0.351561517,-0.151716515,-0.484322101,0.756114542,-0.422141254,-1.23436594,1.23436594,0.197385505,-0.197385505,1
0.239881337,0.268158257,0.919297576,-0.782062769,0.134064317,-0.708575785,-0.411813855,-0.617812753,1.63909602,-0.255433619,-0.801692247,-0.204124153,-0.22941573,-1.06191313,-0.319262236,1.57424927,1.755458,-0.347056448,-0.112508789,-0.470504045,-0.625543237,-0.112508789,-0.12852402,-0.210680857,-0.086929135,-0.321633756,-1.23114717,3.06424713,-0.258198887,-0.232418686,-0.480384469,-0.269046575,2.24957919,-0.723746836,-0.454572886,-0.581199288,4.60675812,-0.687965453,-1.08075047,-0.323994398,0.321633756,-0.207424134,-0.235391095,-0.625543237,-0.533018887,1.39326108,-0.432369769,-0.411813855,-0.22941573,0.492174804,-0.484322101,0.654653668,-0.351561517,-0.151716515,-0.484322101,0.756114542,-0.422141254,-1.23436594,1.23436594,0.197385505,-0.197385505,1
0.985991955,0.268158257,-1.75178492,-1.69943845,0.746929765,1.0356108,-0.411813855,-0.617812753,-0.610092342,-0.255433619,1.24736142,-0.204124153,-0.22941573,0.941696584,-0.319262236,-0.635223389,-0.569651902,-0.347056448,-0.112508789,-0.470504045,1.59861052,-0.112508789,-0.12852402,-0.210680857,-0.086929135,-0.321633756,-1.23114717,-0.32634443,-0.258198887,-0.232418686,2.08166599,-0.269046575,2.24957919,-0.723746836,-0.454572886,-0.581199288,-0.217072383,1.45356131,-1.08075047,-0.323994398,0.321633756,-0.207424134,-0.235391095,-0.625543237,-0.533018887,1.39326108,-0.432369769,-0.411813855,-0.22941573,0.492174804,-0.484322101,0.654653668,-0.351561517,-0.151716515,-0.484322101,0.756114542,-0.422141254,-1.23436594,1.23436594,0.197385505,-0.197385505,0
1.68043482,-0.754208446,0.919297576,1.0526886,1.53489959,-0.708575785,-0.411813855,1.61861348,-0.610092342,-0.255433619,-0.801692247,-0.204124153,-0.22941573,0.941696584,-0.319262236,-0.635223389,-0.569651902,-0.347056448,-0.112508789,2.12538028,-0.625543237,-0.112508789,-0.12852402,-0.210680857,-0.086929135,-0.321633756,0.812250614,-0.32634443,-0.258198887,-0.232418686,-0.480384469,-0.269046575,-0.444527596,-0.723746836,-0.454572886,1.7205801,-0.217072383,-0.687965453,0.925282896,-0.323994398,0.321633756,-0.207424134,-0.235391095,-0.625543237,-0.533018887,-0.717740536,2.31283522,-0.411813855,-0.22941573,0.492174804,-0.484322101,-1.52752519,2.84445238,-0.151716515,-0.484322101,-1.32255089,2.36887527,-1.23436594,1.23436594,0.197385505,-0.197385505,0
-0.230547726,-1.1801945,-0.861424148,-0.782062769,-0.0410400964,-0.708575785,-0.411813855,-0.617812753,1.63909602,-0.255433619,-0.801692247,-0.204124153,-0.22941573,0.941696584,-0.319262236,-0.635223389,-0.569651902,-0.347056448,-0.112508789,-0.470504045,1.59861052,-0.112508789,-0.12852402,-0.210680857,-0.086929135,-0.321633756,0.812250614,-0.32634443,-0.258198887,-0.232418686,-0.480384469,-0.269046575,-0.444527596,1.38169861,-0.454572886,-0.581199288,-0.217072383,-0.687965453,0.925282896,-0.323994398,-3.10912633,-0.207424134,4.24824905,1.59861052,-0.533018887,-0.717740536,-0.432369769,-0.411813855,-0.22941573,0.492174804,-0.484322101,0.654653668,-0.351561517,-0.151716515,-0.484322101,0.756114542,-0.422141254,0.810132504,-0.810132504,0.197385505,-0.197385505,1
1.07848799,-0.754208446,0.919297576,-0.782062769,-0.653905571,1.0356108,-0.411813855,1.61861348,-0.610092342,-0.255433619,-0.801692247,4.89897966,-0.22941573,-1.06191313,-0.319262236,-0.635223389,-0.569651902,-0.347056448,-0.112508789,-0.470504045,1.59861052,-0.112508789,-0.12852402,-0.210680857,-0.086929135,-0.321633756,0.812250614,-0.32634443,-0.258198887,-0.232418686,-0.480384469,-0.269046575,-0.444527596,1.38169861,-0.454572886,-0.581199288,-0.217072383,-0.687965453,0.925282896,-0.323994398,0.321633756,-0.207424134,-0.235391095,-0.625543237,1.87610602,-0.717740536,-0.432369769,-0.411813855,-0.22941573,0.492174804,2.06474161,-1.52752519,-0.351561517,-0.151716515,-0.484322101,0.756114542,-0.422141254,-1.23436594,1.23436594,0.197385505,-0.197385505,0
0.782934248,2.31289172,0.028936727,1.0526886,0.396720946,-0.708575785,-0.411813855,-0.617812753,1.63909602,-0.255433619,-0.801692247,-0.204124153,-0.22941573,0.941696584,-0.319262236,-0.635223389,-0.569651902,-0.347056448,8.88819408,-0.470504045,-0.625543237,-0.112508789,-0.12852402,-0.210680857,-0.086929135,-0.321633756,-1.23114717,-0.32634443,-0.258198887,-0.232418686,2.08166599,3.71682858,-0.444527596,-0.723746836,-0.454572886,-0.581199288,-0.217072383,-0.687965453,0.925282896,-0.323994398,0.321633756,-0.207424134,-0.235391095,-0.625543237,-0.533018887,-0.717740536,2.31283522,2.42828155,-0.22941573,-2.0317986,-0.484322101,-1.52752519,2.84445238,6.59123993,-0.484322101,-1.32255089,-0.422141254,-1.23436594,1.23436594,0.197385505,-0.197385505,1
-0.481298715,-0.243025079,0.919297576,1.0526886,-0.9165622,1.0356108,-0.411813855,1.61861348,-0.610092342,-0.255433619,-0.801692247,-0.204124153,-0.22941573,0.941696584,-0.319262236,-0.635223389,-0.569651902,-0.347056448,-0.112508789,-0.470504045,1.59861052,-0.112508789,-0.12852402,-0.210680857,-0.086929135,-0.321633756,0.812250614,-0.32634443,-0.258198887,-0.232418686,-0.480384469,-0.269046575,-0.444527596,1.38169861,-0.454572886,-0.581199288,-0.217072383,1.45356131,-1.08075047,-0.323994398,0.321633756,-0.207424134,-0.235391095,-0.625543237,-0.533018887,1.39326108,-0.432369769,2.42828155,-0.22941573,-2.0317986,2.06474161,-1.52752519,-0.351561517,-0.151716515,-0.484322101,0.756114542,-0.422141254,0.810132504,-0.810132504,0.197385505,-0.197385505,0
-0.74433428,-0.839405656,0.919297576,1.0526886,1.88510847,2.77979732,-0.411813855,-0.617812753,-0.610092342,-0.255433619,1.24736142,-0.204124153,-0.22941573,-1.06191313,-0.319262236,1.57424927,-0.569651902,-0.347056448,-0.112508789,-0.470504045,1.59861052,-0.112508789,-0.12852402,-0.210680857,-0.086929135,-0.321633756,-1.23114717,3.06424713,-0.258198887,-0.232418686,-0.480384469,3.71682858,-0.444527596,-0.723746836,-0.454572886,-0.581199288,-0.217072383,1.45356131,-1.08075047,-0.323994398,0.321633756,-0.207424134,-0.235391095,1.59861052,-0.533018887,-0.717740536,-0.432369769,-0.411813855,-0.22941573,0.492174804,-0.484322101,0.654653668,-0.351561517,-0.151716515,2.06474161,-1.32255089,-0.422141254,0.810132504,-0.810132504,0.197385505,-0.197385505,1
-0.200558782,-0.243025079,0.919297576,-0.782062769,-0.653905571,-0.708575785,-0.411813855,1.61861348,-0.610092342,-0.255433619,-0.801692247,-0.204124153,-0.22941573,0.941696584,-0.319262236,-0.635223389,-0.569651902,-0.347056448,-0.112508789,2.12538028,-0.625543237,-0.112508789,-0.12852402,-0.210680857,-0.086929135,-0.321633756,-1.23114717,-0.32634443,-0.258198887,4.30257988,-0.480384469,-0.269046575,-0.444527596,1.38169861,-0.454572886,-0.581199288,-0.217072383,-0.687965453,0.925282896,-0.323994398,0.321633756,-0.207424134,-0.235391095,-0.625543237,-0.533018887,1.39326108,-0.432369769,-0.411813855,-0.22941573,0.492174804,-0.484322101,0.654653668,-0.351561517,-0.151716515,-0.484322101,0.756114542,-0.422141254,0.810132504,-0.810132504,0.197385505,-0.197385505,1
0.729821265,0.779341578,0.919297576,-0.782062769,-0.653905571,1.0356108,-0.411813855,-0.617812753,1.63909602,-0.255433619,-0.801692247,-0.204124153,-0.22941573,-1.06191313,-0.319262236,1.57424927,1.755458,-0.347056448,-0.112508789,-0.470504045,-0.625543237,-0.112508789,-0.12852402,-0.210680857,-0.086929135,-0.321633756,0.812250614,-0.32634443,-0.258198887,-0.232418686,-0.480384469,3.71682858,-0.444527596,-0.723746836,-0.454572886,-0.581199288,-0.217072383,-0.687965453,-1.08075047,3.08647299,0.321633756,-0.207424134,-0.235391095,-0.625543237,-0.533018887,1.39326108,-0.432369769,-0.411813855,-0.22941573,0.492174804,-0.484322101,0.654653668,-0.351561517,-0.151716515,-0.484322101,-1.32255089,2.36887527,0.810132504,-0.810132504,0.197385505,-0.197385505,0
-0.636301816,-0.243025079,0.028936727,-1.69943845,-0.82900995,-0.708575785,-0.411813855,-0.617812753,-0.610092342,-0.255433619,1.24736142,-0.204124153,-0.22941573,0.941696584,-0.319262236,-0.635223389,-0.569651902,-0.347056448,-0.112508789,-0.470504045,1.59861052,-0.112508789,-0.12852402,-0.210680857,-0.086929135,-0.321633756,0.812250614,-0.32634443,-0.258198887,-0.232418686,-0.480384469,-0.269046575,2.24957919,-0.723746836,-0.454572886,-0.581199288,-0.217072383,1.45356131,-1.08075047,-0.323994398,0.321633756,-0.207424134,-0.235391095,1.59861052,-0.533018887,-0.717740536,-0.432369769,-0.411813855,-0.22941573,0.492174804,-0.484322101,0.654653668,-0.351561517,-0.151716515,-0.484322101,0.756114542,-0.422141254,0.810132504,-0.810132504,0.197385505,-0.197385505,1
-0.922100127,-1.26539171,0.028936727,1.0526886,0.484273136,-0.708575785,2.42828155,1.61861348,-0.610092342,-0.255433619,-0.801692247,-0.204124153,-0.22941573,0.941696584,-0.319262236,-0.635223389,1.755458,-0.347056448,-0.112508789,-0.470504045,-0.625543237,-0.112508789,-0.12852402,-0.210680857,-0.086929135,-0.321633756,0.812250614,-0.32634443,-0.258198887,-0.232418686,-0.480384469,-0.269046575,2.24957919,-0.723746836,-0.454572886,-0.581199288,-0.217072383,-0.687965453,0.925282896,-0.323994398,0.321633756,-0.207424134,-0.235391095,1.59861052,-0.533018887,-0.717740536,-0.432369769,-0.411813855,-0.22941573,0.492174804,-0.484322101,0.654653668,-0.351561517,-0.151716515,2.06474161,-1.32255089,-0.422141254,-1.23436594,1.23436594,0.197385505,-0.197385505,1
-0.470098019,-0.243025079,0.028936727,0.135312915,0.0465121083,-0.708575785,-0.411813855,-0.617812753,1.63909602,-0.255433619,-0.801692247,-0.204124153,-0.22941573,0.941696584,-0.319262236,-0.635223389,-0.569651902,-0.347056448,-0.112508789,-0.470504045,-0.625543237,-0.112508789,-0.12852402,-0.210680857,-0.086929135,3.10912633,-1.23114717,-0.32634443,-0.258198887,4.30257988,-0.480384469,-0.269046575,2.24957919,-0.723746836,-0.454572886,-0.581199288,-0.217072383,-0.687965453,-1.08075047,3.08647299,0.321633756,-0.207424134,-0.235391095,1.59861052,-0.533018887,-0.717740536,-0.432369769,2.42828155,-0.22941573,-2.0317986,-0.484322101,0.654653668,-0.351561517,-0.151716515,-0.484322101,0.756114542,-0.422141254,-1.23436594,1.23436594,0.197385505,-0.197385505,1
1.00586414,1.6313138,0.919297576,0.135312915,-0.74145776,-0.708575785,-0.411813855,1.61861348,-0.610092342,-0.255433619,-0.801692247,-0.204124153,-0.22941573,-1.06191313,-0.319262236,1.57424927,-0.569651902,-0.347056448,-0.112508789,-0.470504045,-0.625543237,-0.112508789,-0.12852402,4.74651575,-0.086929135,-0.321633756,0.812250614,-0.32634443,-0.258198887,-0.232418686,-0.480384469,-0.269046575,-0.444527596,1.38169861,-0.454572886,-0.581199288,-0.217072383,-0.687965453,0.925282896,-0.323994398,0.321633756,-0.207424134,-0.235391095,-0.625543237,-0.533018887,-0.717740536,2.31283522,2.42828155,-0.22941573,-2.0317986,-0.484322101,0.654653668,-0.351561517,-0.151716515,-0.484322101,0.756114542,-0.422141254,-1.23436594,1.23436594,0.197385505,-0.197385505,0
-0.954979599,0.0125665907,0.919297576,1.0526886,2.58552623,1.0356108,-0.411813855,1.61861348,-0.610092342,-0.255433619,-0.801692247,-0.204124153,-0.22941573,-1.06191313,-0.319262236,1.57424927,1.755458,-0.347056448,-0.112508789,-0.470504045,-0.625543237,-0.112508789,-0.12852402,-0.210680857,-0.086929135,-0.321633756,0.812250614,-0.32634443,-0.258198887,-0.232418686,-0.480384469,-0.269046575,-0.444527596,-0.723746836,-0.454572886,1.7205801,-0.217072383,-0.687965453,0.925282896,-0.323994398,0.321633756,-0.207424134,-0.235391095,1.59861052,-0.533018887,-0.717740536,-0.432369769,-0.411813855,-0.22941573,0.492174804,-0.484322101,0.654653668,-0.351561517,-0.151716515,-0.484322101,0.756114542,-0.422141254,0.810132504,-0.810132504,0.197385505,-0.197385505,1
-1.01351225,-0.754208446,0.028936727,0.135312915,0.571825325,1.0356108,-0.411813855,-0.617812753,-0.610092342,3.91491127,-0.801692247,-0.204124153,4.35889912,-1.06191313,-0.319262236,-0.635223389,-0.569651902,-0.347056448,-0.112508789,-0.470504045,1.59861052,-0.112508789,-0.12852402,-0.210680857,-0.086929135,-0.321633756,-1.23114717,-0.32634443,-0.258198887,4.30257988,-0.480384469,-0.269046575,-0.444527596,1.38169861,-0.454572886,-0.581199288,-0.217072383,1.45356131,-1.08075047,-0.323994398,0.321633756,-0.207424134,-0.235391095,1.59861052,-0.533018887,-0.717740536,-0.432369769,-0.411813855,-0.22941573,0.492174804,2.06474161,-1.52752519,-0.351561517,-0.151716515,-0.484322101,0.756114542,-0.422141254,0.810132504,-0.810132504,0.197385505,-0.197385505,1
-0.704589903,-0.754208446,0.919297576,1.0526886,1.88510847,-0.708575785,-0.411813855,-0.617812753,-0.610092342,-0.255433619,1.24736142,-0.204124153,-0.22941573,-1.06191313,-0.319262236,1.57424927,-0.569651902,-0.347056448,-0.112508789,-0.470504045,-0.625543237,-0.112508789,-0.12852402,-0.210680857,-0.086929135,3.10912633,-1.23114717,-0.32634443,-0.258198887,-0.232418686,2.08166599,-0.269046575,-0.444527596,-0.723746836,-0.454572886,1.7205801,-0.217072383,-0.687965453,0.925282896,-0.323994398,0.321633756,-0.207424134,-0.235391095,-0.625543237,-0.533018887,-0.717740536,2.31283522,-0.411813855,-0.22941573,0.492174804,2.06474161,-1.52752519,-0.351561517,-0.151716515,2.06474161,-1.32255089,-0.422141254,0.810132504,-0.810132504,0.197385505,-0.197385505,1
0.323705882,0.268158257,0.028936727,1.0526886,-1.09166658,1.0356108,2.42828155,1.61861348,-0.610092342,-0.255433619,-0.801692247,4.89897966,-0.22941573,-1.06191313,-0.319262236,-0.635223389,-0.569651902,-0.347056448,-0.112508789,2.12538028,-0.625543237,-0.112508789,-0.12852402,-0.210680857,-0.086929135,-0.321633756,0.812250614,-0.32634443,-0.258198887,-0.232418686,-0.480384469,-0.269046575,-0.444527596,-0.723746836,-0.454572886,1.7205801,-0.217072383,-0.687965453,0.925282896,-0.323994398,0.321633756,-0.207424134,-0.235391095,-0.625543237,-0.533018887,-0.717740536,2.31283522,2.42828155,-0.22941573,-2.0317986,2.06474161,-1.52752519,-0.351561517,-0.151716515,-0.484322101,0.756114542,-0.422141254,0.810132504,-0.810132504,0.197385505,-0.197385505,0
0.0668125823,-0.754208446,-0.861424148,0.135312915,0.134064317,-0.708575785,-0.411813855,-0.617812753,-0.610092342,3.91491127,-0.801692247,-0.204124153,-0.22941573,0.941696584,-0.319262236,-0.635223389,-0.569651902,-0.347056448,-0.112508789,-0.470504045,1.59861052,-0.112508789,-0.12852402,-0.210680857,-0.086929135,-0.321633756,-1.23114717,-0.32634443,-0.258198887,-0.232418686,2.08166599,-0.269046575,-0.444527596,-0.723746836,-0.454572886,1.7205801,-0.217072383,-0.687965453,0.925282896,-0.323994398,0.321633756,-0.207424134,-0.235391095,-0.625543237,-0.533018887,1.39326108,-0.432369769,-0.411813855,-0.22941573,0.492174804,-0.484322101,0.654653668,-0.351561517,-0.151716515,-0.484322101,-1.32255089,2.36887527,0.810132504,-0.810132504,0.197385505,-0.197385505,1
0.571566343,1.80170822,0.919297576,1.0526886,1.79755628,-0.708575785,-0.411813855,-0.617812753,-0.610092342,3.91491127,-0.801692247,-0.204124153,-0.22941573,-1.06191313,-0.319262236,1.57424927,-0.569651902,2.88137555,-0.112508789,-0.470504045,-0.625543237,-0.112508789,-0.12852402,-0.210680857,-0.086929135,-0.321633756,0.812250614,-0.32634443,-0.258198887,-0.232418686,-0.480384469,-0.269046575,-0.444527596,-0.723746836,-0.454572886,1.7205801,-0.217072383,-0.687965453,0.925282896,-0.323994398,0.321633756,-0.207424134,-0.235391095,-0.625543237,-0.533018887,-0.717740536,2.31283522,-0.411813855,-0.22941573,0.492174804,-0.484322101,-1.52752519,2.84445238,-0.151716515,-0.484322101,0.756114542,-0.422141254,0.810132504,-0.810132504,0.197385505,-0.197385505,1
-0.651838243,-0.754208446,-0.861424148,-0.782062769,-0.391248912,-0.708575785,-0.411813855,-0.617812753,1.63909602,-0.255433619,-0.801692247,4.89897966,-0.22941573,-1.06191313,-0.319262236,-0.635223389,-0.569651902,-0.347056448,-0.112508789,-0.470504045,-0.625543237,-0.112508789,-0.12852402,-0.210680857,11.503623,-0.321633756,0.812250614,-0.32634443,-0.258198887,-0.232418686,-0.480384469,-0.269046575,-0.444527596,1.38169861,-0.454572886,-0.581199288,-0.217072383,-0.687965453,0.925282896,-0.323994398,0.321633756,-0.207424134,-0.235391095,1.59861052,-0.533018887,-0.717740536,-0.432369769,-0.411813855,-0.22941573,0.492174804,-0.484322101,0.654653668,-0.351561517,-0.151716515,2.06474161,-1.32255089,-0.422141254,-1.23436594,1.23436594,0.197385505,-0.197385505,1
-0.0524205938,0.268158257,0.919297576,1.0526886,-0.478801131,-0.708575785,-0.411813855,-0.617812753,1.63909602,-0.255433619,-0.801692247,-0.204124153,-0.22941573,0.941696584,-0.319262236,-0.635223389,-0.569651902,-0.347056448,-0.112508789,2.12538028,-0.625543237,-0.112508789,-0.12852402,-0.210680857,-0.086929135,-0.321633756,-1.23114717,3.06424713,-0.258198887,-0.232418686,-0.480384469,-0.269046575,-0.444527596,-0.723746836,-0.454572886,1.7205801,-0.217072383,-0.687965453,0.925282896,-0.323994398,0.321633756,-0.207424134,-0.235391095,-0.625543237,-0.533018887,-0.717740536,2.31283522,-0.411813855,-0.22941573,0.492174804,-0.484322101,-1.52752519,2.84445238,-0.151716515,-0.484322101,0.756114542,-0.422141254,0.810132504,-0.810132504,0.197385505,-0.197385505,1
2.11039686,1.29052496,-0.861424148,1.0526886,-0.0410400964,-0.708575785,2.42828155,-0.617812753,-0.610092342,-0.255433619,1.24736142,-0.204124153,-0.22941573,0.941696584,-0.319262236,-0.635223389,-0.569651902,-0.347056448,-0.112508789,-0.470504045,-0.625543237,-0.112508789,-0.12852402,4.74651575,-0.086929135,-0.321633756,-1.23114717,-0.32634443,-0.258198887,-0.232418686,2.08166599,-0.269046575,-0.444527596,1.38169861,-0.454572886,-0.581199288,-0.217072383,-0.687965453,0.925282896,-0.323994398,0.321633756,-0.207424134,-0.235391095,-0.625543237,-0.533018887,-0.717740536,2.31283522,-0.411813855,-0.22941573,0.492174804,-0.484322101,-1.52752519,2.84445238,-0.151716515,2.06474161,-1.32255089,-0.422141254,-1.23436594,1.23436594,0.197385505,-0.197385505,1
-0.817680776,-0.754208446,0.919297576,1.0526886,-0.74145776,4.52398396,-0.411813855,-0.617812753,1.63909602,-0.255433619,-0.801692247,-0.204124153,-0.22941573,0.941696584,-0.319262236,-0.635223389,-0.569651902,-0.347056448,-0.112508789,2.12538028,-0.625543237,-0.112508789,-0.12852402,-0.210680857,-0.086929135,-0.321633756,-1.23114717,3.06424713,-0.258198887,-0.232418686,-0.480384469,-0.269046575,2.24957919,-0.723746836,-0.454572886,-0.581199288,-0.217072383,1.45356131,-1.08075047,-0.323994398,0.321633756,-0.207424134,-0.235391095,-0.625543237,-0.533018887,1.39326108,-0.432369769,2.42828155,-0.22941573,-2.0317986,2.06474161,-1.52752519,-0.351561517,-0.151716515,-0.484322101,0.756114542,-0.422141254,0.810132504,-0.810132504,0.197385505,-0.197385505,0
-0.732049704,0.0125665907,-0.861424148,1.0526886,0.309168726,-0.708575785,2.42828155,-0.617812753,1.63909602,-0.255433619,-0.801692247,-0.204124153,-0.22941573,0.941696584,-0.319262236,-0.635223389,-0.569651902,-0.347056448,-0.112508789,-0.470504045,-0.625543237,-0.112508789,-0.12852402,-0.210680857,-0.086929135,3.10912633,0.812250614,-0.32634443,-0.258198887,-0.232418686,-0.480384469,-0.269046575,-0.444527596,-0.723746836,-0.454572886,1.7205801,-0.217072383,1.45356131,-1.08075047,-0.323994398,0.321633756,-0.207424134,-0.235391095,-0.625543237,1.87610602,-0.717740536,-0.432369769,-0.411813855,-0.22941573,0.492174804,-0.484322101,0.654653668,-0.351561517,-0.151716515,-0.484322101,0.756114542,-0.422141254,0.810132504,-0.810132504,0.197385505,-0.197385505,0
0.0126156826,1.29052496,-0.861424148,1.0526886,0.309168726,-0.708575785,2.42828155,1.61861348,-0.610092342,-0.255433619,-0.801692247,-0.204124153,-0.22941573,0.941696584,-0.319262236,-0.635223389,1.755458,-0.347056448,-0.112508789,-0.470504045,-0.625543237,-0.112508789,-0.12852402,-0.210680857,-0.086929135,-0.321633756,0.812250614,-0.32634443,-0.258198887,-0.232418686,-0.480384469,-0.269046575,-0.444527596,-0.723746836,2.19986725,-0.581199288,-0.217072383,-0.687965453,0.925282896,-0.323994398,0.321633756,-0.207424134,-0.235391095,-0.625543237,-0.533018887,-0.717740536,2.31283522,2.42828155,-0.22941573,-2.0317986,-0.484322101,-1.52752519,2.84445238,-0.151716515,-0.484322101,-1.32255089,2.36887527,-1.23436594,1.23436594,0.197385505,-0.197385505,1
-0.126489684,-0.243025079,-0.861424148,-1.69943845,-0.128592297,-0.708575785,2.42828155,-0.617812753,-0.610092342,3.91491127,-0.801692247,-0.204124153,-0.22941573,0.941696584,-0.319262236,-0.635223389,-0.569651902,-0.347056448,-0.112508789,2.12538028,-0.625543237,-0.112508789,-0.12852402,-0.210680857,-0.086929135,-0.321633756,0.812250614,-0.32634443,-0.258198887,-0.232418686,-0.480384469,-0.269046575,-0.444527596,1.38169861,-0.454572886,-0.581199288,-0.217072383,-0.687965453,0.925282896,-0.323994398,0.321633756,-0.207424134,-0.235391095,1.59861052,-0.533018887,-0.717740536,-0.432369769,-0.411813855,-0.22941573,0.492174804,-0.484322101,0.654653668,-0.351561517,-0.151716515,2.06474161,-1.32255089,-0.422141254,0.810132504,-0.810132504,0.197385505,-0.197385505,0
1.08752084,2.31289172,0.919297576,1.0526886,1.27224302,-0.708575785,-0.411813855,-0.617812753,1.63909602,-0.255433619,-0.801692247,-0.204124153,-0.22941573,-1.06191313,3.13222146,-0.635223389,-0.569651902,-0.347056448,-0.112508789,-0.470504045,-0.625543237,-0.112508789,-0.12852402,4.74651575,-0.086929135,-0.321633756,0.812250614,-0.32634443,-0.258198887,-0.232418686,-0.480384469,-0.269046575,-0.444527596,-0.723746836,-0.454572886,1.7205801,-0.217072383,-0.687965453,0.925282896,-0.323994398,0.321633756,-0.207424134,-0.235391095,-0.625543237,-0.533018887,-0.717740536,2.31283522,-0.411813855,-0.22941573,0.492174804,-0.484322101,-1.52752519,2.84445238,-0.151716515,-0.484322101,0.756114542,-0.422141254,0.810132504,-0.810132504,0.197385505,-0.197385505,0
-0.600170553,-0.243025079,0.919297576,0.135312915,0.746929765,-0.708575785,-0.411813855,1.61861348,-0.610092342,-0.255433619,-0.801692247,-0.204124153,4.35889912,-1.06191313,-0.319262236,-0.635223389,-0.569651902,-0.347056448,-0.112508789,2.12538028,-0.625543237,-0.112508789,-0.12852402,-0.210680857,-0.086929135,-0.321633756,0.812250614,-0.32634443,-0.258198887,-0.232418686,-0.480384469,-0.269046575,-0.444527596,1.38169861,-0.454572886,-0.581199288,-0.217072383,-0.687965453,0.925282896,-0.323994398,0.321633756,-0.207424134,-0.235391095,-0.625543237,-0.533018887,1.39326108,-0.432369769,2.42828155,-0.22941573,-2.0317986,-0.484322101,0.654653668,-0.351561517,-0.151716515,-0.484322101,0.756114542,-0.422141254,0.810132504,-0.810132504,0.197385505,-0.197385505,0
-0.358813703,-0.498616755,-0.861424148,1.0526886,-1.35432315,-0.708575785,-0.411813855,-0.617812753,-0.610092342,-0.255433619,1.24736142,-0.204124153,-0.22941573,0.941696584,-0.319262236,-0.635223389,-0.569651902,-0.347056448,-0.112508789,2.12538028,-0.625543237,-0.112508789,-0.12852402,-0.210680857,-0.086929135,-0.321633756,-1.23114717,-0.32634443,3.87298346,-0.232418686,-0.480384469,-0.269046575,-0.444527596,1.38169861,-0.454572886,-0.581199288,-0.217072383,1.45356131,-1.08075047,-0.323994398,0.321633756,-0.207424134,-0.235391095,-0.625543237,-0.533018887,1.39326108,-0.432369769,-0.411813855,-0.22941573,0.492174804,2.06474161,-1.52752519,-0.351561517,-0.151716515,-0.484322101,0.756114542,-0.422141254,0.810132504,-0.810132504,0.197385505,-0.197385505,1
-0.887052774,-0.754208446,0.919297576,-0.782062769,-0.82900995,-0.708575785,-0.411813855,1.61861348,-0.610092342,-0.255433619,-0.801692247,-0.204124153,-0.22941573,0.941696584,-0.319262236,-0.635223389,1.755458,-0.347056448,-0.112508789,-0.470504045,-0.625543237,-0.112508789,-0.12852402,-0.210680857,-0.086929135,-0.321633756,0.812250614,-0.32634443,-0.258198887,-0.232418686,-0.480384469,-0.269046575,-0.444527596,-0.723746836,2.19986725,-0.581199288,-0.217072383,-0.687965453,0.925282896,-0.323994398,0.321633756,-0.207424134,-0.235391095,1.59861052,-0.533018887,-0.717740536,-0.432369769,-0.411813855,-0.22941573,0.492174804,-0.484322101,0.654653668,-0.351561517,-0.151716515,-0.484322101,0.756114542,-0.422141254,0.810132504,-0.810132504,0.197385505,-0.197385505,0
-0.522488356,-0.754208446,0.028936727,-0.782062769,-1.00411439,-0.708575785,-0.411813855,-0.617812753,-0.610092342,-0.255433619,1.24736142,-0.204124153,-0.22941573,0.941696584,-0.319262236,-0.635223389,-0.569651902,-0.347056448,-0.112508789,2.12538028,-0.625543237,-0.112508789,-0.12852402,-0.210680857,-0.086929135,-0.321633756,0.812250614,-0.32634443,-0.258198887,-0.232418686,-0.480384469,-0.269046575,-0.444527596,1.38169861,-0.454572886,-0.581199288,-0.217072383,-0.687965453,0.925282896,-0.323994398,0.321633756,-0.207424134,-0.235391095,1.59861052,-0.533018887,-0.717740536,-0.432369769,-0.411813855,-0.22941573,0.492174804,2.06474161,-1.52752519,-0.351561517,-0.151716515,2.06474161,-1.32255089,-0.422141254,0.810132504,-0.810132504,0.197385505,-0.197385505,1
4.0119853,1.29052496,0.919297576,-0.782062769,1.88510847,-0.708575785,-0.411813855,-0.617812753,1.63909602,-0.255433619,-0.801692247,-0.204124153,-0.22941573,0.941696584,-0.319262236,-0.635223389,1.755458,-0.347056448,-0.112508789,-0.470504045,-0.625543237,-0.112508789,-0.12852402,-0.210680857,-0.086929135,-0.321633756,0.812250614,-0.32634443,-0.258198887,-0.232418686,-0.480384469,-0.269046575,-0.444527596,-0.723746836,-0.454572886,1.7205801,-0.217072383,-0.687965453,0.925282896,-0.323994398,0.321633756,-0.207424134,-0.235391095,-0.625543237,-0.533018887,-0.717740536,2.31283522,-0.411813855,-0.22941573,0.492174804,-0.484322101,-1.52752519,2.84445238,-0.151716515,-0.484322101,-1.32255089,2.36887527,-1.23436594,1.23436594,0.197385505,-0.197385505,0
-0.718681097,-0.924602866,-0.861424148,-0.782062769,0.134064317,-0.708575785,-0.411813855,-0.617812753,-0.610092342,3.91491127,-0.801692247,-0.204124153,-0.22941573,0.941696584,-0.319262236,-0.635223389,-0.569651902,-0.347056448,-0.112508789,-0.470504045,-0.625543237,8.88819408,-0.12852402,-0.210680857,-0.086929135,-0.321633756,0.812250614,-0.32634443,-0.258198887,-0.232418686,-0.480384469,-0.269046575,-0.444527596,1.38169861,-0.454572886,-0.581199288,-0.217072383,-0.687965453,0.925282896,-0.323994398,0.321633756,-0.207424134,-0.235391095,-0.625543237,-0.533018887,1.39326108,-0.432369769,-0.411813855,-0.22941573,0.492174804,-0.484322101,0.654653668,-0.351561517,-0.151716515,-0.484322101,0.756114542,-0.422141254,-1.23436594,1.23436594,0.197385505,-0.197385505,1
-0.430714935,0.268158257,0.919297576,1.0526886,0.134064317,-0.708575785,-0.411813855,-0.617812753,-0.610092342,-0.255433619,1.24736142,-0.204124153,-0.22941573,-1.06191313,-0.319262236,1.57424927,1.755458,-0.347056448,-0.112508789,-0.470504045,-0.625543237,-0.112508789,-0.12852402,-0.210680857,-0.086929135,-0.321633756,0.812250614,-0.32634443,-0.258198887,-0.232418686,-0.480384469,-0.269046575,-0.444527596,1.38169861,-0.454572886,-0.581199288,-0.217072383,1.45356131,-1.08075047,-0.323994398,0.321633756,-0.207424134,-0.235391095,-0.625543237,-0.533018887,1.39326108,-0.432369769,-0.411813855,-0.22941573,0.492174804,-0.484322101,0.654653668,-0.351561517,-0.151716515,-0.484322101,0.756114542,-0.422141254,-1.23436594,1.23436594,0.197385505,-0.197385505,1
0.0989694074,0.268158257,0.028936727,1.0526886,-1.09166658,-0.708575785,-0.411813855,-0.617812753,-0.610092342,-0.255433619,1.24736142,-0.204124153,-0.22941573,0.941696584,-0.319262236,-0.635223389,-0.569651902,2.88137555,-0.112508789,-0.470504045,-0.625543237,-0.112508789,-0.12852402,-0.210680857,-0.086929135,-0.321633756,-1.23114717,3.06424713,-0.258198887,-0.232418686,-0.480384469,-0.269046575,-0.444527596,-0.723746836,2.19986725,-0.581199288,-0.217072383,1.45356131,-1.08075047,-0.323994398,0.321633756,-0.207424134,-0.235391095,-0.625543237,-0.533018887,1.39326108,-0.432369769,-0.411813855,-0.22941573,0.492174804,-0.484322101,0.654653668,-0.351561517,-0.151716515,-0.484322101,0.756114542,-0.422141254,0.810132504,-0.810132504,0.197385505,-0.197385505,1
-0.70531255,-0.498616755,0.919297576,0.135312915,0.0465121083,1.0356108,-0.411813855,-0.617812753,-0.610092342,-0.255433619,1.24736142,-0.204124153,-0.22941573,0.941696584,-0.319262236,-0.635223389,-0.569651902,-0.347056448,-0.112508789,-0.470504045,-0.625543237,8.88819408,-0.12852402,-0.210680857,-0.086929135,-0.321633756,-1.23114717,-0.32634443,3.87298346,-0.232418686,-0.480384469,-0.269046575,-0.444527596,-0.723746836,2.19986725,-0.581199288,-0.217072383,-0.687965453,0.925282896,-0.323994398,0.321633756,-0.207424134,-0.235391095,-0.625543237,1.87610602,-0.717740536,-0.432369769,-0.411813855,-0.22941573,0.492174804,-0.484322101,0.654653668,-0.351561517,-0.151716515,-0.484322101,0.756114542,-0.422141254,-1.23436594,1.23436594,0.197385505,-0.197385505,1
-0.797447264,-0.754208446,0.919297576,-1.69943845,-1.17921877,-0.708575785,-0.411813855,-0.617812753,1.63909602,-0.255433619,-0.801692247,-0.204124153,-0.22941573,0.941696584,-0.319262236,-0.635223389,1.755458,-0.347056448,-0.112508789,-0.470504045,-0.625543237,-0.112508789,-0.12852402,-0.210680857,-0.086929135,-0.321633756,-1.23114717,-0.32634443,-0.258198887,4.30257988,-0.480384469,-0.269046575,-0.444527596,1.38169861,-0.454572886,-0.581199288,-0.217072383,-0.687965453,-1.08075047,3.08647299,0.321633756,-0.207424134,-0.235391095,1.59861052,-0.533018887,-0.717740536,-0.432369769,-0.411813855,-0.22941573,0.492174804,-0.484322101,0.654653668,-0.351561517,-0.151716515,-0.484322101,0.756114542,-0.422141254,0.810132504,-0.810132504,0.197385505,-0.197385505,1
-0.466123581,-0.243025079,0.919297576,0.135312915,-0.74145776,-0.708575785,-0.411813855,-0.617812753,1.63909602,-0.255433619,-0.801692247,-0.204124153,-0.22941573,0.941696584,-0.319262236,-0.635223389,-0.569651902,-0.347056448,-0.112508789,2.12538028,-0.625543237,-0.112508789,-0.12852402,-0.210680857,-0.086929135,-0.321633756,-1.23114717,-0.32634443,-0.258198887,-0.232418686,2.08166599,-0.269046575,2.24957919,-0.723746836,-0.454572886,-0.581199288,-0.217072383,1.45356131,-1.08075047,-0.323994398,0.321633756,-0.207424134,-0.235391095,1.59861052,-0.533018887,-0.717740536,-0.432369769,-0.411813855,-0.22941573,0.492174804,2.06474161,-1.52752519,-0.351561517,-0.151716515,-0.484322101,0.756114542,-0.422141254,0.810132504,-0.810132504,0.197385505,-0.197385505,0
0.598303497,0.268158257,0.028936727,1.0526886,1.53489959,1.0356108,2.42828155,1.61861348,-0.610092342,-0.255433619,-0.801692247,-0.204124153,-0.22941573,-1.06191313,3.13222146,-0.635223389,1.755458,-0.347056448,-0.112508789,-0.470504045,-0.625543237,-0.112508789,-0.12852402,-0.210680857,-0.086929135,-0.321633756,0.812250614,-0.32634443,-0.258198887,-0.232418686,-0.480384469,-0.269046575,-0.444527596,1.38169861,-0.454572886,-0.581199288,-0.217072383,-0.687965453,0.925282896,-0.323994398,0.321633756,-0.207424134,-0.235391095,-0.625543237,-0.533018887,-0.717740536,2.31283522,-0.411813855,-0.22941573,0.492174804,-0.484322101,-1.52752519,2.84445238,-0.151716515,-0.484322101,0.756114542,-0.422141254,0.810132504,-0.810132504,0.197385505,-0.197385505,0
-0.32051456,-0.498616755,-0.861424148,0.135312915,-0.9165622,-0.708575785,-0.411813855,-0.617812753,-0.610092342,3.91491127,-0.801692247,-0.204124153,-0.22941573,0.941696584,-0.319262236,-0.635223389,-0.569651902,-0.347056448,-0.112508789,-0.470504045,1.59861052,-0.112508789,-0.12852402,-0.210680857,-0.086929135,-0.321633756,0.812250614,-0.32634443,-0.258198887,-0.232418686,-0.480384469,-0.269046575,2.24957919,-0.723746836,-0.454572886,-0.581199288,-0.217072383,1.45356131,-1.08075047,-0.323994398,0.321633756,-0.207424134,-0.235391095,1.59861052,-0.533018887,-0.717740536,-0.432369769,-0.411813855,-0.22941573,0.492174804,-0.484322101,0.654653668,-0.351561517,-0.151716515,2.06474161,-1.32255089,-0.422141254,0.810132504,-0.810132504,0.197385505,-0.197385505,0
-0.911622047,-0.754208446,0.919297576,0.135312915,-0.0410400964,1.0356108,-0.411813855,1.61861348,-0.610092342,-0.255433619,-0.801692247,-0.204124153,-0.22941573,-1.06191313,-0.319262236,1.57424927,1.755458,-0.347056448,-0.112508789,-0.470504045,-0.625543237,-0.112508789,-0.12852402,-0.210680857,-0.086929135,-0.321633756,0.812250614,-0.32634443,-0.258198887,-0.232418686,-0.480384469,-0.269046575,-0.444527596,-0.723746836,-0.454572886,1.7205801,-0.217072383,-0.687965453,0.925282896,-0.323994398,0.321633756,-0.207424134,-0.235391095,-0.625543237,1.87610602,-0.717740536,-0.432369769,-0.411813855,-0.22941573,0.492174804,-0.484322101,0.654653668,-0.351561517,-0.151716515,-0.484322101,0.756114542,-0.422141254,0.810132504,-0.810132504,0.197385505,-0.197385505,0
-0.746140838,-0.243025079,0.919297576,0.135312915,0.922034204,1.0356108,-0.411813855,-0.617812753,-0.610092342,-0.255433619,1.24736142,-0.204124153,-0.22941573,-1.06191313,-0.319262236,1.57424927,-0.569651902,-0.347056448,-0.112508789,-0.470504045,1.59861052,-0.112508789,-0.12852402,-0.210680857,-0.086929135,-0.321633756,-1.23114717,-0.32634443,-0.258198887,4.30257988,-0.480384469,-0.269046575,-0.444527596,1.38169861,-0.454572886,-0.581199288,-0.217072383,-0.687965453,0.925282896,-0.323994398,0.321633756,-0.207424134,-0.235391095,1.59861052,-0.533018887,-0.717740536,-0.432369769,-0.411813855,-0.22941573,0.492174804,-0.484322101,0.654653668,-0.351561517,-0.151716515,-0.484322101,0.756114542,-0.422141254,0.810132504,-0.810132504,0.197385505,-0.197385505,1
-0.250781238,0.523749948,0.919297576,-0.782062769,-1.09166658,1.0356108,-0.411813855,-0.617812753,1.63909602,-0.255433619,-0.801692247,-0.204124153,-0.22941573,-1.06191313,-0.319262236,1.57424927,-0.569651902,-0.347056448,-0.112508789,-0.470504045,1.59861052,-0.112508789,-0.12852402,-0.210680857,-0.086929135,-0.321633756,-1.23114717,-0.32634443,3.87298346,-0.232418686,-0.480384469,-0.269046575,-0.444527596,1.38169861,-0.454572886,-0.581199288,-0.217072383,-0.687965453,0.925282896,-0.323994398,0.321633756,-0.207424134,-0.235391095,-0.625543237,1.87610602,-0.717740536,-0.432369769,-0.411813855,-0.22941573,0.492174804,-0.484322101,0.654653668,-0.351561517,-0.151716515,2.06474161,-1.32255089,-0.422141254,0.810132504,-0.810132504,0.197385505,-0.197385505,0
-0.440470368,-0.754208446,0.919297576,-1.69943845,-0.74145776,-0.708575785,-0.411813855,-0.617812753,1.63909602,-0.255433619,-0.801692247,-0.204124153,-0.22941573,-1.06191313,-0.319262236,1.57424927,1.755458,-0.347056448,-0.112508789,-0.470504045,-0.625543237,-0.112508789,-0.12852402,-0.210680857,-0.086929135,-0.321633756,-1.23114717,3.06424713,-0.258198887,-0.232418686,-0.480384469,-0.269046575,2.24957919,-0.723746836,-0.454572886,-0.581199288,-0.217072383,-0.687965453,0.925282896,-0.323994398,0.321633756,-0.207424134,-0.235391095,-0.625543237,-0.533018887,1.39326108,-0.432369769,-0.411813855,-0.22941573,0.492174804,-0.484322101,0.654653668,-0.351561517,-0.151716515,-0.484322101,0.756114542,-0.422141254,0.810132504,-0.810132504,0.197385505,-0.197385505,1
-0.308591247,-0.498616755,-0.861424148,-0.782062769,0.0465121083,-0.708575785,-0.411813855,-0.617812753,-0.610092342,3.91491127,-0.801692247,-0.204124153,-0.22941573,-1.06191313,-0.319262236,1.57424927,-0.569651902,2.88137555,-0.112508789,-0.470504045,-0.625543237,-0.112508789,-0.12852402,-0.210680857,-0.086929135,-0.321633756,-1.23114717,-0.32634443,3.87298346,-0.232418686,-0.480384469,-0.269046575,-0.444527596,1.38169861,-0.454572886,-0.581199288,-0.217072383,-0.687965453,0.925282896,-0.323994398,0.321633756,-0.207424134,-0.235391095,-0.625543237,-0.533018887,1.39326108,-0.432369769,-0.411813855,-0.22941573,0.492174804,-0.484322101,0.654653668,-0.351561517,-0.151716515,-0.484322101,0.756114542,-0.422141254,-1.23436594,1.23436594,0.197385505,-0.197385505,1
-0.706757784,0.268158257,0.028936727,0.135312915,1.88510847,-0.708575785,-0.411813855,-0.617812753,-0.610092342,3.91491127,-0.801692247,-0.204124153,-0.22941573,0.941696584,-0.319262236,-0.635223389,-0.569651902,-0.347056448,-0.112508789,-0.470504045,1.59861052,-0.112508789,-0.12852402,-0.210680857,-0.086929135,-0.321633756,-1.23114717,-0.32634443,3.87298346,-0.232418686,-0.480384469,-0.269046575,-0.444527596,1.38169861,-0.454572886,-0.581199288,-0.217072383,1.45356131,-1.08075047,-0.323994398,0.321633756,-0.207424134,-0.235391095,-0.625543237,-0.533018887,1.39326108,-0.432369769,-0.411813855,-0.22941573,0.492174804,-0.484322101,0.654653668,-0.351561517,-0.151716515,2.06474161,-1.32255089,-0.422141254,0.810132504,-0.810132504,0.197385505,-0.197385505,1
-0.6135391,0.268158257,0.919297576,-1.69943845,0.659377575,1.0356108,-0.411813855,-0.617812753,-0.610092342,-0.255433619,1.24736142,-0.204124153,-0.22941573,-1.06191313,-0.319262236,1.57424927,-0.569651902,-0.347056448,-0.112508789,-0.470504045,1.59861052,-0.112508789,-0.12852402,-0.210680857,-0.086929135,-0.321633756,-1.23114717,-0.32634443,-0.258198887,4.30257988,-0.480384469,-0.269046575,-0.444527596,1.38169861,-0.454572886,-0.581199288,-0.217072383,1.45356131,-1.08075047,-0.323994398,0.321633756,-0.207424134,-0.235391095,1.59861052,-0.533018887,-0.717740536,-0.432369769,-0.411813855,-0.22941573,0.492174804,-0.484322101,0.654653668,-0.351561517,-0.151716515,2.06474161,-1.32255089,-0.422141254,0.810132504,-0.810132504,0.197385505,-0.197385505,1
0.382238507,-0.0726306289,-1.75178492,1.0526886,-1.00411439,1.0356108,-0.411813855,1.61861348,-0.610092342,-0.255433619,-0.801692247,-0.204124153,-0.22941573,-1.06191313,-0.319262236,1.57424927,-0.569651902,-0.347056448,-0.112508789,2.12538028,-0.625543237,-0.112508789,-0.12852402,-0.210680857,-0.086929135,-0.321633756,0.812250614,-0.32634443,-0.258198887,-0.232418686,-0.480384469,-0.269046575,-0.444527596,-0.723746836,-0.454572886,1.7205801,-0.217072383,1.45356131,-1.08075047,-0.323994398,0.321633756,-0.207424134,-0.235391095,-0.625543237,1.87610602,-0.717740536,-0.432369769,-0.411813855,-0.22941573,0.492174804,-0.484322101,0.654653668,-0.351561517,-0.151716515,-0.484322101,0.756114542,-0.422141254,0.810132504,-0.810132504,0.197385505,-0.197385505,1
0.00538942963,-0.243025079,-0.861424148,1.0526886,0.221616521,-0.708575785,-0.411813855,-0.617812753,-0.610092342,-0.255433619,1.24736142,-0.204124153,-0.22941573,-1.06191313,-0.319262236,1.57424927,-0.569651902,2.88137555,-0.112508789,-0.470504045,-0.625543237,-0.112508789,-0.12852402,-0.210680857,-0.086929135,-0.321633756,-1.23114717,-0.32634443,-0.258198887,-0.232418686,2.08166599,3.71682858,-0.444527596,-0.723746836,-0.454572886,-0.581199288,-0.217072383,-0.687965453,0.925282896,-0.323994398,0.321633756,-0.207424134,-0.235391095,-0.625543237,-0.533018887,-0.717740536,2.31283522,-0.411813855,-0.22941573,0.492174804,-0.484322101,0.654653668,-0.351561517,-0.151716515,-0.484322101,-1.32255089,2.36887527,-1.23436594,1.23436594,0.197385505,-0.197385505,1
-0.217901781,0.268158257,0.919297576,0.135312915,0.922034204,1.0356108,-0.411813855,-0.617812753,-0.610092342,-0.255433619,1.24736142,-0.204124153,-0.22941573,-1.06191313,-0.319262236,1.57424927,-0.569651902,-0.347056448,-0.112508789,-0.470504045,1.59861052,-0.112508789,-0.12852402,-0.210680857,-0.086929135,-0.321633756,0.812250614,-0.32634443,-0.258198887,-0.232418686,-0.480384469,-0.269046575,-0.444527596,-0.723746836,-0.454572886,1.7205801,-0.217072383,-0.687965453,-1.08075047,3.08647299,-3.10912633,4.82103968,-0.235391095,1.59861052,-0.533018887,-0.717740536,-0.432369769,-0.411813855,-0.22941573,0.492174804,-0.484322101,0.654653668,-0.351561517,-0.151716515,-0.484322101,0.756114542,-0.422141254,0.810132504,-0.810132504,0.197385505,-0.197385505,1
-0.668458641,-1.00980008,0.028936727,1.0526886,2.06021285,-0.708575785,-0.411813855,1.61861348,-0.610092342,-0.255433619,-0.801692247,-0.204124153,-0.22941573,0.941696584,-0.319262236,-0.635223389,-0.569651902,-0.347056448,-0.112508789,-0.470504045,1.59861052,-0.112508789,-0.12852402,-0.210680857,-0.086929135,-0.321633756,0.812250614,-0.32634443,-0.258198887,-0.232418686,-0.480384469,-0.269046575,-0.444527596,-0.723746836,2.19986725,-0.581199288,-0.217072383,-0.687965453,0.925282896,-0.323994398,0.321633756,-0.207424134,-0.235391095,1.59861052,-0.533018887,-0.717740536,-0.432369769,-0.411813855,-0.22941573,0.492174804,-0.484322101,0.654653668,-0.351561517,-0.151716515,-0.484322101,0.756114542,-0.422141254,0.810132504,-0.810132504,0.197385505,-0.197385505,1
-0.562594056,-0.754208446,-0.861424148,-0.782062769,-0.74145776,-0.708575785,-0.411813855,1.61861348,-0.610092342,-0.255433619,-0.801692247,-0.204124153,-0.22941573,0.941696584,-0.319262236,-0.635223389,-0.569651902,-0.347056448,-0.112508789,2.12538028,-0.625543237,-0.112508789,-0.12852402,-0.210680857,-0.086929135,-0.321633756,0.812250614,-0.32634443,-0.258198887,-0.232418686,-0.480384469,-0.269046575,-0.444527596,1.38169861,-0.454572886,-0.581199288,-0.217072383,-0.687965453,0.925282896,-0.323994398,0.321633756,-0.207424134,-0.235391095,1.59861052,-0.533018887,-0.717740536,-0.432369769,-0.411813855,-0.22941573,0.492174804,-0.484322101,0.654653668,-0.351561517,-0.151716515,-0.484322101,0.756114542,-0.422141254,0.810132504,-0.810132504,0.197385505,-0.197385505,1
3.02632451,2.31289172,-0.861424148,1.0526886,-1.00411439,1.0356108,-0.411813855,-0.617812753,-0.610092342,-0.255433619,1.24736142,-0.204124153,-0.22941573,-1.06191313,-0.319262236,1.57424927,-0.569651902,2.88137555,-0.112508789,-0.470504045,-0.625543237,-0.112508789,-0.12852402,-0.210680857,-0.086929135,-0.321633756,-1.23114717,3.06424713,-0.258198887,-0.232418686,-0.480384469,-0.269046575,-0.444527596,1.38169861,-0.454572886,-0.581199288,-0.217072383,1.45356131,-1.08075047,-0.323994398,0.321633756,-0.207424134,-0.235391095,-0.625543237,-0.533018887,1.39326108,-0.432369769,2.42828155,-0.22941573,-2.0317986,2.06474161,-1.52752519,-0.351561517,-0.151716515,2.06474161,-1.32255089,-0.422141254,0.810132504,-0.810132504,0.197385505,-0.197385505,0
1.64177442,0.268158257,-0.861424148,1.0526886,-0.566353321,-0.708575785,-0.411813855,-0.617812753,1.63909602,-0.255433619,-0.801692247,-0.204124153,-0.22941573,-1.06191313,-0.319262236,1.57424927,-0.569651902,2.88137555,-0.112508789,-0.470504045,-0.625543237,-0.112508789,-0.12852402,-0.210680857,-0.086929135,-0.321633756,-1.23114717,-0.32634443,-0.258198887,4.30257988,-0.480384469,-0.269046575,-0.444527596,-0.723746836,-0.454572886,1.7205801,-0.217072383,1.45356131,-1.08075047,-0.323994398,0.321633756,-0.207424134,-0.235391095,-0.625543237,-0.533018887,-0.717740536,2.31283522,-0.411813855,-0.22941573,0.492174804,2.06474161,-1.52752519,-0.351561517,-0.151716515,-0.484322101,0.756114542,-0.422141254,0.810132504,-0.810132504,0.197385505,-0.197385505,1
-0.229825094,-0.754208446,0.028936727,1.0526886,1.71000409,-0.708575785,-0.411813855,1.61861348,-0.610092342,-0.255433619,-0.801692247,-0.204124153,-0.22941573,0.941696584,-0.319262236,-0.635223389,-0.569651902,-0.347056448,-0.112508789,2.12538028,-0.625543237,-0.112508789,-0.12852402,-0.210680857,-0.086929135,-0.321633756,0.812250614,-0.32634443,-0.258198887,-0.232418686,-0.480384469,3.71682858,-0.444527596,-0.723746836,-0.454572886,-0.581199288,-0.217072383,1.45356131,-1.08075047,-0.323994398,0.321633756,-0.207424134,-0.235391095,-0.625543237,-0.533018887,-0.717740536,2.31283522,-0.411813855,-0.22941573,0.492174804,-0.484322101,-1.52752519,2.84445238,-0.151716515,-0.484322101,-1.32255089,2.36887527,0.810132504,-0.810132504,0.197385505,-0.197385505,1
0.823401272,1.29052496,-0.861424148,1.0526886,0.571825325,-0.708575785,2.42828155,1.61861348,-0.610092342,-0.255433619,-0.801692247,-0.204124153,-0.22941573,0.941696584,-0.319262236,-0.635223389,-0.569651902,2.88137555,-0.112508789,-0.470504045,-0.625543237,-0.112508789,-0.12852402,-0.210680857,-0.086929135,-0.321633756,0.812250614,-0.32634443,-0.258198887,-0.232418686,-0.480384469,-0.269046575,-0.444527596,-0.723746836,-0.454572886,1.7205801,-0.217072383,-0.687965453,0.925282896,-0.323994398,0.321633756,-0.207424134,-0.235391095,-0.625543237,-0.533018887,-0.717740536,2.31283522,-0.411813855,-0.22941573,0.492174804,-0.484322101,-1.52752519,2.84445238,-0.151716515,-0.484322101,0.756114542,-0.422141254,0.810132504,-0.810132504,0.197385505,-0.197385505,1
3.80892754,3.33525825,-0.861424148,1.0526886,2.41042161,-0.708575785,-0.411813855,-0.617812753,-0.610092342,-0.255433619,1.24736142,-0.204124153,-0.22941573,-1.06191313,-0.319262236,1.57424927,1.755458,-0.347056448,-0.112508789,-0.470504045,-0.625543237,-0.112508789,-0.12852402,-0.210680857,-0.086929135,-0.321633756,-1.23114717,-0.32634443,-0.258198887,-0.232418686,2.08166599,-0.269046575,-0.444527596,-0.723746836,-0.454572886,1.7205801,-0.217072383,-0.687965453,0.925282896,-0.323994398,0.321633756,-0.207424134,-0.235391095,-0.625543237,-0.533018887,-0.717740536,2.31283522,2.42828155,-0.22941573,-2.0317986,-0.484322101,-1.52752519,2.84445238,-0.151716515,-0.484322101,-1.32255089,2.36887527,-1.23436594,1.23436594,0.197385505,-0.197385505,1
0.193272009,0.268158257,-0.861424148,1.0526886,-0.82900995,-0.708575785,-0.411813855,-0.617812753,-0.610092342,3.91491127,-0.801692247,-0.204124153,-0.22941573,0.941696584,-0.319262236,-0.635223389,-0.569651902,-0.347056448,-0.112508789,2.12538028,-0.625543237,-0.112508789,-0.12852402,-0.210680857,-0.086929135,-0.321633756,0.812250614,-0.32634443,-0.258198887,-0.232418686,-0.480384469,-0.269046575,2.24957919,-0.723746836,-0.454572886,-0.581199288,-0.217072383,1.45356131,-1.08075047,-0.323994398,0.321633756,-0.207424134,-0.235391095,-0.625543237,-0.533018887,1.39326108,-0.432369769,-0.411813855,-0.22941573,0.492174804,-0.484322101,0.654653668,-0.351561517,-0.151716515,-0.484322101,0.756114542,-0.422141254,0.810132504,-0.810132504,0.197385505,-0.197385505,1
1.08029449,-0.243025079,-0.861424148,1.0526886,0.746929765,-0.708575785,2.42828155,-0.617812753,1.63909602,-0.255433619,-0.801692247,-0.204124153,-0.22941573,-1.06191313,3.13222146,-0.635223389,-0.569651902,-0.347056448,-0.112508789,-0.470504045,-0.625543237,-0.112508789,7.7806468,-0.210680857,-0.086929135,-0.321633756,0.812250614,-0.32634443,-0.258198887,-0.232418686,-0.480384469,-0.269046575,-0.444527596,1.38169861,-0.454572886,-0.581199288,-0.217072383,-0.687965453,0.925282896,-0.323994398,0.321633756,-0.207424134,-0.235391095,1.59861052,-0.533018887,-0.717740536,-0.432369769,-0.411813855,-0.22941573,0.492174804,-0.484322101,0.654653668,-0.351561517,-0.151716515,2.06474161,-1.32255089,-0.422141254,-1.23436594,1.23436594,0.197385505,-0.197385505,1
-0.657980561,0.268158257,-0.861424148,-0.782062769,-0.391248912,-0.708575785,-0.411813855,-0.617812753,-0.610092342,-0.255433619,1.24736142,-0.204124153,-0.22941573,0.941696584,-0.319262236,-0.635223389,1.755458,-0.347056448,-0.112508789,-0.470504045,-0.625543237,-0.112508789,-0.12852402,-0.210680857,-0.086929135,-0.321633756,0.812250614,-0.32634443,-0.258198887,-0.232418686,-0.480384469,-0.269046575,-0.444527596,1.38169861,-0.454572886,-0.581199288,-0.217072383,-0.687965453,0.925282896,-0.323994398,-3.10912633,-0.207424134,4.24824905,1.59861052,-0.533018887,-0.717740536,-0.432369769,-0.411813855,-0.22941573,0.492174804,-0.484322101,0.654653668,-0.351561517,-0.151716515,-0.484322101,0.756114542,-0.422141254,-1.23436594,1.23436594,0.197385505,-0.197385505,1
1.41089559,2.31289172,0.028936727,1.0526886,1.53489959,1.0356108,2.42828155,1.61861348,-0.610092342,-0.255433619,-0.801692247,4.89897966,-0.22941573,-1.06191313,-0.319262236,-0.635223389,-0.569651902,-0.347056448,-0.112508789,2.12538028,-0.625543237,-0.112508789,-0.12852402,-0.210680857,-0.086929135,-0.321633756,0.812250614,-0.32634443,-0.258198887,-0.232418686,-0.480384469,-0.269046575,-0.444527596,1.38169861,-0.454572886,-0.581199288,-0.217072383,-0.687965453,0.925282896,-0.323994398,0.321633756,-0.207424134,-0.235391095,-0.625543237,-0.533018887,-0.717740536,2.31283522,-0.411813855,-0.22941573,0.492174804,-0.484322101,-1.52752519,2.84445238,-0.151716515,-0.484322101,0.756114542,-0.422141254,0.810132504,-0.810132504,0.197385505,-0.197385505,0
1.53988421,2.31289172,0.919297576,-1.69943845,1.27224302,-0.708575785,-0.411813855,1.61861348,-0.610092342,-0.255433619,-0.801692247,-0.204124153,-0.22941573,0.941696584,-0.319262236,-0.635223389,-0.569651902,-0.347056448,-0.112508789,-0.470504045,-0.625543237,-0.112508789,-0.12852402,4.74651575,-0.086929135,-0.321633756,0.812250614,-0.32634443,-0.258198887,-0.232418686,-0.480384469,-0.269046575,-0.444527596,-0.723746836,2.19986725,-0.581199288,-0.217072383,-0.687965453,0.925282896,-0.323994398,0.321633756,-0.207424134,-0.235391095,-0.625543237,-0.533018887,-0.717740536,2.31283522,-0.411813855,-0.22941573,0.492174804,-0.484322101,-1.52752519,2.84445238,-0.151716515,-0.484322101,-1.32255089,2.36887527,-1.23436594,1.23436594,0.197385505,-0.197385505,1
1.28154564,-0.243025079,-0.861424148,1.0526886,2.84818268,1.0356108,-0.411813855,-0.617812753,-0.610092342,-0.255433619,1.24736142,-0.204124153,-0.22941573,0.941696584,-0.319262236,-0.635223389,1.755458,-0.347056448,-0.112508789,-0.470504045,-0.625543237,-0.112508789,-0.12852402,-0.210680857,-0.086929135,-0.321633756,-1.23114717,-0.32634443,-0.258198887,-0.232418686,2.08166599,-0.269046575,-0.444527596,1.38169861,-0.454572886,-0.581199288,-0.217072383,-0.687965453,0.925282896,-0.323994398,0.321633756,-0.207424134,-0.235391095,-0.625543237,-0.533018887,1.39326108,-0.432369769,-0.411813855,-0.22941573,0.492174804,2.06474161,-1.52752519,-0.351561517,-0.151716515,-0.484322101,0.756114542,-0.422141254,0.810132504,-0.810132504,0.197385505,-0.197385505,0
-0.489970207,-0.754208446,0.919297576,-1.69943845,-1.17921877,-0.708575785,-0.411813855,1.61861348,-0.610092342,-0.255433619,-0.801692247,-0.204124153,-0.22941573,0.941696584,-0.319262236,-0.635223389,-0.569651902,-0.347056448,-0.112508789,2.12538028,-0.625543237,-0.112508789,-0.12852402,-0.210680857,-0.086929135,-0.321633756,0.812250614,-0.32634443,-0.258198887,-0.232418686,-0.480384469,-0.269046575,2.24957919,-0.723746836,-0.454572886,-0.581199288,-0.217072383,1.45356131,-1.08075047,-0.323994398,0.321633756,-0.207424134,-0.235391095,-0.625543237,-0.533018887,1.39326108,-0.432369769,-0.411813855,-0.22941573,0.492174804,2.06474161,-1.52752519,-0.351561517,-0.151716515,-0.484322101,0.756114542,-0.422141254,0.810132504,-0.810132504,0.197385505,-0.197385505,1
-0.62726903,-0.498616755,0.919297576,0.135312915,-0.216144517,1.0356108,-0.411813855,-0.617812753,-0.610092342,-0.255433619,1.24736142,-0.204124153,-0.22941573,-1.06191313,3.13222146,-0.635223389,-0.569651902,-0.347056448,-0.112508789,-0.470504045,1.59861052,-0.112508789,-0.12852402,-0.210680857,-0.086929135,-0.321633756,0.812250614,-0.32634443,-0.258198887,-0.232418686,-0.480384469,-0.269046575,-0.444527596,1.38169861,-0.454572886,-0.581199288,-0.217072383,-0.687965453,-1.08075047,3.08647299,0.321633756,-0.207424134,-0.235391095,1.59861052,-0.533018887,-0.717740536,-0.432369769,2.42828155,-0.22941573,-2.0317986,-0.484322101,0.654653668,-0.351561517,-0.151716515,-0.484322101,0.756114542,-0.422141254,0.810132504,-0.810132504,0.197385505,-0.197385505,1
-0.671710491,0.268158257,0.028936727,1.0526886,-0.9165622,-0.708575785,-0.411813855,-0.617812753,1.63909602,-0.255433619,-0.801692247,-0.204124153,-0.22941573,0.941696584,-0.319262236,-0.635223389,1.755458,-0.347056448,-0.112508789,-0.470504045,-0.625543237,-0.112508789,-0.12852402,-0.210680857,-0.086929135,-0.321633756,0.812250614,-0.32634443,-0.258198887,-0.232418686,-0.480384469,-0.269046575,2.24957919,-0.723746836,-0.454572886,-0.581199288,-0.217072383,1.45356131,-1.08075047,-0.323994398,0.321633756,-0.207424134,-0.235391095,-0.625543237,-0.533018887,1.39326108,-0.432369769,-0.411813855,-0.22941573,0.492174804,-0.484322101,0.654653668,-0.351561517,-0.151716515,2.06474161,-1.32255089,-0.422141254,-1.23436594,1.23436594,0.197385505,-0.197385505,0
-1.00664723,-1.26539171,-0.861424148,-1.69943845,1.18469083,-0.708575785,-0.411813855,1.61861348,-0.610092342,-0.255433619,-0.801692247,-0.204124153,-0.22941573,0.941696584,-0.319262236,-0.635223389,-0.569651902,-0.347056448,-0.112508789,2.12538028,-0.625543237,-0.112508789,-0.12852402,-0.210680857,-0.086929135,-0.321633756,0.812250614,-0.32634443,-0.258198887,-0.232418686,-0.480384469,-0.269046575,-0.444527596,-0.723746836,-0.454572886,1.7205801,-0.217072383,1.45356131,-1.08075047,-0.323994398,0.321633756,-0.207424134,-0.235391095,-0.625543237,1.87610602,-0.717740536,-0.432369769,2.42828155,-0.22941573,-2.0317986,-0.484322101,0.654653668,-0.351561517,-0.151716515,-0.484322101,0.756114542,-0.422141254,-1.23436594,1.23436594,0.197385505,-0.197385505,1
-0.697002351,0.268158257,0.919297576,1.0526886,-0.303696722,-0.708575785,-0.411813855,1.61861348,-0.610092342,-0.255433619,-0.801692247,-0.204124153,-0.22941573,0.941696584,-0.319262236,-0.635223389,1.755458,-0.347056448,-0.112508789,-0.470504045,-0.625543237,-0.112508789,-0.12852402,-0.210680857,-0.086929135,-0.321633756,-1.23114717,-0.32634443,-0.258198887,-0.232418686,2.08166599,-0.269046575,-0.444527596,-0.723746836,2.19986725,-0.581199288,-0.217072383,1.45356131,-1.08075047,-0.323994398,0.321633756,-0.207424134,-0.235391095,-0.625543237,-0.533018887,-0.717740536,2.31283522,-0.411813855,-0.22941573,0.492174804,2.06474161,-1.52752519,-0.351561517,-0.151716515,-0.484322101,0.756114542,-0.422141254,0.810132504,-0.810132504,0.197385505,-0.197385505,0
0.621066153,1.54611659,-0.861424148,-0.782062769,-0.9165622,1.0356108,-0.411813855,-0.617812753,1.63909602,-0.255433619,-0.801692247,-0.204124153,-0.22941573,-1.06191313,-0.319262236,1.57424927,-0.569651902,-0.347056448,-0.112508789,-0.470504045,1.59861052,-0.112508789,-0.12852402,-0.210680857,-0.086929135,-0.321633756,0.812250614,-0.32634443,-0.258198887,-0.232418686,-0.480384469,-0.269046575,-0.444527596,-0.723746836,2.19986725,-0.581199288,-0.217072383,-0.687965453,0.925282896,-0.323994398,-3.10912633,-0.207424134,4.24824905,1.59861052,-0.533018887,-0.717740536,-0.432369769,-0.411813855,-0.22941573,0.492174804,-0.484322101,0.654653668,-0.351561517,-0.151716515,-0.484322101,0.756114542,-0.422141254,0.810132504,-0.810132504,0.197385505,-0.197385505,0
-1.02218378,-0.754208446,0.919297576,0.135312915,1.97266066,4.52398396,-0.411813855,1.61861348,-0.610092342,-0.255433619,-0.801692247,-0.204124153,-0.22941573,-1.06191313,-0.319262236,1.57424927,-0.569651902,-0.347056448,-0.112508789,-0.470504045,1.59861052,-0.112508789,-0.12852402,-0.210680857,-0.086929135,-0.321633756,0.812250614,-0.32634443,-0.258198887,-0.232418686,-0.480384469,-0.269046575,-0.444527596,-0.723746836,2.19986725,-0.581199288,-0.217072383,1.45356131,-1.08075047,-0.323994398,0.321633756,-0.207424134,-0.235391095,1.59861052,-0.533018887,-0.717740536,-0.432369769,-0.411813855,-0.22941573,0.492174804,-0.484322101,0.654653668,-0.351561517,-0.151716515,2.06474161,-1.32255089,-0.422141254,-1.23436594,1.23436594,0.197385505,-0.197385505,1
-0.711816192,-1.00980008,0.919297576,1.0526886,0.484273136,1.0356108,-0.411813855,-0.617812753,-0.610092342,-0.255433619,1.24736142,-0.204124153,-0.22941573,-1.06191313,-0.319262236,1.57424927,-0.569651902,-0.347056448,-0.112508789,-0.470504045,-0.625543237,-0.112508789,-0.12852402,4.74651575,-0.086929135,-0.321633756,-1.23114717,-0.32634443,-0.258198887,-0.232418686,2.08166599,-0.269046575,-0.444527596,-0.723746836,-0.454572886,1.7205801,-0.217072383,1.45356131,-1.08075047,-0.323994398,0.321633756,-0.207424134,-0.235391095,-0.625543237,1.87610602,-0.717740536,-0.432369769,-0.411813855,-0.22941573,0.492174804,2.06474161,-1.52752519,-0.351561517,-0.151716515,2.06474161,-1.32255089,-0.422141254,0.810132504,-0.810132504,0.197385505,-0.197385505,1
3.23552442,2.31289172,0.919297576,1.0526886,0.0465121083,-0.708575785,-0.411813855,-0.617812753,1.63909602,-0.255433619,-0.801692247,-0.204124153,4.35889912,-1.06191313,-0.319262236,-0.635223389,1.755458,-0.347056448,-0.112508789,-0.470504045,-0.625543237,-0.112508789,-0.12852402,-0.210680857,-0.086929135,-0.321633756,-1.23114717,-0.32634443,-0.258198887,-0.232418686,2.08166599,3.71682858,-0.444527596,-0.723746836,-0.454572886,-0.581199288,-0.217072383,-0.687965453,0.925282896,-0.323994398,-3.10912633,4.82103968,-0.235391095,-0.625543237,-0.533018887,-0.717740536,2.31283522,-0.411813855,-0.22941573,0.492174804,-0.484322101,-1.52752519,2.84445238,-0.151716515,-0.484322101,-1.32255089,2.36887527,-1.23436594,1.23436594,0.197385505,-0.197385505,1
0.137629852,1.29052496,0.919297576,-0.782062769,-0.653905571,-0.708575785,-0.411813855,-0.617812753,-0.610092342,-0.255433619,1.24736142,-0.204124153,-0.22941573,0.941696584,-0.319262236,-0.635223389,-0.569651902,-0.347056448,-0.112508789,-0.470504045,1.59861052,-0.112508789,-0.12852402,-0.210680857,-0.086929135,-0.321633756,0.812250614,-0.32634443,-0.258198887,-0.232418686,-0.480384469,-0.269046575,-0.444527596,-0.723746836,-0.454572886,1.7205801,-0.217072383,-0.687965453,0.925282896,-0.323994398,0.321633756,-0.207424134,-0.235391095,-0.625543237,-0.533018887,1.39326108,-0.432369769,-0.411813855,-0.22941573,0.492174804,-0.484322101,0.654653668,-0.351561517,-0.151716515,-0.484322101,0.756114542,-0.422141254,0.810132504,-0.810132504,0.197385505,-0.197385505,1
-0.908370256,-1.26539171,0.919297576,1.0526886,0.0465121083,1.0356108,-0.411813855,-0.617812753,-0.610092342,-0.255433619,1.24736142,-0.204124153,-0.22941573,-1.06191313,-0.319262236,1.57424927,-0.569651902,-0.347056448,-0.112508789,-0.470504045,1.59861052,-0.112508789,-0.12852402,-0.210680857,-0.086929135,-0.321633756,-1.23114717,-0.32634443,-0.258198887,-0.232418686,2.08166599,-0.269046575,-0.444527596,-0.723746836,-0.454572886,1.7205801,-0.217072383,-0.687965453,0.925282896,-0.323994398,0.321633756,-0.207424134,-0.235391095,-0.625543237,-0.533018887,-0.717740536,2.31283522,-0.411813855,-0.22941573,0.492174804,-0.484322101,-1.52752519,2.84445238,-0.151716515,-0.484322101,0.756114542,-0.422141254,0.810132504,-0.810132504,0.197385505,-0.197385505,1
-0.855618596,-1.1801945,0.028936727,1.0526886,0.0465121083,-0.708575785,-0.411813855,-0.617812753,-0.610092342,-0.255433619,1.24736142,-0.204124153,-0.22941573,-1.06191313,3.13222146,-0.635223389,-0.569651902,-0.347056448,-0.112508789,-0.470504045,1.59861052,-0.112508789,-0.12852402,-0.210680857,-0.086929135,-0.321633756,-1.23114717,-0.32634443,-0.258198887,-0.232418686,2.08166599,-0.269046575,-0.444527596,-0.723746836,-0.454572886,1.7205801,-0.217072383,-0.687965453,0.925282896,-0.323994398,0.321633756,-0.207424134,-0.235391095,-0.625543237,-0.533018887,-0.717740536,2.31283522,-0.411813855,-0.22941573,0.492174804,-0.484322101,-1.52752519,2.84445238,-0.151716515,-0.484322101,0.756114542,-0.422141254,0.810132504,-0.810132504,0.197385505,-0.197385505,1
-0.691221356,-0.243025079,0.919297576,-0.782062769,-0.303696722,-0.708575785,-0.411813855,-0.617812753,1.63909602,-0.255433619,-0.801692247,-0.204124153,-0.22941573,0.941696584,-0.319262236,-0.635223389,-0.569651902,-0.347056448,-0.112508789,-0.470504045,1.59861052,-0.112508789,-0.12852402,-0.210680857,-0.086929135,-0.321633756,0.812250614,-0.32634443,-0.258198887,-0.232418686,-0.480384469,-0.269046575,-0.444527596,-0.723746836,-0.454572886,1.7205801,-0.217072383,-0.687965453,-1.08075047,3.08647299,-3.10912633,-0.207424134,4.24824905,1.59861052,-0.533018887,-0.717740536,-0.432369769,-0.411813855,-0.22941573,0.492174804,-0.484322101,0.654653668,-0.351561517,-0.151716515,2.06474161,-1.32255089,-0.422141254,0.810132504,-0.810132504,0.197385505,-0.197385505,1
-0.647502542,-1.00980008,0.028936727,-0.782062769,-0.74145776,-0.708575785,-0.411813855,1.61861348,-0.610092342,-0.255433619,-0.801692247,-0.204124153,-0.22941573,0.941696584,-0.319262236,-0.635223389,1.755458,-0.347056448,-0.112508789,-0.470504045,-0.625543237,-0.112508789,-0.12852402,-0.210680857,-0.086929135,-0.321633756,0.812250614,-0.32634443,-0.258198887,-0.232418686,-0.480384469,-0.269046575,2.24957919,-0.723746836,-0.454572886,-0.581199288,-0.217072383,-0.687965453,0.925282896,-0.323994398,0.321633756,-0.207424134,-0.235391095,-0.625543237,-0.533018887,-0.717740536,2.31283522,-0.411813855,-0.22941573,0.492174804,-0.484322101,-1.52752519,2.84445238,-0.151716515,-0.484322101,-1.32255089,2.36887527,-1.23436594,1.23436594,0.197385505,-0.197385505,0
-0.530075908,0.268158257,0.919297576,-1.69943845,-1.00411439,-0.708575785,-0.411813855,1.61861348,-0.610092342,-0.255433619,-0.801692247,-0.204124153,-0.22941573,0.941696584,-0.319262236,-0.635223389,-0.569651902,-0.347056448,-0.112508789,2.12538028,-0.625543237,-0.112508789,-0.12852402,-0.210680857,-0.086929135,-0.321633756,0.812250614,-0.32634443,-0.258198887,-0.232418686,-0.480384469,-0.269046575,2.24957919,-0.723746836,-0.454572886,-0.581199288,-0.217072383,-0.687965453,0.925282896,-0.323994398,-3.10912633,4.82103968,-0.235391095,-0.625543237,1.87610602,-0.717740536,-0.432369769,-0.411813855,-0.22941573,0.492174804,-0.484322101,0.654653668,-0.351561517,-0.151716515,2.06474161,-1.32255089,-0.422141254,0.810132504,-0.810132504,-5.06622791,5.06622791,1
-0.128296241,-0.754208446,0.919297576,1.0526886,0.221616521,-0.708575785,-0.411813855,-0.617812753,-0.610092342,-0.255433619,1.24736142,-0.204124153,-0.22941573,0.941696584,-0.319262236,-0.635223389,1.755458,-0.347056448,-0.112508789,-0.470504045,-0.625543237,-0.112508789,-0.12852402,-0.210680857,-0.086929135,-0.321633756,-1.23114717,-0.32634443,-0.258198887,-0.232418686,2.08166599,3.71682858,-0.444527596,-0.723746836,-0.454572886,-0.581199288,-0.217072383,-0.687965453,0.925282896,-0.323994398,0.321633756,-0.207424134,-0.235391095,-0.625543237,-0.533018887,-0.717740536,2.31283522,-0.411813855,-0.22941573,0.492174804,-0.484322101,0.654653668,-0.351561517,-0.151716515,-0.484322101,-1.32255089,2.36887527,-1.23436594,1.23436594,0.197385505,-0.197385505,1
-0.213927343,-0.243025079,0.919297576,1.0526886,-0.128592297,-0.708575785,-0.411813855,-0.617812753,1.63909602,-0.255433619,-0.801692247,-0.204124153,-0.22941573,0.941696584,-0.319262236,-0.635223389,-0.569651902,-0.347056448,-0.112508789,-0.470504045,-0.625543237,-0.112508789,-0.12852402,-0.210680857,-0.086929135,3.10912633,-1.23114717,3.06424713,-0.258198887,-0.232418686,-0.480384469,-0.269046575,-0.444527596,1.38169861,-0.454572886,-0.581199288,-0.217072383,-0.687965453,0.925282896,-0.323994398,0.321633756,-0.207424134,-0.235391095,-0.625543237,-0.533018887,1.39326108,-0.432369769,-0.411813855,-0.22941573,0.492174804,-0.484322101,0.654653668,-0.351561517,-0.151716515,-0.484322101,0.756114542,-0.422141254,0.810132504,-0.810132504,0.197385505,-0.197385505,1
-0.48924759,-0.754208446,0.919297576,-0.782062769,-0.128592297,1.0356108,-0.411813855,-0.617812753,1.63909602,-0.255433619,-0.801692247,-0.204124153,-0.22941573,-1.06191313,-0.319262236,1.57424927,-0.569651902,2.88137555,-0.112508789,-0.470504045,-0.625543237,-0.112508789,-0.12852402,-0.210680857,-0.086929135,-0.321633756,0.812250614,-0.32634443,-0.258198887,-0.232418686,-0.480384469,3.71682858,-0.444527596,-0.723746836,-0.454572886,-0.581199288,-0.217072383,-0.687965453,0.925282896,-0.323994398,0.321633756,-0.207424134,-0.235391095,-0.625543237,-0.533018887,1.39326108,-0.432369769,-0.411813855,-0.22941573,0.492174804,-0.484322101,0.654653668,-0.351561517,-0.151716515,-0.484322101,-1.32255089,2.36887527,-1.23436594,1.23436594,0.197385505,-0.197385505,1
-0.707841754,-0.754208446,0.919297576,1.0526886,2.23531723,1.0356108,-0.411813855,-0.617812753,-0.610092342,-0.255433619,1.24736142,-0.204124153,-0.22941573,-1.06191313,-0.319262236,1.57424927,1.755458,-0.347056448,-0.112508789,-0.470504045,-0.625543237,-0.112508789,-0.12852402,-0.210680857,-0.086929135,-0.321633756,0.812250614,-0.32634443,-0.258198887,-0.232418686,-0.480384469,-0.269046575,-0.444527596,-0.723746836,-0.454572886,1.7205801,-0.217072383,-0.687965453,0.925282896,-0.323994398,0.321633756,-0.207424134,-0.235391095,1.59861052,-0.533018887,-0.717740536,-0.432369769,-0.411813855,-0.22941573,0.492174804,-0.484322101,0.654653668,-0.351561517,-0.151716515,2.06474161,-1.32255089,-0.422141254,0.810132504,-0.810132504,0.197385505,-0.197385505,1
-1.03049397,-1.26539171,0.919297576,1.0526886,1.4473474,1.0356108,-0.411813855,-0.617812753,-0.610092342,-0.255433619,1.24736142,-0.204124153,-0.22941573,-1.06191313,-0.319262236,1.57424927,1.755458,-0.347056448,-0.112508789,-0.470504045,-0.625543237,-0.112508789,-0.12852402,-0.210680857,-0.086929135,-0.321633756,-1.23114717,3.06424713,-0.258198887,-0.232418686,-0.480384469,-0.269046575,-0.444527596,1.38169861,-0.454572886,-0.581199288,-0.217072383,1.45356131,-1.08075047,-0.323994398,0.321633756,-0.207424134,-0.235391095,-0.625543237,-0.533018887,1.39326108,-0.432369769,-0.411813855,-0.22941573,0.492174804,-0.484322101,0.654653668,-0.351561517,-0.151716515,2.06474161,-1.32255089,-0.422141254,0.810132504,-0.810132504,0.197385505,-0.197385505,1
-0.835385084,-0.754208446,0.919297576,1.0526886,-1.26677096,-0.708575785,-0.411813855,1.61861348,-0.610092342,-0.255433619,-0.801692247,-0.204124153,-0.22941573,0.941696584,-0.319262236,-0.635223389,-0.569651902,-0.347056448,-0.112508789,-0.470504045,-0.625543237,-0.112508789,-0.12852402,-0.210680857,11.503623,-0.321633756,0.812250614,-0.32634443,-0.258198887,-0.232418686,-0.480384469,-0.269046575,-0.444527596,-0.723746836,2.19986725,-0.581199288,-0.217072383,-0.687965453,-1.08075047,3.08647299,0.321633756,-0.207424134,-0.235391095,-0.625543237,1.87610602,-0.717740536,-0.432369769,-0.411813855,-0.22941573,0.492174804,2.06474161,-1.52752519,-0.351561517,-0.151716515,-0.484322101,0.756114542,-0.422141254,0.810132504,-0.810132504,0.197385505,-0.197385505,0
0.44257772,-0.243025079,-1.75178492,-1.69943845,-0.216144517,-0.708575785,-0.411813855,-0.617812753,1.63909602,-0.255433619,-0.801692247,-0.204124153,-0.22941573,0.941696584,-0.319262236,-0.635223389,-0.569651902,-0.347056448,-0.112508789,-0.470504045,-0.625543237,-0.112508789,-0.12852402,-0.210680857,-0.086929135,3.10912633,0.812250614,-0.32634443,-0.258198887,-0.232418686,-0.480384469,-0.269046575,-0.444527596,-0.723746836,-0.454572886,1.7205801,-0.217072383,-0.687965453,0.925282896,-0.323994398,-3.10912633,4.82103968,-0.235391095,1.59861052,-0.533018887,-0.717740536,-0.432369769,2.42828155,-0.22941573,-2.0317986,-0.484322101,0.654653668,-0.351561517,-0.151716515,-0.484322101,-1.32255089,2.36887527,-1.23436594,1.23436594,0.197385505,-0.197385505,1
1.22843277,1.29052496,0.919297576,1.0526886,-0.128592297,1.0356108,-0.411813855,-0.617812753,-0.610092342,-0.255433619,1.24736142,-0.204124153,-0.22941573,-1.06191313,-0.319262236,1.57424927,1.755458,-0.347056448,-0.112508789,-0.470504045,-0.625543237,-0.112508789,-0.12852402,-0.210680857,-0.086929135,-0.321633756,0.812250614,-0.32634443,-0.258198887,-0.232418686,-0.480384469,-0.269046575,-0.444527596,-0.723746836,-0.454572886,1.7205801,-0.217072383,-0.687965453,0.925282896,-0.323994398,0.321633756,-0.207424134,-0.235391095,-0.625543237,-0.533018887,1.39326108,-0.432369769,-0.411813855,-0.22941573,0.492174804,-0.484322101,0.654653668,-0.351561517,-0.151716515,-0.484322101,-1.32255089,2.36887527,-1.23436594,1.23436594,0.197385505,-0.197385505,1
2.1927762,1.80170822,-1.75178492,-0.782062769,1.71000409,-0.708575785,-0.411813855,-0.617812753,1.63909602,-0.255433619,-0.801692247,-0.204124153,4.35889912,-1.06191313,-0.319262236,-0.635223389,-0.569651902,2.88137555,-0.112508789,-0.470504045,-0.625543237,-0.112508789,-0.12852402,-0.210680857,-0.086929135,-0.321633756,0.812250614,-0.32634443,-0.258198887,-0.232418686,-0.480384469,3.71682858,-0.444527596,-0.723746836,-0.454572886,-0.581199288,-0.217072383,-0.687965453,0.925282896,-0.323994398,0.321633756,-0.207424134,-0.235391095,-0.625543237,-0.533018887,-0.717740536,2.31283522,2.42828155,-0.22941573,-2.0317986,-0.484322101,-1.52752519,2.84445238,-0.151716515,-0.484322101,-1.32255089,2.36887527,-1.23436594,1.23436594,0.197385505,-0.197385505,1
-0.726629972,-1.26539171,0.028936727,-0.782062769,0.659377575,-0.708575785,-0.411813855,1.61861348,-0.610092342,-0.255433619,-0.801692247,-0.204124153,-0.22941573,0.941696584,-0.319262236,-0.635223389,1.755458,-0.347056448,-0.112508789,-0.470504045,-0.625543237,-0.112508789,-0.12852402,-0.210680857,-0.086929135,-0.321633756,-1.23114717,3.06424713,-0.258198887,-0.232418686,-0.480384469,-0.269046575,-0.444527596,-0.723746836,-0.454572886,1.7205801,-0.217072383,-0.687965453,0.925282896,-0.323994398,0.321633756,-0.207424134,-0.235391095,-0.625543237,1.87610602,-0.717740536,-0.432369769,-0.411813855,-0.22941573,0.492174804,-0.484322101,0.654653668,-0.351561517,-0.151716515,-0.484322101,0.756114542,-0.422141254,-1.23436594,1.23436594,0.197385505,-0.197385505,1
0.237713456,-0.243025079,-0.861424148,1.0526886,2.76063061,-0.708575785,-0.411813855,-0.617812753,1.63909602,-0.255433619,-0.801692247,-0.204124153,-0.22941573,0.941696584,-0.319262236,-0.635223389,-0.569651902,-0.347056448,-0.112508789,-0.470504045,-0.625543237,-0.112508789,7.7806468,-0.210680857,-0.086929135,-0.321633756,0.812250614,-0.32634443,-0.258198887,-0.232418686,-0.480384469,3.71682858,-0.444527596,-0.723746836,-0.454572886,-0.581199288,-0.217072383,1.45356131,-1.08075047,-0.323994398,0.321633756,-0.207424134,-0.235391095,-0.625543237,-0.533018887,1.39326108,-0.432369769,-0.411813855,-0.22941573,0.492174804,-0.484322101,0.654653668,-0.351561517,-0.151716515,-0.484322101,0.756114542,-0.422141254,-1.23436594,1.23436594,0.197385505,-0.197385505,1
-0.648947775,-0.924602866,0.028936727,-0.782062769,-0.0410400964,-0.708575785,-0.411813855,-0.617812753,-0.610092342,-0.255433619,1.24736142,-0.204124153,-0.22941573,0.941696584,-0.319262236,-0.635223389,1.755458,-0.347056448,-0.112508789,-0.470504045,-0.625543237,-0.112508789,-0.12852402,-0.210680857,-0.086929135,-0.321633756,-1.23114717,3.06424713,-0.258198887,-0.232418686,-0.480384469,-0.269046575,-0.444527596,1.38169861,-0.454572886,-0.581199288,-0.217072383,-0.687965453,0.925282896,-0.323994398,0.321633756,-0.207424134,-0.235391095,1.59861052,-0.533018887,-0.717740536,-0.432369769,-0.411813855,-0.22941573,0.492174804,2.06474161,-1.52752519,-0.351561517,-0.151716515,2.06474161,-1.32255089,-0.422141254,0.810132504,-0.810132504,-5.06622791,5.06622791,1
-0.161537006,0.0125665907,0.919297576,-0.782062769,2.23531723,1.0356108,-0.411813855,-0.617812753,1.63909602,-0.255433619,-0.801692247,-0.204124153,-0.22941573,0.941696584,-0.319262236,-0.635223389,-0.569651902,-0.347056448,-0.112508789,-0.470504045,-0.625543237,-0.112508789,-0.12852402,-0.210680857,-0.086929135,3.10912633,-1.23114717,3.06424713,-0.258198887,-0.232418686,-0.480384469,-0.269046575,-0.444527596,-0.723746836,-0.454572886,1.7205801,4.60675812,-0.687965453,-1.08075047,-0.323994398,0.321633756,-0.207424134,-0.235391095,-0.625543237,-0.533018887,1.39326108,-0.432369769,2.42828155,-0.22941573,-2.0317986,2.06474161,-1.52752519,-0.351561517,-0.151716515,2.06474161,-1.32255089,-0.422141254,0.810132504,-0.810132504,0.197385505,-0.197385505,0
2.03921819,2.31289172,-0.861424148,-1.69943845,-0.0410400964,1.0356108,-0.411813855,-0.617812753,-0.610092342,-0.255433619,1.24736142,-0.204124153,-0.22941573,-1.06191313,-0.319262236,1.57424927,-0.569651902,2.88137555,-0.112508789,-0.470504045,-0.625543237,-0.112508789,-0.12852402,-0.210680857,-0.086929135,-0.321633756,-1.23114717,-0.32634443,-0.258198887,-0.232418686,2.08166599,-0.269046575,-0.444527596,-0.723746836,2.19986725,-0.581199288,-0.217072383,-0.687965453,0.925282896,-0.323994398,0.321633756,-0.207424134,-0.235391095,-0.625543237,-0.533018887,-0.717740536,2.31283522,-0.411813855,-0.22941573,0.492174804,-0.484322101,-1.52752519,2.84445238,-0.151716515,-0.484322101,0.756114542,-0.422141254,-1.23436594,1.23436594,0.197385505,-0.197385505,1
-0.629075587,-0.243025079,0.028936727,1.0526886,0.309168726,-0.708575785,-0.411813855,-0.617812753,-0.610092342,-0.255433619,1.24736142,-0.204124153,-0.22941573,0.941696584,-0.319262236,-0.635223389,-0.569651902,-0.347056448,-0.112508789,-0.470504045,1.59861052,-0.112508789,-0.12852402,-0.210680857,-0.086929135,-0.321633756,0.812250614,-0.32634443,-0.258198887,-0.232418686,-0.480384469,-0.269046575,2.24957919,-0.723746836,-0.454572886,-0.581199288,-0.217072383,-0.687965453,-1.08075047,3.08647299,0.321633756,-0.207424134,-0.235391095,1.59861052,-0.533018887,-0.717740536,-0.432369769,-0.411813855,-0.22941573,0.492174804,-0.484322101,0.654653668,-0.351561517,-0.151716515,-0.484322101,0.756114542,-0.422141254,-1.23436594,1.23436594,0.197385505,-0.197385505,1
0.00719599286,0.268158257,0.919297576,1.0526886,-1.09166658,-0.708575785,-0.411813855,1.61861348,-0.610092342,-0.255433619,-0.801692247,-0.204124153,-0.22941573,0.941696584,-0.319262236,-0.635223389,-0.569651902,-0.347056448,-0.112508789,2.12538028,-0.625543237,-0.112508789,-0.12852402,-0.210680857,-0.086929135,-0.321633756,0.812250614,-0.32634443,-0.258198887,-0.232418686,-0.480384469,-0.269046575,2.24957919,-0.723746836,-0.454572886,-0.581199288,-0.217072383,1.45356131,-1.08075047,-0.323994398,0.321633756,-0.207424134,-0.235391095,1.59861052,-0.533018887,-0.717740536,-0.432369769,-0.411813855,-0.22941573,0.492174804,2.06474161,-1.52752519,-0.351561517,-0.151716515,2.06474161,-1.32255089,-0.422141254,-1.23436594,1.23436594,0.197385505,-0.197385505,0
-0.387718737,-0.754208446,0.028936727,-1.69943845,-0.0410400964,-0.708575785,-0.411813855,-0.617812753,-0.610092342,-0.255433619,1.24736142,-0.204124153,-0.22941573,0.941696584,-0.319262236,-0.635223389,-0.569651902,-0.347056448,-0.112508789,-0.470504045,1.59861052,-0.112508789,-0.12852402,-0.210680857,-0.086929135,-0.321633756,-1.23114717,3.06424713,-0.258198887,-0.232418686,-0.480384469,-0.269046575,-0.444527596,-0.723746836,2.19986725,-0.581199288,-0.217072383,-0.687965453,0.925282896,-0.323994398,0.321633756,-0.207424134,-0.235391095,-0.625543237,-0.533018887,-0.717740536,2.31283522,-0.411813855,-0.22941573,0.492174804,-0.484322101,0.654653668,-0.351561517,-0.151716515,-0.484322101,0.756114542,-0.422141254,0.810132504,-0.810132504,0.197385505,-0.197385505,1
-0.211398154,-0.0726306289,-0.861424148,0.135312915,-0.566353321,1.0356108,-0.411813855,-0.617812753,1.63909602,-0.255433619,-0.801692247,-0.204124153,-0.22941573,-1.06191313,3.13222146,-0.635223389,-0.569651902,-0.347056448,8.88819408,-0.470504045,-0.625543237,-0.112508789,-0.12852402,-0.210680857,-0.086929135,-0.321633756,0.812250614,-0.32634443,-0.258198887,-0.232418686,-0.480384469,-0.269046575,-0.444527596,1.38169861,-0.454572886,-0.581199288,-0.217072383,-0.687965453,0.925282896,-0.323994398,0.321633756,-0.207424134,-0.235391095,-0.625543237,-0.533018887,1.39326108,-0.432369769,2.42828155,-0.22941573,-2.0317986,-0.484322101,0.654653668,-0.351561517,-0.151716515,-0.484322101,0.756114542,-0.422141254,-1.23436594,1.23436594,0.197385505,-0.197385505,1
-0.316901445,1.29052496,0.919297576,1.0526886,0.0465121083,-0.708575785,-0.411813855,-0.617812753,1.63909602,-0.255433619,-0.801692247,-0.204124153,-0.22941573,-1.06191313,-0.319262236,1.57424927,-0.569651902,-0.347056448,-0.112508789,-0.470504045,1.59861052,-0.112508789,-0.12852402,-0.210680857,-0.086929135,-0.321633756,0.812250614,-0.32634443,-0.258198887,-0.232418686,-0.480384469,-0.269046575,-0.444527596,-0.723746836,-0.454572886,1.7205801,-0.217072383,-0.687965453,0.925282896,-0.323994398,0.321633756,-0.207424134,-0.235391095,1.59861052,-0.533018887,-0.717740536,-0.432369769,-0.411813855,-0.22941573,0.492174804,-0.484322101,0.654653668,-0.351561517,-0.151716515,-0.484322101,0.756114542,-0.422141254,0.810132504,-0.810132504,0.197385505,-0.197385505,1
-0.683633804,-0.839405656,0.919297576,1.0526886,0.396720946,1.0356108,-0.411813855,-0.617812753,1.63909602,-0.255433619,-0.801692247,-0.204124153,-0.22941573,-1.06191313,-0.319262236,1.57424927,1.755458,-0.347056448,-0.112508789,-0.470504045,-0.625543237,-0.112508789,-0.12852402,-0.210680857,-0.086929135,-0.321633756,-1.23114717,-0.32634443,-0.258198887,4.30257988,-0.480384469,-0.269046575,-0.444527596,1.38169861,-0.454572886,-0.581199288,-0.217072383,1.45356131,-1.08075047,-0.323994398,0.321633756,-0.207424134,-0.235391095,-0.625543237,-0.533018887,1.39326108,-0.432369769,-0.411813855,-0.22941573,0.492174804,-0.484322101,0.654653668,-0.351561517,-0.151716515,-0.484322101,0.756114542,-0.422141254,0.810132504,-0.810132504,0.197385505,-0.197385505,1
-0.244277611,0.268158257,0.919297576,1.0526886,1.00958633,1.0356108,2.42828155,-0.617812753,-0.610092342,-0.255433619,1.24736142,-0.204124153,-0.22941573,-1.06191313,3.13222146,-0.635223389,1.755458,-0.347056448,-0.112508789,-0.470504045,-0.625543237,-0.112508789,-0.12852402,-0.210680857,-0.086929135,-0.321633756,0.812250614,-0.32634443,-0.258198887,-0.232418686,-0.480384469,-0.269046575,-0.444527596,-0.723746836,-0.454572886,1.7205801,-0.217072383,-0.687965453,0.925282896,-0.323994398,0.321633756,-0.207424134,-0.235391095,-0.625543237,-0.533018887,1.39326108,-0.432369769,-0.411813855,-0.22941573,0.492174804,-0.484322101,0.654653668,-0.351561517,-0.151716515,2.06474161,-1.32255089,-0.422141254,0.810132504,-0.810132504,0.197385505,-0.197385505,0
0.531821966,1.29052496,-0.861424148,-0.782062769,-0.303696722,-0.708575785,-0.411813855,-0.617812753,-0.610092342,-0.255433619,1.24736142,-0.204124153,-0.22941573,0.941696584,-0.319262236,-0.635223389,-0.569651902,2.88137555,-0.112508789,-0.470504045,-0.625543237,-0.112508789,-0.12852402,-0.210680857,-0.086929135,-0.321633756,0.812250614,-0.32634443,-0.258198887,-0.232418686,-0.480384469,-0.269046575,-0.444527596,1.38169861,-0.454572886,-0.581199288,-0.217072383,-0.687965453,0.925282896,-0.323994398,0.321633756,-0.207424134,-0.235391095,-0.625543237,-0.533018887,-0.717740536,2.31283522,-0.411813855,-0.22941573,0.492174804,-0.484322101,-1.52752519,2.84445238,-0.151716515,-0.484322101,-1.32255089,2.36887527,-1.23436594,1.23436594,0.197385505,-0.197385505,1
0.0516374484,0.0125665907,0.919297576,-0.782062769,-0.566353321,-0.708575785,-0.411813855,1.61861348,-0.610092342,-0.255433619,-0.801692247,-0.204124153,-0.22941573,0.941696584,-0.319262236,-0.635223389,-0.569651902,-0.347056448,-0.112508789,-0.470504045,1.59861052,-0.112508789,-0.12852402,-0.210680857,-0.086929135,-0.321633756,-1.23114717,-0.32634443,-0.258198887,4.30257988,-0.480384469,-0.269046575,2.24957919,-0.723746836,-0.454572886,-0.581199288,-0.217072383,1.45356131,-1.08075047,-0.323994398,0.321633756,-0.207424134,-0.235391095,-0.625543237,-0.533018887,1.39326108,-0.432369769,2.42828155,-0.22941573,-2.0317986,-0.484322101,0.654653668,-0.351561517,-0.151716515,-0.484322101,0.756114542,-0.422141254,0.810132504,-0.810132504,0.197385505,-0.197385505,1
0.252527267,1.29052496,-0.861424148,-0.782062769,-1.09166658,-0.708575785,-0.411813855,-0.617812753,-0.610092342,3.91491127,-0.801692247,-0.204124153,-0.22941573,0.941696584,-0.319262236,-0.635223389,-0.569651902,-0.347056448,-0.112508789,-0.470504045,1.59861052,-0.112508789,-0.12852402,-0.210680857,-0.086929135,-0.321633756,0.812250614,-0.32634443,-0.258198887,-0.232418686,-0.480384469,-0.269046575,-0.444527596,1.38169861,-0.454572886,-0.581199288,-0.217072383,-0.687965453,0.925282896,-0.323994398,0.321633756,-0.207424134,-0.235391095,1.59861052,-0.533018887,-0.717740536,-0.432369769,-0.411813855,-0.22941573,0.492174804,-0.484322101,0.654653668,-0.351561517,-0.151716515,-0.484322101,0.756114542,-0.422141254,-1.23436594,1.23436594,0.197385505,-0.197385505,1
-0.713622749,-0.243025079,0.919297576,1.0526886,2.23531723,-0.708575785,-0.411813855,-0.617812753,1.63909602,-0.255433619,-0.801692247,-0.204124153,-0.22941573,0.941696584,-0.319262236,-0.635223389,-0.569651902,-0.347056448,-0.112508789,-0.470504045,-0.625543237,-0.112508789,-0.12852402,4.74651575,-0.086929135,-0.321633756,-1.23114717,-0.32634443,-0.258198887,-0.232418686,2.08166599,-0.269046575,-0.444527596,1.38169861,-0.454572886,-0.581199288,-0.217072383,-0.687965453,0.925282896,-0.323994398,0.321633756,-0.207424134,-0.235391095,-0.625543237,-0.533018887,-0.717740536,2.31283522,-0.411813855,-0.22941573,0.492174804,-0.484322101,-1.52752519,2.84445238,-0.151716515,-0.484322101,0.756114542,-0.422141254,0.810132504,-0.810132504,0.197385505,-0.197385505,1
0.122093417,0.268158257,0.028936727,1.0526886,-0.74145776,-0.708575785,-0.411813855,1.61861348,-0.610092342,-0.255433619,-0.801692247,-0.204124153,4.35889912,-1.06191313,-0.319262236,-0.635223389,-0.569651902,-0.347056448,-0.112508789,2.12538028,-0.625543237,-0.112508789,-0.12852402,-0.210680857,-0.086929135,-0.321633756,0.812250614,-0.32634443,-0.258198887,-0.232418686,-0.480384469,-0.269046575,-0.444527596,-0.723746836,2.19986725,-0.581199288,-0.217072383,-0.687965453,0.925282896,-0.323994398,0.321633756,-0.207424134,-0.235391095,-0.625543237,-0.533018887,1.39326108,-0.432369769,2.42828155,-0.22941573,-2.0317986,-0.484322101,0.654653668,-0.351561517,-0.151716515,-0.484322101,0.756114542,-0.422141254,0.810132504,-0.810132504,0.197385505,-0.197385505,0
0.0473016948,0.268158257,0.919297576,-0.782062769,0.309168726,-0.708575785,-0.411813855,1.61861348,-0.610092342,-0.255433619,-0.801692247,-0.204124153,-0.22941573,0.941696584,-0.319262236,-0.635223389,-0.569651902,-0.347056448,-0.112508789,2.12538028,-0.625543237,-0.112508789,-0.12852402,-0.210680857,-0.086929135,-0.321633756,0.812250614,-0.32634443,-0.258198887,-0.232418686,-0.480384469,-0.269046575,-0.444527596,-0.723746836,-0.454572886,1.7205801,-0.217072383,-0.687965453,0.925282896,-0.323994398,0.321633756,-0.207424134,-0.235391095,-0.625543237,1.87610602,-0.717740536,-0.432369769,-0.411813855,-0.22941573,0.492174804,2.06474161,-1.52752519,-0.351561517,-0.151716515,-0.484322101,-1.32255089,2.36887527,-1.23436594,1.23436594,0.197385505,-0.197385505,0
0.286129355,0.608947158,0.028936727,-0.782062769,0.834481955,-0.708575785,-0.411813855,1.61861348,-0.610092342,-0.255433619,-0.801692247,-0.204124153,-0.22941573,0.941696584,-0.319262236,-0.635223389,1.755458,-0.347056448,-0.112508789,-0.470504045,-0.625543237,-0.112508789,-0.12852402,-0.210680857,-0.086929135,-0.321633756,0.812250614,-0.32634443,-0.258198887,-0.232418686,-0.480384469,-0.269046575,-0.444527596,1.38169861,-0.454572886,-0.581199288,-0.217072383,-0.687965453,0.925282896,-0.323994398,0.321633756,-0.207424134,-0.235391095,-0.625543237,-0.533018887,1.39326108,-0.432369769,-0.411813855,-0.22941573,0.492174804,-0.484322101,0.654653668,-0.351561517,-0.151716515,2.06474161,-1.32255089,-0.422141254,0.810132504,-0.810132504,0.197385505,-0.197385505,0
-0.217179164,1.29052496,0.919297576,-0.782062769,-0.74145776,1.0356108,-0.411813855,-0.617812753,-0.610092342,-0.255433619,1.24736142,4.89897966,-0.22941573,-1.06191313,-0.319262236,-0.635223389,-0.569651902,-0.347056448,-0.112508789,-0.470504045,-0.625543237,-0.112508789,7.7806468,-0.210680857,-0.086929135,-0.321633756,0.812250614,-0.32634443,-0.258198887,-0.232418686,-0.480384469,-0.269046575,-0.444527596,1.38169861,-0.454572886,-0.581199288,-0.217072383,-0.687965453,0.925282896,-0.323994398,0.321633756,-0.207424134,-0.235391095,-0.625543237,-0.533018887,1.39326108,-0.432369769,-0.411813855,-0.22941573,0.492174804,-0.484322101,0.654653668,-0.351561517,-0.151716515,-0.484322101,0.756114542,-0.422141254,0.810132504,-0.810132504,0.197385505,-0.197385505,1
3.3836627,0.268158257,0.919297576,-0.782062769,0.746929765,-0.708575785,-0.411813855,-0.617812753,1.63909602,-0.255433619,-0.801692247,-0.204124153,-0.22941573,0.941696584,-0.319262236,-0.635223389,-0.569651902,2.88137555,-0.112508789,-0.470504045,-0.625543237,-0.112508789,-0.12852402,-0.210680857,-0.086929135,-0.321633756,0.812250614,-0.32634443,-0.258198887,-0.232418686,-0.480384469,-0.269046575,-0.444527596,-0.723746836,-0.454572886,1.7205801,-0.217072383,1.45356131,-1.08075047,-0.323994398,0.321633756,-0.207424134,-0.235391095,-0.625543237,-0.533018887,-0.717740536,2.31283522,-0.411813855,-0.22941573,0.492174804,-0.484322101,-1.52752519,2.84445238,-0.151716515,-0.484322101,-1.32255089,2.36887527,-1.23436594,1.23436594,0.197385505,-0.197385505,0
0.273844719,0.268158257,-0.861424148,1.0526886,-0.9165622,-0.708575785,-0.411813855,-0.617812753,-0.610092342,-0.255433619,1.24736142,-0.204124153,-0.22941573,0.941696584,-0.319262236,-0.635223389,-0.569651902,-0.347056448,-0.112508789,2.12538028,-0.625543237,-0.112508789,-0.12852402,-0.210680857,-0.086929135,-0.321633756,0.812250614,-0.32634443,-0.258198887,-0.232418686,-0.480384469,-0.269046575,-0.444527596,-0.723746836,2.19986725,-0.581199288,-0.217072383,1.45356131,-1.08075047,-0.323994398,0.321633756,-0.207424134,-0.235391095,-0.625543237,1.87610602,-0.717740536,-0.432369769,-0.411813855,-0.22941573,0.492174804,2.06474161,-1.52752519,-0.351561517,-0.151716515,-0.484322101,0.756114542,-0.422141254,-1.23436594,1.23436594,0.197385505,-0.197385505,1
1.15797675,0.268158257,-0.861424148,1.0526886,0.746929765,1.0356108,2.42828155,1.61861348,-0.610092342,-0.255433619,-0.801692247,-0.204124153,-0.22941573,-1.06191313,-0.319262236,1.57424927,-0.569651902,2.88137555,-0.112508789,-0.470504045,-0.625543237,-0.112508789,-0.12852402,-0.210680857,-0.086929135,-0.321633756,0.812250614,-0.32634443,-0.258198887,-0.232418686,-0.480384469,-0.269046575,-0.444527596,-0.723746836,-0.454572886,1.7205801,-0.217072383,1.45356131,-1.08075047,-0.323994398,0.321633756,-0.207424134,-0.235391095,-0.625543237,-0.533018887,-0.717740536,2.31283522,-0.411813855,-0.22941573,0.492174804,-0.484322101,-1.52752519,2.84445238,-0.151716515,-0.484322101,-1.32255089,2.36887527,-1.23436594,1.23436594,0.197385505,-0.197385505,1
-0.196223021,1.29052496,0.919297576,1.0526886,1.27224302,-0.708575785,-0.411813855,-0.617812753,1.63909602,-0.255433619,-0.801692247,-0.204124153,-0.22941573,0.941696584,-0.319262236,-0.635223389,-0.569651902,-0.347056448,-0.112508789,-0.470504045,1.59861052,-0.112508789,-0.12852402,-0.210680857,-0.086929135,-0.321633756,-1.23114717,3.06424713,-0.258198887,-0.232418686,-0.480384469,-0.269046575,-0.444527596,1.38169861,-0.454572886,-0.581199288,-0.217072383,1.45356131,-1.08075047,-0.323994398,-3.10912633,4.82103968,-0.235391095,-0.625543237,-0.533018887,-0.717740536,2.31283522,-0.411813855,-0.22941573,0.492174804,-0.484322101,-1.52752519,2.84445238,-0.151716515,-0.484322101,0.756114542,-0.422141254,0.810132504,-0.810132504,0.197385505,-0.197385505,0
-0.312927008,1.29052496,0.028936727,-0.782062769,0.922034204,1.0356108,-0.411813855,1.61861348,-0.610092342,-0.255433619,-0.801692247,-0.204124153,-0.22941573,-1.06191313,-0.319262236,1.57424927,-0.569651902,-0.347056448,-0.112508789,2.12538028,-0.625543237,-0.112508789,-0.12852402,-0.210680857,-0.086929135,-0.321633756,0.812250614,-0.32634443,-0.258198887,-0.232418686,-0.480384469,-0.269046575,-0.444527596,1.38169861,-0.454572886,-0.581199288,-0.217072383,-0.687965453,-1.08075047,3.08647299,0.321633756,-0.207424134,-0.235391095,-0.625543237,1.87610602,-0.717740536,-0.432369769,-0.411813855,-0.22941573,0.492174804,-0.484322101,0.654653668,-0.351561517,-0.151716515,-0.484322101,0.756114542,-0.422141254,-1.23436594,1.23436594,0.197385505,-0.197385505,1
-0.607035518,-0.754208446,-1.75178492,-1.69943845,-1.09166658,-0.708575785,-0.411813855,-0.617812753,1.63909602,-0.255433619,-0.801692247,-0.204124153,-0.22941573,0.941696584,-0.319262236,-0.635223389,-0.569651902,-0.347056448,-0.112508789,-0.470504045,1.59861052,-0.112508789,-0.12852402,-0.210680857,-0.086929135,-0.321633756,0.812250614,-0.32634443,-0.258198887,-0.232418686,-0.480384469,-0.269046575,2.24957919,-0.723746836,-0.454572886,-0.581199288,-0.217072383,-0.687965453,-1.08075047,3.08647299,0.321633756,-0.207424134,-0.235391095,1.59861052,-0.533018887,-0.717740536,-0.432369769,-0.411813855,-0.22941573,0.492174804,2.06474161,-1.52752519,-0.351561517,-0.151716515,-0.484322101,0.756114542,-0.422141254,0.810132504,-0.810132504,0.197385505,-0.197385505,0
0.454862356,1.29052496,0.919297576,-0.782062769,-0.391248912,-0.708575785,-0.411813855,-0.617812753,-0.610092342,3.91491127,-0.801692247,-0.204124153,-0.22941573,0.941696584,-0.319262236,-0.635223389,-0.569651902,-0.347056448,-0.112508789,-0.470504045,1.59861052,-0.112508789,-0.12852402,-0.210680857,-0.086929135,-0.321633756,0.812250614,-0.32634443,-0.258198887,-0.232418686,-0.480384469,-0.269046575,-0.444527596,-0.723746836,-0.454572886,1.7205801,-0.217072383,-0.687965453,0.925282896,-0.323994398,0.321633756,-0.207424134,-0.235391095,-0.625543237,-0.533018887,1.39326108,-0.432369769,-0.411813855,-0.22941573,0.492174804,-0.484322101,0.654653668,-0.351561517,-0.151716515,-0.484322101,0.756114542,-0.422141254,0.810132504,-0.810132504,0.197385505,-0.197385505,1
-0.280047566,0.268158257,0.919297576,1.0526886,-0.0410400964,-0.708575785,-0.411813855,1.61861348,-0.610092342,-0.255433619,-0.801692247,-0.204124153,-0.22941573,0.941696584,-0.319262236,-0.635223389,-0.569651902,-0.347056448,-0.112508789,-0.470504045,1.59861052,-0.112508789,-0.12852402,-0.210680857,-0.086929135,-0.321633756,0.812250614,-0.32634443,-0.258198887,-0.232418686,-0.480384469,-0.269046575,2.24957919,-0.723746836,-0.454572886,-0.581199288,-0.217072383,1.45356131,-1.08075047,-0.323994398,0.321633756,-0.207424134,-0.235391095,1.59861052,-0.533018887,-0.717740536,-0.432369769,-0.411813855,-0.22941573,0.492174804,-0.484322101,0.654653668,-0.351561517,-0.151716515,-0.484322101,0.756114542,-0.422141254,-1.23436594,1.23436594,0.197385505,-0.197385505,0
0.14268823,2.31289172,-1.75178492,-1.69943845,-0.74145776,-0.708575785,-0.411813855,-0.617812753,-0.610092342,-0.255433619,1.24736142,-0.204124153,4.35889912,-1.06191313,-0.319262236,-0.635223389,-0.569651902,-0.347056448,-0.112508789,-0.470504045,-0.625543237,-0.112508789,-0.12852402,-0.210680857,-0.086929135,3.10912633,0.812250614,-0.32634443,-0.258198887,-0.232418686,-0.480384469,-0.269046575,-0.444527596,1.38169861,-0.454572886,-0.581199288,-0.217072383,1.45356131,-1.08075047,-0.323994398,0.321633756,-0.207424134,-0.235391095,1.59861052,-0.533018887,-0.717740536,-0.432369769,-0.411813855,4.35889912,-2.0317986,-0.484322101,0.654653668,-0.351561517,-0.151716515,-0.484322101,0.756114542,-0.422141254,0.810132504,-0.810132504,0.197385505,-0.197385505,1
0.145578742,0.268158257,0.919297576,1.0526886,-1.35432315,1.0356108,-0.411813855,-0.617812753,-0.610092342,3.91491127,-0.801692247,-0.204124153,-0.22941573,-1.06191313,-0.319262236,1.57424927,-0.569651902,-0.347056448,-0.112508789,2.12538028,-0.625543237,-0.112508789,-0.12852402,-0.210680857,-0.086929135,-0.321633756,-1.23114717,-0.32634443,-0.258198887,-0.232418686,2.08166599,-0.269046575,-0.444527596,-0.723746836,-0.454572886,1.7205801,-0.217072383,-0.687965453,0.925282896,-0.323994398,-3.10912633,4.82103968,-0.235391095,-0.625543237,-0.533018887,-0.717740536,2.31283522,-0.411813855,-0.22941573,0.492174804,2.06474161,-1.52752519,-0.351561517,-0.151716515,-0.484322101,0.756114542,-0.422141254,0.810132504,-0.810132504,0.197385505,-0.197385505,1
-0.471904576,0.779341578,0.919297576,1.0526886,2.6730783,-0.708575785,-0.411813855,-0.617812753,-0.610092342,3.91491127,-0.801692247,-0.204124153,-0.22941573,-1.06191313,3.13222146,-0.635223389,-0.569651902,-0.347056448,-0.112508789,-0.470504045,-0.625543237,-0.112508789,-0.12852402,-0.210680857,-0.086929135,3.10912633,0.812250614,-0.32634443,-0.258198887,-0.232418686,-0.480384469,-0.269046575,-0.444527596,-0.723746836,-0.454572886,1.7205801,-0.217072383,-0.687965453,0.925282896,-0.323994398,0.321633756,-0.207424134,-0.235391095,1.59861052,-0.533018887,-0.717740536,-0.432369769,-0.411813855,-0.22941573,0.492174804,-0.484322101,0.654653668,-0.351561517,-0.151716515,-0.484322101,-1.32255089,2.36887527,-1.23436594,1.23436594,0.197385505,-0.197385505,0
-0.700615466,-0.498616755,0.919297576,-0.782062769,-1.00411439,-0.708575785,-0.411813855,1.61861348,-0.610092342,-0.255433619,-0.801692247,-0.204124153,-0.22941573,0.941696584,-0.319262236,-0.635223389,-0.569651902,-0.347056448,-0.112508789,-0.470504045,-0.625543237,8.88819408,-0.12852402,-0.210680857,-0.086929135,-0.321633756,-1.23114717,-0.32634443,-0.258198887,-0.232418686,2.08166599,-0.269046575,-0.444527596,1.38169861,-0.454572886,-0.581199288,-0.217072383,1.45356131,-1.08075047,-0.323994398,0.321633756,-0.207424134,-0.235391095,-0.625543237,-0.533018887,1.39326108,-0.432369769,-0.411813855,-0.22941573,0.492174804,2.06474161,-1.52752519,-0.351561517,-0.151716515,-0.484322101,0.756114542,-0.422141254,0.810132504,-0.810132504,0.197385505,-0.197385505,0
-0.15720126,-0.243025079,-1.75178492,0.135312915,-1.26677096,-0.708575785,-0.411813855,-0.617812753,1.63909602,-0.255433619,-0.801692247,-0.204124153,-0.22941573,0.941696584,-0.319262236,-0.635223389,-0.569651902,2.88137555,-0.112508789,-0.470504045,-0.625543237,-0.112508789,-0.12852402,-0.210680857,-0.086929135,-0.321633756,0.812250614,-0.32634443,-0.258198887,-0.232418686,-0.480384469,-0.269046575,-0.444527596,1.38169861,-0.454572886,-0.581199288,-0.217072383,-0.687965453,-1.08075047,3.08647299,0.321633756,-0.207424134,-0.235391095,-0.625543237,-0.533018887,1.39326108,-0.432369769,-0.411813855,-0.22941573,0.492174804,2.06474161,-1.52752519,-0.351561517,-0.151716515,-0.484322101,0.756114542,-0.422141254,-1.23436594,1.23436594,0.197385505,-0.197385505,1
-0.808647931,-0.754208446,0.919297576,1.0526886,-0.0410400964,1.0356108,-0.411813855,-0.617812753,-0.610092342,-0.255433619,1.24736142,-0.204124153,-0.22941573,-1.06191313,-0.319262236,1.57424927,-0.569651902,-0.347056448,-0.112508789,-0.470504045,1.59861052,-0.112508789,-0.12852402,-0.210680857,-0.086929135,-0.321633756,-1.23114717,-0.32634443,-0.258198887,-0.232418686,2.08166599,-0.269046575,-0.444527596,-0.723746836,-0.454572886,1.7205801,-0.217072383,-0.687965453,0.925282896,-0.323994398,0.321633756,-0.207424134,-0.235391095,-0.625543237,-0.533018887,1.39326108,-0.432369769,-0.411813855,-0.22941573,0.492174804,-0.484322101,0.654653668,-0.351561517,-0.151716515,-0.484322101,0.756114542,-0.422141254,0.810132504,-0.810132504,0.197385505,-0.197385505,1
0.131487548,2.31289172,0.919297576,-1.69943845,1.00958633,-0.708575785,-0.411813855,-0.617812753,-0.610092342,-0.255433619,1.24736142,-0.204124153,-0.22941573,-1.06191313,-0.319262236,1.57424927,-0.569651902,-0.347056448,-0.112508789,-0.470504045,1.59861052,-0.112508789,-0.12852402,-0.210680857,-0.086929135,-0.321633756,-1.23114717,-0.32634443,-0.258198887,-0.232418686,2.08166599,-0.269046575,-0.444527596,-0.723746836,-0.454572886,1.7205801,-0.217072383,-0.687965453,0.925282896,-0.323994398,0.321633756,-0.207424134,-0.235391095,1.59861052,-0.533018887,-0.717740536,-0.432369769,-0.411813855,-0.22941573,0.492174804,-0.484322101,0.654653668,-0.351561517,-0.151716515,-0.484322101,0.756114542,-0.422141254,-1.23436594,1.23436594,0.197385505,-0.197385505,1
0.107640907,0.268158257,-0.861424148,0.135312915,0.221616521,1.0356108,-0.411813855,-0.617812753,1.63909602,-0.255433619,-0.801692247,-0.204124153,-0.22941573,0.941696584,-0.319262236,-0.635223389,1.755458,-0.347056448,-0.112508789,-0.470504045,-0.625543237,-0.112508789,-0.12852402,-0.210680857,-0.086929135,-0.321633756,-1.23114717,3.06424713,-0.258198887,-0.232418686,-0.480384469,-0.269046575,-0.444527596,-0.723746836,2.19986725,-0.581199288,-0.217072383,-0.687965453,0.925282896,-0.323994398,0.321633756,-0.207424134,-0.235391095,-0.625543237,-0.533018887,1.39326108,-0.432369769,2.42828155,-0.22941573,-2.0317986,-0.484322101,0.654653668,-0.351561517,-0.151716515,-0.484322101,0.756114542,-0.422141254,-1.23436594,1.23436594,0.197385505,-0.197385505,1
-0.531521142,0.268158257,0.919297576,-0.782062769,1.09713864,1.0356108,-0.411813855,-0.617812753,1.63909602,-0.255433619,-0.801692247,-0.204124153,-0.22941573,-1.06191313,-0.319262236,1.57424927,-0.569651902,-0.347056448,-0.112508789,-0.470504045,1.59861052,-0.112508789,-0.12852402,-0.210680857,-0.086929135,-0.321633756,0.812250614,-0.32634443,-0.258198887,-0.232418686,-0.480384469,-0.269046575,-0.444527596,-0.723746836,-0.454572886,1.7205801,-0.217072383,-0.687965453,0.925282896,-0.323994398,0.321633756,-0.207424134,-0.235391095,-0.625543237,1.87610602,-0.717740536,-0.432369769,-0.411813855,-0.22941573,0.492174804,-0.484322101,0.654653668,-0.351561517,-0.151716515,2.06474161,-1.32255089,-0.422141254,0.810132504,-0.810132504,0.197385505,-0.197385505,1
1.100528,-0.243025079,0.028936727,0.135312915,-0.653905571,-0.708575785,-0.411813855,-0.617812753,1.63909602,-0.255433619,-0.801692247,-0.204124153,-0.22941573,0.941696584,-0.319262236,-0.635223389,1.755458,-0.347056448,-0.112508789,-0.470504045,-0.625543237,-0.112508789,-0.12852402,-0.210680857,-0.086929135,-0.321633756,0.812250614,-0.32634443,-0.258198887,-0.232418686,-0.480384469,-0.269046575,-0.444527596,-0.723746836,2.19986725,-0.581199288,-0.217072383,-0.687965453,0.925282896,-0.323994398,0.321633756,-0.207424134,-0.235391095,1.59861052,-0.533018887,-0.717740536,-0.432369769,-0.411813855,-0.22941573,0.492174804,2.06474161,-1.52752519,-0.351561517,-0.151716515,2.06474161,-1.32255089,-0.422141254,0.810132504,-0.810132504,0.197385505,-0.197385505,1
1.04633117,2.31289172,-1.75178492,0.135312915,-0.391248912,-0.708575785,-0.411813855,-0.617812753,-0.610092342,-0.255433619,1.24736142,-0.204124153,-0.22941573,-1.06191313,-0.319262236,1.57424927,-0.569651902,-0.347056448,-0.112508789,-0.470504045,-0.625543237,-0.112508789,-0.12852402,4.74651575,-0.086929135,-0.321633756,0.812250614,-0.32634443,-0.258198887,-0.232418686,-0.480384469,-0.269046575,-0.444527596,1.38169861,-0.454572886,-0.581199288,-0.217072383,-0.687965453,0.925282896,-0.323994398,0.321633756,-0.207424134,-0.235391095,-0.625543237,-0.533018887,-0.717740536,2.31283522,2.42828155,-0.22941573,-2.0317986,-0.484322101,-1.52752519,2.84445238,-0.151716515,-0.484322101,0.756114542,-0.422141254,-1.23436594,1.23436594,0.197385505,-0.197385505,1
3.15206122,0.268158257,-0.861424148,0.135312915,0.309168726,1.0356108,2.42828155,-0.617812753,1.63909602,-0.255433619,-0.801692247,-0.204124153,-0.22941573,-1.06191313,-0.319262236,1.57424927,-0.569651902,-0.347056448,8.88819408,-0.470504045,-0.625543237,-0.112508789,-0.12852402,-0.210680857,-0.086929135,-0.321633756,0.812250614,-0.32634443,-0.258198887,-0.232418686,-0.480384469,-0.269046575,-0.444527596,1.38169861,-0.454572886,-0.581199288,-0.217072383,-0.687965453,0.925282896,-0.323994398,-3.10912633,4.82103968,-0.235391095,-0.625543237,-0.533018887,1.39326108,-0.432369769,-0.411813855,-0.22941573,0.492174804,-0.484322101,0.654653668,-0.351561517,-0.151716515,-0.484322101,-1.32255089,2.36887527,-1.23436594,1.23436594,0.197385505,-0.197385505,0
-0.349419594,-0.754208446,-0.861424148,-0.782062769,0.0465121083,1.0356108,-0.411813855,-0.617812753,-0.610092342,3.91491127,-0.801692247,-0.204124153,-0.22941573,-1.06191313,3.13222146,-0.635223389,1.755458,-0.347056448,-0.112508789,-0.470504045,-0.625543237,-0.112508789,-0.12852402,-0.210680857,-0.086929135,-0.321633756,0.812250614,-0.32634443,-0.258198887,-0.232418686,-0.480384469,-0.269046575,-0.444527596,1.38169861,-0.454572886,-0.581199288,-0.217072383,1.45356131,-1.08075047,-0.323994398,0.321633756,-0.207424134,-0.235391095,-0.625543237,-0.533018887,1.39326108,-0.432369769,-0.411813855,4.35889912,-2.0317986,-0.484322101,0.654653668,-0.351561517,-0.151716515,-0.484322101,0.756114542,-0.422141254,-1.23436594,1.23436594,0.197385505,-0.197385505,1
-0.60414499,-0.754208446,-0.861424148,1.0526886,0.0465121083,-0.708575785,-0.411813855,-0.617812753,-0.610092342,-0.255433619,1.24736142,-0.204124153,-0.22941573,0.941696584,-0.319262236,-0.635223389,-0.569651902,-0.347056448,-0.112508789,-0.470504045,-0.625543237,-0.112508789,-0.12852402,-0.210680857,-0.086929135,3.10912633,0.812250614,-0.32634443,-0.258198887,-0.232418686,-0.480384469,-0.269046575,-0.444527596,-0.723746836,2.19986725,-0.581199288,-0.217072383,-0.687965453,0.925282896,-0.323994398,0.321633756,-0.207424134,-0.235391095,-0.625543237,-0.533018887,1.39326108,-0.432369769,-0.411813855,-0.22941573,0.492174804,-0.484322101,0.654653668,-0.351561517,-0.151716515,-0.484322101,0.756114542,-0.422141254,-1.23436594,1.23436594,0.197385505,-0.197385505,1
-0.575962603,-0.754208446,-0.861424148,0.135312915,-0.478801131,-0.708575785,-0.411813855,1.61861348,-0.610092342,-0.255433619,-0.801692247,-0.204124153,-0.22941573,0.941696584,-0.319262236,-0.635223389,-0.569651902,-0.347056448,-0.112508789,2.12538028,-0.625543237,-0.112508789,-0.12852402,-0.210680857,-0.086929135,-0.321633756,0.812250614,-0.32634443,-0.258198887,-0.232418686,-0.480384469,-0.269046575,-0.444527596,1.38169861,-0.454572886,-0.581199288,-0.217072383,1.45356131,-1.08075047,-0.323994398,-3.10912633,4.82103968,-0.235391095,-0.625543237,1.87610602,-0.717740536,-0.432369769,-0.411813855,-0.22941573,0.492174804,-0.484322101,0.654653668,-0.351561517,-0.151716515,-0.484322101,0.756114542,-0.422141254,0.810132504,-0.810132504,0.197385505,-0.197385505,1
-0.600170553,0.268158257,0.028936727,-0.782062769,-1.09166658,1.0356108,-0.411813855,-0.617812753,1.63909602,-0.255433619,-0.801692247,-0.204124153,-0.22941573,-1.06191313,3.13222146,-0.635223389,-0.569651902,-0.347056448,-0.112508789,-0.470504045,1.59861052,-0.112508789,-0.12852402,-0.210680857,-0.086929135,-0.321633756,-1.23114717,3.06424713,-0.258198887,-0.232418686,-0.480384469,-0.269046575,-0.444527596,-0.723746836,2.19986725,-0.581199288,-0.217072383,1.45356131,-1.08075047,-0.323994398,0.321633756,-0.207424134,-0.235391095,-0.625543237,1.87610602,-0.717740536,-0.432369769,-0.411813855,-0.22941573,0.492174804,2.06474161,-1.52752519,-0.351561517,-0.151716515,-0.484322101,0.756114542,-0.422141254,-1.23436594,1.23436594,0.197385505,-0.197385505,1
-0.814790249,-1.00980008,-1.75178492,-0.782062769,-0.566353321,-0.708575785,-0.411813855,-0.617812753,1.63909602,-0.255433619,-0.801692247,-0.204124153,-0.22941573,0.941696584,-0.319262236,-0.635223389,-0.569651902,-0.347056448,-0.112508789,2.12538028,-0.625543237,-0.112508789,-0.12852402,-0.210680857,-0.086929135,-0.321633756,0.812250614,-0.32634443,-0.258198887,-0.232418686,-0.480384469,-0.269046575,-0.444527596,1.38169861,-0.454572886,-0.581199288,-0.217072383,1.45356131,-1.08075047,-0.323994398,0.321633756,-0.207424134,-0.235391095,-0.625543237,-0.533018887,1.39326108,-0.432369769,-0.411813855,-0.22941573,0.492174804,-0.484322101,0.654653668,-0.351561517,-0.151716515,-0.484322101,0.756114542,-0.422141254,0.810132504,-0.810132504,-5.06622791,5.06622791,0
1.47520924,3.33525825,0.919297576,1.0526886,0.0465121083,-0.708575785,-0.411813855,1.61861348,-0.610092342,-0.255433619,-0.801692247,-0.204124153,-0.22941573,0.941696584,-0.319262236,-0.635223389,-0.569651902,-0.347056448,-0.112508789,-0.470504045,-0.625543237,-0.112508789,-0.12852402,-0.210680857,-0.086929135,3.10912633,0.812250614,-0.32634443,-0.258198887,-0.232418686,-0.480384469,-0.269046575,-0.444527596,-0.723746836,-0.454572886,1.7205801,-0.217072383,-0.687965453,0.925282896,-0.323994398,-3.10912633,4.82103968,-0.235391095,-0.625543237,-0.533018887,-0.717740536,2.31283522,-0.411813855,-0.22941573,0.492174804,2.06474161,-1.52752519,-0.351561517,-0.151716515,-0.484322101,0.756114542,-0.422141254,0.810132504,-0.810132504,0.197385505,-0.197385505,0
-1.00484073,-0.243025079,0.028936727,1.0526886,-1.17921877,-0.708575785,-0.411813855,-0.617812753,-0.610092342,-0.255433619,1.24736142,-0.204124153,-0.22941573,0.941696584,-0.319262236,-0.635223389,-0.569651902,-0.347056448,-0.112508789,-0.470504045,1.59861052,-0.112508789,-0.12852402,-0.210680857,-0.086929135,-0.321633756,0.812250614,-0.32634443,-0.258198887,-0.232418686,-0.480384469,3.71682858,-0.444527596,-0.723746836,-0.454572886,-0.581199288,-0.217072383,1.45356131,-1.08075047,-0.323994398,-3.10912633,4.82103968,-0.235391095,1.59861052,-0.533018887,-0.717740536,-0.432369769,-0.411813855,-0.22941573,0.492174804,2.06474161,-1.52752519,-0.351561517,-0.151716515,-0.484322101,0.756114542,-0.422141254,0.810132504,-0.810132504,0.197385505,-0.197385505,0
-0.629798174,-0.498616755,0.919297576,1.0526886,-0.0410400964,1.0356108,-0.411813855,-0.617812753,-0.610092342,-0.255433619,1.24736142,-0.204124153,-0.22941573,-1.06191313,-0.319262236,1.57424927,-0.569651902,-0.347056448,-0.112508789,-0.470504045,1.59861052,-0.112508789,-0.12852402,-0.210680857,-0.086929135,-0.321633756,0.812250614,-0.32634443,-0.258198887,-0.232418686,-0.480384469,-0.269046575,-0.444527596,1.38169861,-0.454572886,-0.581199288,-0.217072383,-0.687965453,0.925282896,-0.323994398,0.321633756,-0.207424134,-0.235391095,-0.625543237,-0.533018887,-0.717740536,2.31283522,-0.411813855,-0.22941573,0.492174804,-0.484322101,-1.52752519,2.84445238,-0.151716515,-0.484322101,0.756114542,-0.422141254,-1.23436594,1.23436594,0.197385505,-0.197385505,1
1.55253017,-0.243025079,-1.75178492,1.0526886,1.35979521,-0.708575785,2.42828155,1.61861348,-0.610092342,-0.255433619,-0.801692247,-0.204124153,-0.22941573,0.941696584,-0.319262236,-0.635223389,-0.569651902,2.88137555,-0.112508789,-0.470504045,-0.625543237,-0.112508789,-0.12852402,-0.210680857,-0.086929135,-0.321633756,-1.23114717,-0.32634443,-0.258198887,-0.232418686,2.08166599,-0.269046575,-0.444527596,-0.723746836,-0.454572886,1.7205801,-0.217072383,-0.687965453,0.925282896,-0.323994398,0.321633756,-0.207424134,-0.235391095,-0.625543237,1.87610602,-0.717740536,-0.432369769,-0.411813855,-0.22941573,0.492174804,-0.484322101,-1.52752519,2.84445238,-0.151716515,-0.484322101,0.756114542,-0.422141254,-1.23436594,1.23436594,0.197385505,-0.197385505,0
-0.367485225,0.268158257,0.919297576,1.0526886,0.659377575,1.0356108,2.42828155,-0.617812753,-0.610092342,-0.255433619,1.24736142,-0.204124153,-0.22941573,-1.06191313,-0.319262236,1.57424927,-0.569651902,2.88137555,-0.112508789,-0.470504045,-0.625543237,-0.112508789,-0.12852402,-0.210680857,-0.086929135,-0.321633756,-1.23114717,-0.32634443,-0.258198887,-0.232418686,2.08166599,-0.269046575,-0.444527596,-0.723746836,2.19986725,-0.581199288,-0.217072383,-0.687965453,0.925282896,-0.323994398,0.321633756,-0.207424134,-0.235391095,-0.625543237,-0.533018887,1.39326108,-0.432369769,-0.411813855,-0.22941573,0.492174804,-0.484322101,0.654653668,-0.351561517,-0.151716515,-0.484322101,0.756114542,-0.422141254,-1.23436594,1.23436594,0.197385505,-0.197385505,1
-0.640276253,-0.243025079,0.919297576,1.0526886,-0.303696722,1.0356108,2.42828155,1.61861348,-0.610092342,-0.255433619,-0.801692247,-0.204124153,4.35889912,-1.06191313,-0.319262236,-0.635223389,1.755458,-0.347056448,-0.112508789,-0.470504045,-0.625543237,-0.112508789,-0.12852402,-0.210680857,-0.086929135,-0.321633756,0.812250614,-0.32634443,-0.258198887,-0.232418686,-0.480384469,-0.269046575,-0.444527596,-0.723746836,2.19986725,-0.581199288,-0.217072383,-0.687965453,0.925282896,-0.323994398,0.321633756,-0.207424134,-0.235391095,-0.625543237,-0.533018887,-0.717740536,2.31283522,-0.411813855,-0.22941573,0.492174804,-0.484322101,-1.52752519,2.84445238,-0.151716515,2.06474161,-1.32255089,-0.422141254,0.810132504,-0.810132504,0.197385505,-0.197385505,0
-0.83285588,1.29052496,0.919297576,1.0526886,0.0465121083,-0.708575785,-0.411813855,-0.617812753,-0.610092342,-0.255433619,1.24736142,-0.204124153,-0.22941573,0.941696584,-0.319262236,-0.635223389,1.755458,-0.347056448,-0.112508789,-0.470504045,-0.625543237,-0.112508789,-0.12852402,-0.210680857,-0.086929135,-0.321633756,-1.23114717,-0.32634443,3.87298346,-0.232418686,-0.480384469,-0.269046575,-0.444527596,-0.723746836,-0.454572886,1.7205801,-0.217072383,-0.687965453,0.925282896,-0.323994398,0.321633756,-0.207424134,-0.235391095,-0.625543237,1.87610602,-0.717740536,-0.432369769,-0.411813855,-0.22941573,0.492174804,-0.484322101,0.654653668,-0.351561517,-0.151716515,-0.484322101,0.756114542,-0.422141254,0.810132504,-0.810132504,0.197385505,-0.197385505,1
-0.460342556,-0.243025079,0.028936727,1.0526886,0.0465121083,-0.708575785,-0.411813855,1.61861348,-0.610092342,-0.255433619,-0.801692247,-0.204124153,4.35889912,-1.06191313,-0.319262236,-0.635223389,-0.569651902,-0.347056448,-0.112508789,-0.470504045,1.59861052,-0.112508789,-0.12852402,-0.210680857,-0.086929135,-0.321633756,0.812250614,-0.32634443,-0.258198887,-0.232418686,-0.480384469,-0.269046575,2.24957919,-0.723746836,-0.454572886,-0.581199288,-0.217072383,-0.687965453,0.925282896,-0.323994398,-3.10912633,4.82103968,-0.235391095,-0.625543237,-0.533018887,-0.717740536,2.31283522,2.42828155,-0.22941573,-2.0317986,-0.484322101,-1.52752519,2.84445238,-0.151716515,-0.484322101,-1.32255089,2.36887527,-1.23436594,1.23436594,0.197385505,-0.197385505,1
-0.377601981,-0.243025079,0.919297576,-0.782062769,-0.653905571,-0.708575785,-0.411813855,-0.617812753,-0.610092342,-0.255433619,1.24736142,-0.204124153,-0.22941573,-1.06191313,3.13222146,-0.635223389,-0.569651902,-0.347056448,-0.112508789,-0.470504045,-0.625543237,-0.112508789,-0.12852402,-0.210680857,-0.086929135,3.10912633,0.812250614,-0.32634443,-0.258198887,-0.232418686,-0.480384469,-0.269046575,-0.444527596,1.38169861,-0.454572886,-0.581199288,-0.217072383,-0.687965453,-1.08075047,3.08647299,0.321633756,-0.207424134,-0.235391095,-0.625543237,-0.533018887,1.39326108,-0.432369769,-0.411813855,-0.22941573,0.492174804,-0.484322101,0.654653668,-0.351561517,-0.151716515,-0.484322101,0.756114542,-0.422141254,-1.23436594,1.23436594,0.197385505,-0.197385505,0
1.85025179,1.29052496,0.028936727,1.0526886,1.00958633,-0.708575785,-0.411813855,1.61861348,-0.610092342,-0.255433619,-0.801692247,-0.204124153,-0.22941573,0.941696584,-0.319262236,-0.635223389,-0.569651902,2.88137555,-0.112508789,-0.470504045,-0.625543237,-0.112508789,-0.12852402,-0.210680857,-0.086929135,-0.321633756,-1.23114717,-0.32634443,-0.258198887,-0.232418686,2.08166599,-0.269046575,-0.444527596,-0.723746836,-0.454572886,1.7205801,-0.217072383,-0.687965453,0.925282896,-0.323994398,0.321633756,-0.207424134,-0.235391095,-0.625543237,-0.533018887,-0.717740536,2.31283522,-0.411813855,-0.22941573,0.492174804,-0.484322101,-1.52752519,2.84445238,-0.151716515,-0.484322101,0.756114542,-0.422141254,0.810132504,-0.810132504,0.197385505,-0.197385505,0
-0.52718538,0.268158257,0.919297576,1.0526886,1.97266066,-0.708575785,-0.411813855,1.61861348,-0.610092342,-0.255433619,-0.801692247,-0.204124153,-0.22941573,0.941696584,-0.319262236,-0.635223389,-0.569651902,-0.347056448,8.88819408,-0.470504045,-0.625543237,-0.112508789,-0.12852402,-0.210680857,-0.086929135,-0.321633756,0.812250614,-0.32634443,-0.258198887,-0.232418686,-0.480384469,-0.269046575,-0.444527596,-0.723746836,-0.454572886,1.7205801,-0.217072383,1.45356131,-1.08075047,-0.323994398,-3.10912633,-0.207424134,4.24824905,1.59861052,-0.533018887,-0.717740536,-0.432369769,-0.411813855,-0.22941573,0.492174804,-0.484322101,0.654653668,-0.351561517,-0.151716515,2.06474161,-1.32255089,-0.422141254,-1.23436594,1.23436594,0.197385505,-0.197385505,1
-0.510926366,-0.243025079,0.919297576,-0.782062769,-1.00411439,1.0356108,-0.411813855,-0.617812753,-0.610092342,-0.255433619,1.24736142,-0.204124153,-0.22941573,-1.06191313,-0.319262236,1.57424927,-0.569651902,-0.347056448,-0.112508789,-0.470504045,1.59861052,-0.112508789,-0.12852402,-0.210680857,-0.086929135,-0.321633756,0.812250614,-0.32634443,-0.258198887,-0.232418686,-0.480384469,-0.269046575,-0.444527596,1.38169861,-0.454572886,-0.581199288,-0.217072383,-0.687965453,0.925282896,-0.323994398,0.321633756,-0.207424134,-0.235391095,-0.625543237,-0.533018887,1.39326108,-0.432369769,-0.411813855,-0.22941573,0.492174804,-0.484322101,0.654653668,-0.351561517,-0.151716515,-0.484322101,0.756114542,-0.422141254,0.810132504,-0.810132504,0.197385505,-0.197385505,1
2.43738484,2.31289172,-1.75178492,-0.782062769,-0.82900995,-0.708575785,-0.411813855,-0.617812753,1.63909602,-0.255433619,-0.801692247,-0.204124153,-0.22941573,0.941696584,-0.319262236,-0.635223389,-0.569651902,-0.347056448,-0.112508789,2.12538028,-0.625543237,-0.112508789,-0.12852402,-0.210680857,-0.086929135,-0.321633756,0.812250614,-0.32634443,-0.258198887,-0.232418686,-0.480384469,-0.269046575,2.24957919,-0.723746836,-0.454572886,-0.581199288,-0.217072383,1.45356131,-1.08075047,-0.323994398,0.321633756,-0.207424134,-0.235391095,-0.625543237,-0.533018887,1.39326108,-0.432369769,-0.411813855,-0.22941573,0.492174804,-0.484322101,0.654653668,-0.351561517,-0.151716515,-0.484322101,0.756114542,-0.422141254,-1.23436594,1.23436594,0.197385505,-0.197385505,0
1.77726662,1.29052496,-1.75178492,-0.782062769,-0.478801131,-0.708575785,-0.411813855,-0.617812753,-0.610092342,-0.255433619,1.24736142,-0.204124153,-0.22941573,0.941696584,-0.319262236,-0.635223389,-0.569651902,2.88137555,-0.112508789,-0.470504045,-0.625543237,-0.112508789,-0.12852402,-0.210680857,-0.086929135,-0.321633756,0.812250614,-0.32634443,-0.258198887,-0.232418686,-0.480384469,-0.269046575,-0.444527596,1.38169861,-0.454572886,-0.581199288,-0.217072383,1.45356131,-1.08075047,-0.323994398,0.321633756,-0.207424134,-0.235391095,-0.625543237,1.87610602,-0.717740536,-0.432369769,2.42828155,-0.22941573,-2.0317986,-0.484322101,0.654653668,-0.351561517,-0.151716515,-0.484322101,0.756114542,-0.422141254,0.810132504,-0.810132504,0.197385505,-0.197385505,1
-0.893556416,-0.754208446,0.919297576,0.135312915,-1.17921877,-0.708575785,-0.411813855,1.61861348,-0.610092342,-0.255433619,-0.801692247,-0.204124153,-0.22941573,0.941696584,-0.319262236,-0.635223389,-0.569651902,-0.347056448,-0.112508789,-0.470504045,-0.625543237,8.88819408,-0.12852402,-0.210680857,-0.086929135,-0.321633756,-1.23114717,3.06424713,-0.258198887,-0.232418686,-0.480384469,3.71682858,-0.444527596,-0.723746836,-0.454572886,-0.581199288,-0.217072383,1.45356131,-1.08075047,-0.323994398,0.321633756,-0.207424134,-0.235391095,-0.625543237,1.87610602,-0.717740536,-0.432369769,-0.411813855,-0.22941573,0.492174804,-0.484322101,0.654653668,-0.351561517,-0.151716515,-0.484322101,0.756114542,-0.422141254,0.810132504,-0.810132504,0.197385505,-0.197385505,0
-0.782994747,-1.26539171,-0.861424148,1.0526886,1.27224302,-0.708575785,-0.411813855,-0.617812753,-0.610092342,3.91491127,-0.801692247,-0.204124153,-0.22941573,-1.06191313,-0.319262236,1.57424927,-0.569651902,-0.347056448,-0.112508789,-0.470504045,-0.625543237,-0.112508789,-0.12852402,4.74651575,-0.086929135,-0.321633756,0.812250614,-0.32634443,-0.258198887,-0.232418686,-0.480384469,-0.269046575,-0.444527596,1.38169861,-0.454572886,-0.581199288,-0.217072383,1.45356131,-1.08075047,-0.323994398,0.321633756,-0.207424134,-0.235391095,-0.625543237,1.87610602,-0.717740536,-0.432369769,-0.411813855,-0.22941573,0.492174804,-0.484322101,0.654653668,-0.351561517,-0.151716515,2.06474161,-1.32255089,-0.422141254,0.810132504,-0.810132504,0.197385505,-0.197385505,1
-0.437941194,-0.754208446,0.028936727,1.0526886,-0.478801131,-0.708575785,2.42828155,-0.617812753,1.63909602,-0.255433619,-0.801692247,-0.204124153,-0.22941573,0.941696584,-0.319262236,-0.635223389,1.755458,-0.347056448,-0.112508789,-0.470504045,-0.625543237,-0.112508789,-0.12852402,-0.210680857,-0.086929135,-0.321633756,0.812250614,-0.32634443,-0.258198887,-0.232418686,-0.480384469,-0.269046575,-0.444527596,-0.723746836,2.19986725,-0.581199288,-0.217072383,-0.687965453,0.925282896,-0.323994398,0.321633756,-0.207424134,-0.235391095,-0.625543237,1.87610602,-0.717740536,-0.432369769,-0.411813855,-0.22941573,0.492174804,2.06474161,-1.52752519,-0.351561517,-0.151716515,-0.484322101,0.756114542,-0.422141254,-1.23436594,1.23436594,0.197385505,-0.197385505,1
-0.2952227,0.268158257,0.028936727,-0.782062769,-0.0410400964,1.0356108,-0.411813855,-0.617812753,-0.610092342,-0.255433619,1.24736142,-0.204124153,-0.22941573,0.941696584,-0.319262236,-0.635223389,-0.569651902,-0.347056448,-0.112508789,-0.470504045,1.59861052,-0.112508789,-0.12852402,-0.210680857,-0.086929135,-0.321633756,-1.23114717,-0.32634443,3.87298346,-0.232418686,-0.480384469,-0.269046575,-0.444527596,-0.723746836,-0.454572886,1.7205801,-0.217072383,-0.687965453,0.925282896,-0.323994398,0.321633756,-0.207424134,-0.235391095,-0.625543237,-0.533018887,1.39326108,-0.432369769,2.42828155,-0.22941573,-2.0317986,-0.484322101,0.654653668,-0.351561517,-0.151716515,-0.484322101,0.756114542,-0.422141254,-1.23436594,1.23436594,0.197385505,-0.197385505,0
2.62418342,1.29052496,-0.861424148,1.0526886,0.571825325,1.0356108,-0.411813855,-0.617812753,-0.610092342,-0.255433619,1.24736142,-0.204124153,-0.22941573,-1.06191313,-0.319262236,1.57424927,-0.569651902,2.88137555,-0.112508789,-0.470504045,-0.625543237,-0.112508789,-0.12852402,-0.210680857,-0.086929135,-0.321633756,-1.23114717,-0.32634443,-0.258198887,-0.232418686,2.08166599,-0.269046575,-0.444527596,-0.723746836,-0.454572886,1.7205801,-0.217072383,-0.687965453,0.925282896,-0.323994398,0.321633756,-0.207424134,-0.235391095,-0.625543237,-0.533018887,-0.717740536,2.31283522,-0.411813855,-0.22941573,0.492174804,-0.484322101,-1.52752519,2.84445238,-0.151716515,-0.484322101,0.756114542,-0.422141254,0.810132504,-0.810132504,0.197385505,-0.197385505,1
-0.232715607,0.523749948,0.028936727,0.135312915,-1.26677096,-0.708575785,-0.411813855,-0.617812753,-0.610092342,-0.255433619,1.24736142,-0.204124153,-0.22941573,0.941696584,-0.319262236,-0.635223389,1.755458,-0.347056448,-0.112508789,-0.470504045,-0.625543237,-0.112508789,-0.12852402,-0.210680857,-0.086929135,-0.321633756,0.812250614,-0.32634443,-0.258198887,-0.232418686,-0.480384469,-0.269046575,-0.444527596,1.38169861,-0.454572886,-0.581199288,-0.217072383,1.45356131,-1.08075047,-0.323994398,0.321633756,-0.207424134,-0.235391095,1.59861052,-0.533018887,-0.717740536,-0.432369769,-0.411813855,-0.22941573,0.492174804,2.06474161,-1.52752519,-0.351561517,-0.151716515,-0.484322101,0.756114542,-0.422141254,0.810132504,-0.810132504,0.197385505,-0.197385505,0
-0.930410326,-0.754208446,0.919297576,-0.782062769,-0.478801131,-0.708575785,-0.411813855,-0.617812753,1.63909602,-0.255433619,-0.801692247,-0.204124153,-0.22941573,0.941696584,-0.319262236,-0.635223389,-0.569651902,-0.347056448,-0.112508789,-0.470504045,-0.625543237,-0.112508789,7.7806468,-0.210680857,-0.086929135,-0.321633756,0.812250614,-0.32634443,-0.258198887,-0.232418686,-0.480384469,-0.269046575,-0.444527596,1.38169861,-0.454572886,-0.581199288,-0.217072383,-0.687965453,0.925282896,-0.323994398,0.321633756,-0.207424134,-0.235391095,-0.625543237,-0.533018887,1.39326108,-0.432369769,-0.411813855,-0.22941573,0.492174804,-0.484322101,0.654653668,-0.351561517,-0.151716515,-0.484322101,0.756114542,-0.422141254,0.810132504,-0.810132504,0.197385505,-0.197385505,0
0.709949076,1.29052496,0.919297576,-0.782062769,-0.566353321,-0.708575785,-0.411813855,1.61861348,-0.610092342,-0.255433619,-0.801692247,-0.204124153,-0.22941573,0.941696584,-0.319262236,-0.635223389,-0.569651902,-0.347056448,-0.112508789,2.12538028,-0.625543237,-0.112508789,-0.12852402,-0.210680857,-0.086929135,-0.321633756,0.812250614,-0.32634443,-0.258198887,-0.232418686,-0.480384469,-0.269046575,-0.444527596,-0.723746836,2.19986725,-0.581199288,-0.217072383,-0.687965453,0.925282896,-0.323994398,0.321633756,-0.207424134,-0.235391095,-0.625543237,1.87610602,-0.717740536,-0.432369769,-0.411813855,-0.22941573,0.492174804,-0.484322101,0.654653668,-0.351561517,-0.151716515,-0.484322101,0.756114542,-0.422141254,0.810132504,-0.810132504,0.197385505,-0.197385505,0
0.988882422,2.31289172,-0.861424148,-0.782062769,-1.17921877,-0.708575785,-0.411813855,-0.617812753,1.63909602,-0.255433619,-0.801692247,-0.204124153,-0.22941573,0.941696584,-0.319262236,-0.635223389,-0.569651902,-0.347056448,-0.112508789,-0.470504045,1.59861052,-0.112508789,-0.12852402,-0.210680857,-0.086929135,-0.321633756,0.812250614,-0.32634443,-0.258198887,-0.232418686,-0.480384469,-0.269046575,-0.444527596,1.38169861,-0.454572886,-0.581199288,-0.217072383,1.45356131,-1.08075047,-0.323994398,0.321633756,-0.207424134,-0.235391095,1.59861052,-0.533018887,-0.717740536,-0.432369769,-0.411813855,-0.22941573,0.492174804,-0.484322101,0.654653668,-0.351561517,-0.151716515,-0.484322101,0.756114542,-0.422141254,0.810132504,-0.810132504,0.197385505,-0.197385505,0
-0.586079359,-0.754208446,0.028936727,-0.782062769,-0.0410400964,-0.708575785,-0.411813855,-0.617812753,-0.610092342,-0.255433619,1.24736142,-0.204124153,-0.22941573,-1.06191313,-0.319262236,1.57424927,-0.569651902,-0.347056448,-0.112508789,2.12538028,-0.625543237,-0.112508789,-0.12852402,-0.210680857,-0.086929135,-0.321633756,-1.23114717,-0.32634443,-0.258198887,4.30257988,-0.480384469,-0.269046575,-0.444527596,-0.723746836,2.19986725,-0.581199288,-0.217072383,1.45356131,-1.08075047,-0.323994398,0.321633756,-0.207424134,-0.235391095,-0.625543237,1.87610602,-0.717740536,-0.432369769,-0.411813855,-0.22941573,0.492174804,-0.484322101,0.654653668,-0.351561517,-0.151716515,-0.484322101,0.756114542,-0.422141254,0.810132504,-0.810132504,-5.06622791,5.06622791,1
-0.0596468449,-0.243025079,-1.75178492,-1.69943845,0.834481955,-0.708575785,-0.411813855,-0.617812753,-0.610092342,3.91491127,-0.801692247,-0.204124153,-0.22941573,0.941696584,-0.319262236,-0.635223389,-0.569651902,-0.347056448,-0.112508789,2.12538028,-0.625543237,-0.112508789,-0.12852402,-0.210680857,-0.086929135,-0.321633756,0.812250614,-0.32634443,-0.258198887,-0.232418686,-0.480384469,-0.269046575,2.24957919,-0.723746836,-0.454572886,-0.581199288,-0.217072383,1.45356131,-1.08075047,-0.323994398,0.321633756,-0.207424134,-0.235391095,-0.625543237,1.87610602,-0.717740536,-0.432369769,-0.411813855,4.35889912,-2.0317986,-0.484322101,0.654653668,-0.351561517,-0.151716515,2.06474161,-1.32255089,-0.422141254,0.810132504,-0.810132504,0.197385505,-0.197385505,1
-0.829604089,-1.00980008,0.919297576,-1.69943845,-0.478801131,-0.708575785,-0.411813855,-0.617812753,1.63909602,-0.255433619,-0.801692247,-0.204124153,-0.22941573,0.941696584,-0.319262236,-0.635223389,-0.569651902,-0.347056448,-0.112508789,2.12538028,-0.625543237,-0.112508789,-0.12852402,-0.210680857,-0.086929135,-0.321633756,0.812250614,-0.32634443,-0.258198887,-0.232418686,-0.480384469,-0.269046575,-0.444527596,1.38169861,-0.454572886,-0.581199288,-0.217072383,1.45356131,-1.08075047,-0.323994398,0.321633756,-0.207424134,-0.235391095,-0.625543237,1.87610602,-0.717740536,-0.432369769,-0.411813855,-0.22941573,0.492174804,-0.484322101,0.654653668,-0.351561517,-0.151716515,-0.484322101,0.756114542,-0.422141254,0.810132504,-0.810132504,0.197385505,-0.197385505,0
-0.714345336,-1.09499729,0.028936727,1.0526886,-1.00411439,-0.708575785,-0.411813855,-0.617812753,1.63909602,-0.255433619,-0.801692247,-0.204124153,-0.22941573,0.941696584,-0.319262236,-0.635223389,-0.569651902,-0.347056448,-0.112508789,2.12538028,-0.625543237,-0.112508789,-0.12852402,-0.210680857,-0.086929135,-0.321633756,0.812250614,-0.32634443,-0.258198887,-0.232418686,-0.480384469,-0.269046575,-0.444527596,1.38169861,-0.454572886,-0.581199288,-0.217072383,1.45356131,-1.08075047,-0.323994398,0.321633756,-0.207424134,-0.235391095,1.59861052,-0.533018887,-0.717740536,-0.432369769,-0.411813855,-0.22941573,0.492174804,-0.484322101,0.654653668,-0.351561517,-0.151716515,-0.484322101,0.756114542,-0.422141254,0.810132504,-0.810132504,0.197385505,-0.197385505,0
-0.424572617,-0.243025079,-1.75178492,1.0526886,-1.35432315,-0.708575785,-0.411813855,1.61861348,-0.610092342,-0.255433619,-0.801692247,-0.204124153,-0.22941573,0.941696584,-0.319262236,-0.635223389,-0.569651902,-0.347056448,-0.112508789,2.12538028,-0.625543237,-0.112508789,-0.12852402,-0.210680857,-0.086929135,-0.321633756,0.812250614,-0.32634443,-0.258198887,-0.232418686,-0.480384469,-0.269046575,-0.444527596,1.38169861,-0.454572886,-0.581199288,-0.217072383,1.45356131,-1.08075047,-0.323994398,0.321633756,-0.207424134,-0.235391095,1.59861052,-0.533018887,-0.717740536,-0.432369769,2.42828155,-0.22941573,-2.0317986,2.06474161,-1.52752519,-0.351561517,-0.151716515,-0.484322101,0.756114542,-0.422141254,0.810132504,-0.810132504,0.197385505,-0.197385505,0
-0.450587124,0.268158257,0.919297576,1.0526886,-1.35432315,-0.708575785,-0.411813855,-0.617812753,1.63909602,-0.255433619,-0.801692247,-0.204124153,-0.22941573,0.941696584,-0.319262236,-0.635223389,-0.569651902,-0.347056448,-0.112508789,-0.470504045,1.59861052,-0.112508789,-0.12852402,-0.210680857,-0.086929135,-0.321633756,0.812250614,-0.32634443,-0.258198887,-0.232418686,-0.480384469,-0.269046575,-0.444527596,-0.723746836,-0.454572886,1.7205801,-0.217072383,1.45356131,-1.08075047,-0.323994398,0.321633756,-0.207424134,-0.235391095,-0.625543237,-0.533018887,1.39326108,-0.432369769,-0.411813855,-0.22941573,0.492174804,-0.484322101,0.654653668,-0.351561517,-0.151716515,-0.484322101,0.756114542,-0.422141254,-1.23436594,1.23436594,0.197385505,-0.197385505,1
-0.885607541,-0.754208446,0.919297576,-1.69943845,-0.82900995,-0.708575785,-0.411813855,-0.617812753,-0.610092342,-0.255433619,1.24736142,-0.204124153,-0.22941573,0.941696584,-0.319262236,-0.635223389,-0.569651902,-0.347056448,-0.112508789,2.12538028,-0.625543237,-0.112508789,-0.12852402,-0.210680857,-0.086929135,-0.321633756,0.812250614,-0.32634443,-0.258198887,-0.232418686,-0.480384469,-0.269046575,-0.444527596,1.38169861,-0.454572886,-0.581199288,-0.217072383,1.45356131,-1.08075047,-0.323994398,0.321633756,-0.207424134,-0.235391095,1.59861052,-0.533018887,-0.717740536,-0.432369769,-0.411813855,-0.22941573,0.492174804,-0.484322101,0.654653668,-0.351561517,-0.151716515,-0.484322101,0.756114542,-0.422141254,-1.23436594,1.23436594,0.197385505,-0.197385505,1
1.89939034,-0.243025079,-1.75178492,-0.782062769,-1.09166658,1.0356108,-0.411813855,1.61861348,-0.610092342,-0.255433619,-0.801692247,-0.204124153,-0.22941573,-1.06191313,3.13222146,-0.635223389,-0.569651902,-0.347056448,-0.112508789,-0.470504045,-0.625543237,-0.112508789,-0.12852402,4.74651575,-0.086929135,-0.321633756,-1.23114717,-0.32634443,-0.258198887,-0.232418686,2.08166599,-0.269046575,-0.444527596,1.38169861,-0.454572886,-0.581199288,-0.217072383,1.45356131,-1.08075047,-0.323994398,0.321633756,-0.207424134,-0.235391095,-0.625543237,-0.533018887,1.39326108,-0.432369769,-0.411813855,-0.22941573,0.492174804,2.06474161,-1.52752519,-0.351561517,-0.151716515,-0.484322101,0.756114542,-0.422141254,-1.23436594,1.23436594,0.197385505,-0.197385505,1
3.42015529,0.0125665907,0.919297576,1.0526886,-0.478801131,-0.708575785,-0.411813855,-0.617812753,-0.610092342,-0.255433619,1.24736142,-0.204124153,-0.22941573,-1.06191313,-0.319262236,1.57424927,1.755458,-0.347056448,-0.112508789,-0.470504045,-0.625543237,-0.112508789,-0.12852402,-0.210680857,-0.086929135,-0.321633756,-1.23114717,-0.32634443,-0.258198887,-0.232418686,2.08166599,-0.269046575,-0.444527596,-0.723746836,-0.454572886,1.7205801,-0.217072383,-0.687965453,0.925282896,-0.323994398,0.321633756,-0.207424134,-0.235391095,-0.625543237,-0.533018887,-0.717740536,2.31283522,-0.411813855,-0.22941573,0.492174804,-0.484322101,-1.52752519,2.84445238,-0.151716515,-0.484322101,-1.32255089,2.36887527,-1.23436594,1.23436594,0.197385505,-0.197385505,0
-0.467930138,0.779341578,0.919297576,0.135312915,-0.478801131,1.0356108,-0.411813855,-0.617812753,1.63909602,-0.255433619,-0.801692247,-0.204124153,-0.22941573,-1.06191313,3.13222146,-0.635223389,-0.569651902,-0.347056448,-0.112508789,-0.470504045,1.59861052,-0.112508789,-0.12852402,-0.210680857,-0.086929135,-0.321633756,-1.23114717,3.06424713,-0.258198887,-0.232418686,-0.480384469,-0.269046575,2.24957919,-0.723746836,-0.454572886,-0.581199288,-0.217072383,-0.687965453,0.925282896,-0.323994398,0.321633756,-0.207424134,-0.235391095,-0.625543237,-0.533018887,-0.717740536,2.31283522,-0.411813855,4.35889912,-2.0317986,-0.484322101,0.654653668,-0.351561517,-0.151716515,-0.484322101,-1.32255089,2.36887527,0.810132504,-0.810132504,0.197385505,-0.197385505,0
0.0487469472,1.29052496,0.919297576,-0.782062769,-0.653905571,-0.708575785,-0.411813855,-0.617812753,-0.610092342,-0.255433619,1.24736142,-0.204124153,-0.22941573,0.941696584,-0.319262236,-0.635223389,-0.569651902,-0.347056448,-0.112508789,2.12538028,-0.625543237,-0.112508789,-0.12852402,-0.210680857,-0.086929135,-0.321633756,0.812250614,-0.32634443,-0.258198887,-0.232418686,-0.480384469,-0.269046575,-0.444527596,1.38169861,-0.454572886,-0.581199288,-0.217072383,1.45356131,-1.08075047,-0.323994398,0.321633756,-0.207424134,-0.235391095,-0.625543237,-0.533018887,1.39326108,-0.432369769,-0.411813855,-0.22941573,0.492174804,-0.484322101,0.654653668,-0.351561517,-0.151716515,-0.484322101,-1.32255089,2.36887527,-1.23436594,1.23436594,0.197385505,-0.197385505,0
0.146662667,1.29052496,-1.75178492,-0.782062769,0.134064317,-0.708575785,2.42828155,1.61861348,-0.610092342,-0.255433619,-0.801692247,-0.204124153,-0.22941573,0.941696584,-0.319262236,-0.635223389,-0.569651902,-0.347056448,-0.112508789,2.12538028,-0.625543237,-0.112508789,-0.12852402,-0.210680857,-0.086929135,-0.321633756,0.812250614,-0.32634443,-0.258198887,-0.232418686,-0.480384469,-0.269046575,-0.444527596,1.38169861,-0.454572886,-0.581199288,-0.217072383,-0.687965453,0.925282896,-0.323994398,-3.10912633,-0.207424134,4.24824905,-0.625543237,1.87610602,-0.717740536,-0.432369769,-0.411813855,-0.22941573,0.492174804,-0.484322101,0.654653668,-0.351561517,-0.151716515,-0.484322101,0.756114542,-0.422141254,0.810132504,-0.810132504,0.197385505,-0.197385505,1
-0.298113197,-0.243025079,0.919297576,-1.69943845,-0.74145776,-0.708575785,-0.411813855,1.61861348,-0.610092342,-0.255433619,-0.801692247,-0.204124153,-0.22941573,0.941696584,-0.319262236,-0.635223389,-0.569651902,-0.347056448,-0.112508789,-0.470504045,1.59861052,-0.112508789,-0.12852402,-0.210680857,-0.086929135,-0.321633756,0.812250614,-0.32634443,-0.258198887,-0.232418686,-0.480384469,-0.269046575,2.24957919,-0.723746836,-0.454572886,-0.581199288,-0.217072383,1.45356131,-1.08075047,-0.323994398,0.321633756,-0.207424134,-0.235391095,-0.625543237,-0.533018887,1.39326108,-0.432369769,-0.411813855,4.35889912,-2.0317986,-0.484322101,0.654653668,-0.351561517,-0.151716515,-0.484322101,0.756114542,-0.422141254,0.810132504,-0.810132504,0.197385505,-0.197385505,1
4.49433756,3.33525825,-0.861424148,1.0526886,-1.26677096,1.0356108,-0.411813855,-0.617812753,-0.610092342,-0.255433619,1.24736142,-0.204124153,-0.22941573,-1.06191313,3.13222146,-0.635223389,-0.569651902,-0.347056448,-0.112508789,-0.470504045,1.59861052,-0.112508789,-0.12852402,-0.210680857,-0.086929135,-0.321633756,0.812250614,-0.32634443,-0.258198887,-0.232418686,-0.480384469,-0.269046575,-0.444527596,-0.723746836,2.19986725,-0.581199288,-0.217072383,-0.687965453,0.925282896,-0.323994398,0.321633756,-0.207424134,-0.235391095,-0.625543237,-0.533018887,1.39326108,-0.432369769,-0.411813855,-0.22941573,0.492174804,-0.484322101,0.654653668,-0.351561517,-0.151716515,-0.484322101,0.756114542,-0.422141254,-1.23436594,1.23436594,0.197385505,-0.197385505,1
-0.586440682,0.0125665907,0.919297576,0.135312915,-0.128592297,1.0356108,-0.411813855,-0.617812753,-0.610092342,-0.255433619,1.24736142,-0.204124153,-0.22941573,-1.06191313,3.13222146,-0.635223389,-0.569651902,-0.347056448,-0.112508789,2.12538028,-0.625543237,-0.112508789,-0.12852402,-0.210680857,-0.086929135,-0.321633756,-1.23114717,3.06424713,-0.258198887,-0.232418686,-0.480384469,-0.269046575,-0.444527596,-0.723746836,2.19986725,-0.581199288,-0.217072383,-0.687965453,0.925282896,-0.323994398,0.321633756,-0.207424134,-0.235391095,1.59861052,-0.533018887,-0.717740536,-0.432369769,-0.411813855,-0.22941573,0.492174804,-0.484322101,0.654653668,-0.351561517,-0.151716515,-0.484322101,-1.32255089,2.36887527,0.810132504,-0.810132504,0.197385505,-0.197385505,1
-0.169124573,1.29052496,0.919297576,1.0526886,-0.391248912,-0.708575785,-0.411813855,1.61861348,-0.610092342,-0.255433619,-0.801692247,-0.204124153,4.35889912,-1.06191313,-0.319262236,-0.635223389,-0.569651902,-0.347056448,-0.112508789,2.12538028,-0.625543237,-0.112508789,-0.12852402,-0.210680857,-0.086929135,-0.321633756,0.812250614,-0.32634443,-0.258198887,-0.232418686,-0.480384469,-0.269046575,-0.444527596,-0.723746836,-0.454572886,1.7205801,-0.217072383,-0.687965453,0.925282896,-0.323994398,0.321633756,-0.207424134,-0.235391095,-0.625543237,-0.533018887,1.39326108,-0.432369769,2.42828155,-0.22941573,-2.0317986,-0.484322101,0.654653668,-0.351561517,-0.151716515,-0.484322101,0.756114542,-0.422141254,0.810132504,-0.810132504,0.197385505,-0.197385505,0
-0.323043764,-0.243025079,-0.861424148,0.135312915,-0.128592297,1.0356108,-0.411813855,-0.617812753,-0.610092342,-0.255433619,1.24736142,-0.204124153,-0.22941573,-1.06191313,3.13222146,-0.635223389,-0.569651902,-0.347056448,-0.112508789,-0.470504045,1.59861052,-0.112508789,-0.12852402,-0.210680857,-0.086929135,-0.321633756,0.812250614,-0.32634443,-0.258198887,-0.232418686,-0.480384469,3.71682858,-0.444527596,-0.723746836,-0.454572886,-0.581199288,-0.217072383,-0.687965453,-1.08075047,3.08647299,0.321633756,-0.207424134,-0.235391095,1.59861052,-0.533018887,-0.717740536,-0.432369769,-0.411813855,-0.22941573,0.492174804,-0.484322101,0.654653668,-0.351561517,-0.151716515,-0.484322101,0.756114542,-0.422141254,0.810132504,-0.810132504,0.197385505,-0.197385505,1
-0.759148121,-0.243025079,0.919297576,1.0526886,-0.82900995,-0.708575785,2.42828155,-0.617812753,1.63909602,-0.255433619,-0.801692247,-0.204124153,-0.22941573,0.941696584,-0.319262236,-0.635223389,-0.569651902,-0.347056448,-0.112508789,-0.470504045,1.59861052,-0.112508789,-0.12852402,-0.210680857,-0.086929135,-0.321633756,0.812250614,-0.32634443,-0.258198887,-0.232418686,-0.480384469,-0.269046575,-0.444527596,1.38169861,-0.454572886,-0.581199288,-0.217072383,1.45356131,-1.08075047,-0.323994398,-3.10912633,-0.207424134,4.24824905,1.59861052,-0.533018887,-0.717740536,-0.432369769,-0.411813855,-0.22941573,0.492174804,-0.484322101,0.654653668,-0.351561517,-0.151716515,2.06474161,-1.32255089,-0.422141254,0.810132504,-0.810132504,0.197385505,-0.197385505,1
0.0422433205,-0.754208446,-0.861424148,1.0526886,0.571825325,-0.708575785,-0.411813855,-0.617812753,-0.610092342,-0.255433619,1.24736142,-0.204124153,-0.22941573,-1.06191313,-0.319262236,1.57424927,-0.569651902,-0.347056448,-0.112508789,2.12538028,-0.625543237,-0.112508789,-0.12852402,-0.210680857,-0.086929135,-0.321633756,0.812250614,-0.32634443,-0.258198887,-0.232418686,-0.480384469,-0.269046575,-0.444527596,-0.723746836,-0.454572886,1.7205801,-0.217072383,-0.687965453,0.925282896,-0.323994398,0.321633756,-0.207424134,-0.235391095,-0.625543237,1.87610602,-0.717740536,-0.432369769,-0.411813855,4.35889912,-2.0317986,-0.484322101,0.654653668,-0.351561517,-0.151716515,-0.484322101,0.756114542,-0.422141254,0.810132504,-0.810132504,0.197385505,-0.197385505,1
0.0650060177,1.80170822,0.919297576,1.0526886,2.58552623,1.0356108,-0.411813855,1.61861348,-0.610092342,-0.255433619,-0.801692247,-0.204124153,-0.22941573,-1.06191313,-0.319262236,1.57424927,-0.569651902,-0.347056448,-0.112508789,-0.470504045,-0.625543237,-0.112508789,7.7806468,-0.210680857,-0.086929135,-0.321633756,0.812250614,-0.32634443,-0.258198887,-0.232418686,-0.480384469,3.71682858,-0.444527596,-0.723746836,-0.454572886,-0.581199288,-0.217072383,-0.687965453,0.925282896,-0.323994398,-3.10912633,4.82103968,-0.235391095,-0.625543237,-0.533018887,1.39326108,-0.432369769,-0.411813855,-0.22941573,0.492174804,-0.484322101,0.654653668,-0.351561517,6.59123993,-0.484322101,-1.32255089,-0.422141254,0.810132504,-0.810132504,0.197385505,-0.197385505,1
0.385129005,0.779341578,0.919297576,1.0526886,-0.82900995,1.0356108,-0.411813855,-0.617812753,1.63909602,-0.255433619,-0.801692247,4.89897966,-0.22941573,-1.06191313,-0.319262236,-0.635223389,-0.569651902,-0.347056448,-0.112508789,-0.470504045,-0.625543237,-0.112508789,-0.12852402,-0.210680857,-0.086929135,3.10912633,-1.23114717,3.06424713,-0.258198887,-0.232418686,-0.480384469,-0.269046575,-0.444527596,1.38169861,-0.454572886,-0.581199288,-0.217072383,1.45356131,-1.08075047,-0.323994398,0.321633756,-0.207424134,-0.235391095,-0.625543237,-0.533018887,1.39326108,-0.432369769,-0.411813855,-0.22941573,0.492174804,2.06474161,-1.52752519,-0.351561517,-0.151716515,2.06474161,-1.32255089,-0.422141254,0.810132504,-0.810132504,0.197385505,-0.197385505,0
-0.674962282,-1.26539171,-0.861424148,1.0526886,0.571825325,-0.708575785,2.42828155,-0.617812753,-0.610092342,-0.255433619,1.24736142,-0.204124153,-0.22941573,0.941696584,-0.319262236,-0.635223389,-0.569651902,-0.347056448,-0.112508789,-0.470504045,1.59861052,-0.112508789,-0.12852402,-0.210680857,-0.086929135,-0.321633756,-1.23114717,3.06424713,-0.258198887,-0.232418686,-0.480384469,-0.269046575,-0.444527596,-0.723746836,-0.454572886,1.7205801,-0.217072383,-0.687965453,0.925282896,-0.323994398,0.321633756,-0.207424134,-0.235391095,-0.625543237,-0.533018887,-0.717740536,2.31283522,2.42828155,-0.22941573,-2.0317986,-0.484322101,-1.52752519,2.84445238,-0.151716515,-0.484322101,0.756114542,-0.422141254,-1.23436594,1.23436594,0.197385505,-0.197385505,1
0.492077559,2.05729985,0.028936727,1.0526886,-0.74145776,-0.708575785,-0.411813855,-0.617812753,1.63909602,-0.255433619,-0.801692247,-0.204124153,-0.22941573,-1.06191313,-0.319262236,1.57424927,-0.569651902,2.88137555,-0.112508789,-0.470504045,-0.625543237,-0.112508789,-0.12852402,-0.210680857,-0.086929135,-0.321633756,-1.23114717,3.06424713,-0.258198887,-0.232418686,-0.480384469,3.71682858,-0.444527596,-0.723746836,-0.454572886,-0.581199288,-0.217072383,-0.687965453,0.925282896,-0.323994398,0.321633756,-0.207424134,-0.235391095,-0.625543237,-0.533018887,1.39326108,-0.432369769,-0.411813855,-0.22941573,0.492174804,-0.484322101,0.654653668,-0.351561517,-0.151716515,-0.484322101,0.756114542,-0.422141254,0.810132504,-0.810132504,0.197385505,-0.197385505,1
-0.338218898,-0.243025079,0.028936727,0.135312915,-0.653905571,1.0356108,-0.411813855,-0.617812753,1.63909602,-0.255433619,-0.801692247,4.89897966,-0.22941573,-1.06191313,-0.319262236,-0.635223389,1.755458,-0.347056448,-0.112508789,-0.470504045,-0.625543237,-0.112508789,-0.12852402,-0.210680857,-0.086929135,-0.321633756,-1.23114717,3.06424713,-0.258198887,-0.232418686,-0.480384469,-0.269046575,2.24957919,-0.723746836,-0.454572886,-0.581199288,-0.217072383,1.45356131,-1.08075047,-0.323994398,0.321633756,-0.207424134,-0.235391095,-0.625543237,-0.533018887,1.39326108,-0.432369769,-0.411813855,-0.22941573,0.492174804,-0.484322101,0.654653668,-0.351561517,-0.151716515,-0.484322101,0.756114542,-0.422141254,0.810132504,-0.810132504,0.197385505,-0.197385505,0
-0.675323606,-0.243025079,0.919297576,0.135312915,-0.82900995,-0.708575785,-0.411813855,1.61861348,-0.610092342,-0.255433619,-0.801692247,-0.204124153,-0.22941573,0.941696584,-0.319262236,-0.635223389,-0.569651902,-0.347056448,-0.112508789,-0.470504045,1.59861052,-0.112508789,-0.12852402,-0.210680857,-0.086929135,-0.321633756,0.812250614,-0.32634443,-0.258198887,-0.232418686,-0.480384469,-0.269046575,-0.444527596,1.38169861,-0.454572886,-0.581199288,-0.217072383,-0.687965453,-1.08075047,3.08647299,0.321633756,-0.207424134,-0.235391095,1.59861052,-0.533018887,-0.717740536,-0.432369769,2.42828155,-0.22941573,-2.0317986,-0.484322101,0.654653668,-0.351561517,-0.151716515,-0.484322101,0.756114542,-0.422141254,0.810132504,-0.810132504,0.197385505,-0.197385505,0
-0.825268328,-0.754208446,0.919297576,1.0526886,2.58552623,4.52398396,-0.411813855,-0.617812753,-0.610092342,-0.255433619,1.24736142,-0.204124153,-0.22941573,-1.06191313,-0.319262236,1.57424927,-0.569651902,-0.347056448,-0.112508789,-0.470504045,1.59861052,-0.112508789,-0.12852402,-0.210680857,-0.086929135,-0.321633756,-1.23114717,-0.32634443,-0.258198887,-0.232418686,2.08166599,-0.269046575,-0.444527596,-0.723746836,-0.454572886,1.7205801,-0.217072383,-0.687965453,0.925282896,-0.323994398,0.321633756,-0.207424134,-0.235391095,1.59861052,-0.533018887,-0.717740536,-0.432369769,-0.411813855,-0.22941573,0.492174804,-0.484322101,0.654653668,-0.351561517,-0.151716515,-0.484322101,0.756114542,-0.422141254,0.810132504,-0.810132504,0.197385505,-0.197385505,1
-0.822016537,-0.754208446,0.919297576,-0.782062769,-0.653905571,2.77979732,-0.411813855,-0.617812753,-0.610092342,3.91491127,-0.801692247,-0.204124153,-0.22941573,-1.06191313,-0.319262236,1.57424927,1.755458,-0.347056448,-0.112508789,-0.470504045,-0.625543237,-0.112508789,-0.12852402,-0.210680857,-0.086929135,-0.321633756,-1.23114717,-0.32634443,3.87298346,-0.232418686,-0.480384469,-0.269046575,-0.444527596,-0.723746836,2.19986725,-0.581199288,-0.217072383,-0.687965453,-1.08075047,3.08647299,0.321633756,-0.207424134,-0.235391095,1.59861052,-0.533018887,-0.717740536,-0.432369769,-0.411813855,-0.22941573,0.492174804,-0.484322101,0.654653668,-0.351561517,-0.151716515,-0.484322101,0.756114542,-0.422141254,-1.23436594,1.23436594,0.197385505,-0.197385505,0
-0.271737367,-0.243025079,-0.861424148,-0.782062769,-1.17921877,-0.708575785,-0.411813855,1.61861348,-0.610092342,-0.255433619,-0.801692247,-0.204124153,-0.22941573,0.941696584,-0.319262236,-0.635223389,-0.569651902,-0.347056448,-0.112508789,2.12538028,-0.625543237,-0.112508789,-0.12852402,-0.210680857,-0.086929135,-0.321633756,0.812250614,-0.32634443,-0.258198887,-0.232418686,-0.480384469,-0.269046575,-0.444527596,1.38169861,-0.454572886,-0.581199288,-0.217072383,-0.687965453,0.925282896,-0.323994398,0.321633756,-0.207424134,-0.235391095,-0.625543237,-0.533018887,1.39326108,-0.432369769,-0.411813855,-0.22941573,0.492174804,-0.484322101,0.654653668,-0.351561517,-0.151716515,-0.484322101,0.756114542,-0.422141254,0.810132504,-0.810132504,0.197385505,-0.197385505,0
-0.607758105,-0.498616755,0.919297576,0.135312915,-0.391248912,-0.708575785,-0.411813855,-0.617812753,-0.610092342,-0.255433619,1.24736142,-0.204124153,-0.22941573,-1.06191313,-0.319262236,1.57424927,-0.569651902,-0.347056448,-0.112508789,-0.470504045,-0.625543237,-0.112508789,-0.12852402,4.74651575,-0.086929135,-0.321633756,-1.23114717,3.06424713,-0.258198887,-0.232418686,-0.480384469,-0.269046575,-0.444527596,1.38169861,-0.454572886,-0.581199288,-0.217072383,1.45356131,-1.08075047,-0.323994398,0.321633756,-0.207424134,-0.235391095,-0.625543237,-0.533018887,1.39326108,-0.432369769,-0.411813855,-0.22941573,0.492174804,-0.484322101,0.654653668,-0.351561517,-0.151716515,-0.484322101,0.756114542,-0.422141254,0.810132504,-0.810132504,0.197385505,-0.197385505,1
0.269147664,-0.498616755,0.028936727,-0.782062769,-0.566353321,-0.708575785,-0.411813855,1.61861348,-0.610092342,-0.255433619,-0.801692247,-0.204124153,-0.22941573,0.941696584,-0.319262236,-0.635223389,1.755458,-0.347056448,-0.112508789,-0.470504045,-0.625543237,-0.112508789,-0.12852402,-0.210680857,-0.086929135,-0.321633756,0.812250614,-0.32634443,-0.258198887,-0.232418686,-0.480384469,-0.269046575,-0.444527596,1.38169861,-0.454572886,-0.581199288,-0.217072383,1.45356131,-1.08075047,-0.323994398,0.321633756,-0.207424134,-0.235391095,-0.625543237,1.87610602,-0.717740536,-0.432369769,-0.411813855,-0.22941573,0.492174804,-0.484322101,0.654653668,-0.351561517,-0.151716515,-0.484322101,0.756114542,-0.422141254,-1.23436594,1.23436594,0.197385505,-0.197385505,0
1.11100614,1.80170822,-0.861424148,-1.69943845,-0.216144517,1.0356108,-0.411813855,-0.617812753,-0.610092342,3.91491127,-0.801692247,4.89897966,-0.22941573,-1.06191313,-0.319262236,-0.635223389,-0.569651902,-0.347056448,-0.112508789,-0.470504045,-0.625543237,-0.112508789,-0.12852402,-0.210680857,-0.086929135,3.10912633,0.812250614,-0.32634443,-0.258198887,-0.232418686,-0.480384469,-0.269046575,2.24957919,-0.723746836,-0.454572886,-0.581199288,4.60675812,-0.687965453,-1.08075047,-0.323994398,0.321633756,-0.207424134,-0.235391095,-0.625543237,1.87610602,-0.717740536,-0.432369769,-0.411813855,-0.22941573,0.492174804,-0.484322101,0.654653668,-0.351561517,-0.151716515,-0.484322101,0.756114542,-0.422141254,0.810132504,-0.810132504,0.197385505,-0.197385505,1
0.34357807,-0.243025079,-0.861424148,-0.782062769,0.0465121083,1.0356108,2.42828155,-0.617812753,-0.610092342,-0.255433619,1.24736142,4.89897966,-0.22941573,-1.06191313,-0.319262236,-0.635223389,-0.569651902,-0.347056448,-0.112508789,-0.470504045,-0.625543237,-0.112508789,-0.12852402,-0.210680857,-0.086929135,3.10912633,0.812250614,-0.32634443,-0.258198887,-0.232418686,-0.480384469,-0.269046575,-0.444527596,1.38169861,-0.454572886,-0.581199288,-0.217072383,-0.687965453,0.925282896,-0.323994398,0.321633756,-0.207424134,-0.235391095,-0.625543237,-0.533018887,1.39326108,-0.432369769,-0.411813855,4.35889912,-2.0317986,-0.484322101,0.654653668,-0.351561517,-0.151716515,-0.484322101,0.756114542,-0.422141254,0.810132504,-0.810132504,0.197385505,-0.197385505,0
1.21181238,0.268158257,-0.861424148,-0.782062769,-1.26677096,-0.708575785,-0.411813855,1.61861348,-0.610092342,-0.255433619,-0.801692247,-0.204124153,-0.22941573,0.941696584,-0.319262236,-0.635223389,-0.569651902,-0.347056448,-0.112508789,-0.470504045,-0.625543237,-0.112508789,-0.12852402,-0.210680857,-0.086929135,3.10912633,0.812250614,-0.32634443,-0.258198887,-0.232418686,-0.480384469,-0.269046575,-0.444527596,1.38169861,-0.454572886,-0.581199288,-0.217072383,-0.687965453,-1.08075047,3.08647299,0.321633756,-0.207424134,-0.235391095,-0.625543237,-0.533018887,1.39326108,-0.432369769,-0.411813855,4.35889912,-2.0317986,-0.484322101,0.654653668,-0.351561517,-0.151716515,2.06474161,-1.32255089,-0.422141254,0.810132504,-0.810132504,0.197385505,-0.197385505,1
-0.480576068,-0.754208446,0.919297576,1.0526886,0.309168726,-0.708575785,-0.411813855,-0.617812753,-0.610092342,-0.255433619,1.24736142,-0.204124153,-0.22941573,0.941696584,-0.319262236,-0.635223389,1.755458,-0.347056448,-0.112508789,-0.470504045,-0.625543237,-0.112508789,-0.12852402,-0.210680857,-0.086929135,-0.321633756,0.812250614,-0.32634443,-0.258198887,-0.232418686,-0.480384469,-0.269046575,-0.444527596,-0.723746836,-0.454572886,1.7205801,-0.217072383,-0.687965453,0.925282896,-0.323994398,0.321633756,-0.207424134,-0.235391095,-0.625543237,-0.533018887,1.39326108,-0.432369769,-0.411813855,-0.22941573,0.492174804,-0.484322101,0.654653668,-0.351561517,-0.151716515,-0.484322101,-1.32255089,2.36887527,-1.23436594,1.23436594,0.197385505,-0.197385505,1
1.32707107,1.29052496,0.919297576,0.135312915,-0.566353321,-0.708575785,-0.411813855,1.61861348,-0.610092342,-0.255433619,-0.801692247,-0.204124153,-0.22941573,-1.06191313,3.13222146,-0.635223389,-0.569651902,-0.347056448,-0.112508789,-0.470504045,-0.625543237,-0.112508789,-0.12852402,4.74651575,-0.086929135,-0.321633756,0.812250614,-0.32634443,-0.258198887,-0.232418686,-0.480384469,-0.269046575,-0.444527596,1.38169861,-0.454572886,-0.581199288,-0.217072383,-0.687965453,0.925282896,-0.323994398,0.321633756,-0.207424134,-0.235391095,-0.625543237,1.87610602,-0.717740536,-0.432369769,-0.411813855,4.35889912,-2.0317986,-0.484322101,0.654653668,-0.351561517,-0.151716515,-0.484322101,0.756114542,-0.422141254,-1.23436594,1.23436594,0.197385505,-0.197385505,0
-0.362065524,-0.0726306289,0.919297576,1.0526886,0.309168726,-0.708575785,-0.411813855,1.61861348,-0.610092342,-0.255433619,-0.801692247,-0.204124153,-0.22941573,0.941696584,-0.319262236,-0.635223389,-0.569651902,-0.347056448,-0.112508789,2.12538028,-0.625543237,-0.112508789,-0.12852402,-0.210680857,-0.086929135,-0.321633756,-1.23114717,-0.32634443,-0.258198887,-0.232418686,2.08166599,-0.269046575,-0.444527596,-0.723746836,2.19986725,-0.581199288,-0.217072383,-0.687965453,0.925282896,-0.323994398,0.321633756,-0.207424134,-0.235391095,-0.625543237,-0.533018887,1.39326108,-0.432369769,-0.411813855,-0.22941573,0.492174804,-0.484322101,0.654653668,-0.351561517,-0.151716515,-0.484322101,0.756114542,-0.422141254,-1.23436594,1.23436594,0.197385505,-0.197385505,1
0.0722322688,0.0125665907,-0.861424148,-1.69943845,-0.82900995,1.0356108,-0.411813855,1.61861348,-0.610092342,-0.255433619,-0.801692247,-0.204124153,-0.22941573,-1.06191313,3.13222146,-0.635223389,-0.569651902,-0.347056448,-0.112508789,-0.470504045,-0.625543237,-0.112508789,-0.12852402,4.74651575,-0.086929135,-0.321633756,0.812250614,-0.32634443,-0.258198887,-0.232418686,-0.480384469,-0.269046575,2.24957919,-0.723746836,-0.454572886,-0.581199288,-0.217072383,-0.687965453,0.925282896,-0.323994398,0.321633756,-0.207424134,-0.235391095,-0.625543237,1.87610602,-0.717740536,-0.432369769,-0.411813855,-0.22941573,0.492174804,-0.484322101,0.654653668,-0.351561517,-0.151716515,-0.484322101,0.756114542,-0.422141254,0.810132504,-0.810132504,0.197385505,-0.197385505,0
-0.687608242,0.268158257,0.919297576,0.135312915,-0.82900995,-0.708575785,-0.411813855,-0.617812753,-0.610092342,-0.255433619,1.24736142,-0.204124153,-0.22941573,0.941696584,-0.319262236,-0.635223389,-0.569651902,-0.347056448,-0.112508789,-0.470504045,1.59861052,-0.112508789,-0.12852402,-0.210680857,-0.086929135,-0.321633756,-1.23114717,3.06424713,-0.258198887,-0.232418686,-0.480384469,-0.269046575,-0.444527596,-0.723746836,2.19986725,-0.581199288,-0.217072383,-0.687965453,-1.08075047,3.08647299,0.321633756,-0.207424134,-0.235391095,-0.625543237,1.87610602,-0.717740536,-0.432369769,-0.411813855,-0.22941573,0.492174804,-0.484322101,0.654653668,-0.351561517,-0.151716515,-0.484322101,0.756114542,-0.422141254,-1.23436594,1.23436594,0.197385505,-0.197385505,1
-0.199474841,-0.243025079,0.919297576,0.135312915,-0.303696722,-0.708575785,-0.411813855,-0.617812753,-0.610092342,-0.255433619,1.24736142,-0.204124153,-0.22941573,0.941696584,-0.319262236,-0.635223389,1.755458,-0.347056448,-0.112508789,-0.470504045,-0.625543237,-0.112508789,-0.12852402,-0.210680857,-0.086929135,-0.321633756,-1.23114717,-0.32634443,-0.258198887,-0.232418686,2.08166599,-0.269046575,-0.444527596,-0.723746836,2.19986725,-0.581199288,-0.217072383,-0.687965453,0.925282896,-0.323994398,0.321633756,-0.207424134,-0.235391095,-0.625543237,1.87610602,-0.717740536,-0.432369769,-0.411813855,-0.22941573,0.492174804,-0.484322101,0.654653668,-0.351561517,-0.151716515,-0.484322101,0.756114542,-0.422141254,0.810132504,-0.810132504,-5.06622791,5.06622791,1
-0.780826867,-0.498616755,0.919297576,-0.782062769,-0.74145776,-0.708575785,-0.411813855,1.61861348,-0.610092342,-0.255433619,-0.801692247,-0.204124153,-0.22941573,0.941696584,-0.319262236,-0.635223389,-0.569651902,-0.347056448,-0.112508789,-0.470504045,1.59861052,-0.112508789,-0.12852402,-0.210680857,-0.086929135,-0.321633756,0.812250614,-0.32634443,-0.258198887,-0.232418686,-0.480384469,-0.269046575,2.24957919,-0.723746836,-0.454572886,-0.581199288,-0.217072383,-0.687965453,-1.08075047,3.08647299,0.321633756,-0.207424134,-0.235391095,1.59861052,-0.533018887,-0.717740536,-0.432369769,-0.411813855,-0.22941573,0.492174804,-0.484322101,0.654653668,-0.351561517,-0.151716515,-0.484322101,0.756114542,-0.422141254,0.810132504,-0.810132504,-5.06622791,5.06622791,1
-0.925713241,-0.754208446,0.919297576,1.0526886,-1.00411439,-0.708575785,-0.411813855,1.61861348,-0.610092342,-0.255433619,-0.801692247,-0.204124153,-0.22941573,0.941696584,-0.319262236,-0.635223389,-0.569651902,-0.347056448,-0.112508789,2.12538028,-0.625543237,-0.112508789,-0.12852402,-0.210680857,-0.086929135,-0.321633756,0.812250614,-0.32634443,-0.258198887,-0.232418686,-0.480384469,-0.269046575,-0.444527596,-0.723746836,-0.454572886,1.7205801,-0.217072383,1.45356131,-1.08075047,-0.323994398,0.321633756,-0.207424134,-0.235391095,-0.625543237,1.87610602,-0.717740536,-0.432369769,-0.411813855,-0.22941573,0.492174804,2.06474161,-1.52752519,-0.351561517,-0.151716515,-0.484322101,0.756114542,-0.422141254,0.810132504,-0.810132504,0.197385505,-0.197385505,1
-0.879103899,-0.924602866,0.919297576,1.0526886,2.41042161,1.0356108,-0.411813855,-0.617812753,-0.610092342,3.91491127,-0.801692247,-0.204124153,-0.22941573,-1.06191313,-0.319262236,1.57424927,1.755458,-0.347056448,-0.112508789,-0.470504045,-0.625543237,-0.112508789,-0.12852402,-0.210680857,-0.086929135,-0.321633756,0.812250614,-0.32634443,-0.258198887,-0.232418686,-0.480384469,-0.269046575,-0.444527596,-0.723746836,-0.454572886,1.7205801,-0.217072383,-0.687965453,0.925282896,-0.323994398,0.321633756,-0.207424134,-0.235391095,-0.625543237,-0.533018887,-0.717740536,2.31283522,-0.411813855,-0.22941573,0.492174804,-0.484322101,-1.52752519,2.84445238,-0.151716515,-0.484322101,0.756114542,-0.422141254,-1.23436594,1.23436594,0.197385505,-0.197385505,1
-0.1756282,-0.498616755,0.919297576,-0.782062769,-0.0410400964,2.77979732,-0.411813855,-0.617812753,1.63909602,-0.255433619,-0.801692247,-0.204124153,-0.22941573,-1.06191313,-0.319262236,1.57424927,-0.569651902,-0.347056448,-0.112508789,-0.470504045,1.59861052,-0.112508789,-0.12852402,-0.210680857,-0.086929135,-0.321633756,-1.23114717,-0.32634443,-0.258198887,-0.232418686,2.08166599,-0.269046575,-0.444527596,-0.723746836,2.19986725,-0.581199288,-0.217072383,-0.687965453,0.925282896,-0.323994398,-3.10912633,-0.207424134,4.24824905,1.59861052,-0.533018887,-0.717740536,-0.432369769,2.42828155,-0.22941573,-2.0317986,-0.484322101,0.654653668,-0.351561517,-0.151716515,-0.484322101,0.756114542,-0.422141254,-1.23436594,1.23436594,0.197385505,-0.197385505,1
0.99394083,0.523749948,-1.75178492,-0.782062769,-0.478801131,1.0356108,-0.411813855,-0.617812753,1.63909602,-0.255433619,-0.801692247,-0.204124153,-0.22941573,-1.06191313,3.13222146,-0.635223389,-0.569651902,2.88137555,-0.112508789,-0.470504045,-0.625543237,-0.112508789,-0.12852402,-0.210680857,-0.086929135,-0.321633756,0.812250614,-0.32634443,-0.258198887,-0.232418686,-0.480384469,-0.269046575,-0.444527596,-0.723746836,-0.454572886,1.7205801,-0.217072383,-0.687965453,0.925282896,-0.323994398,0.321633756,-0.207424134,-0.235391095,-0.625543237,-0.533018887,1.39326108,-0.432369769,-0.411813855,-0.22941573,0.492174804,-0.484322101,0.654653668,-0.351561517,-0.151716515,-0.484322101,-1.32255089,2.36887527,-1.23436594,1.23436594,0.197385505,-0.197385505,1
-0.221876219,-0.243025079,0.919297576,1.0526886,2.58552623,1.0356108,-0.411813855,1.61861348,-0.610092342,-0.255433619,-0.801692247,-0.204124153,-0.22941573,0.941696584,-0.319262236,-0.635223389,-0.569651902,-0.347056448,-0.112508789,-0.470504045,1.59861052,-0.112508789,-0.12852402,-0.210680857,-0.086929135,-0.321633756,0.812250614,-0.32634443,-0.258198887,-0.232418686,-0.480384469,-0.269046575,-0.444527596,1.38169861,-0.454572886,-0.581199288,-0.217072383,-0.687965453,0.925282896,-0.323994398,0.321633756,-0.207424134,-0.235391095,-0.625543237,-0.533018887,-0.717740536,2.31283522,-0.411813855,-0.22941573,0.492174804,-0.484322101,-1.52752519,2.84445238,-0.151716515,-0.484322101,0.756114542,-0.422141254,0.810132504,-0.810132504,0.197385505,-0.197385505,0
-0.186828896,-1.00980008,-1.75178492,-0.782062769,-0.303696722,-0.708575785,2.42828155,-0.617812753,-0.610092342,-0.255433619,1.24736142,-0.204124153,-0.22941573,0.941696584,-0.319262236,-0.635223389,-0.569651902,-0.347056448,-0.112508789,-0.470504045,1.59861052,-0.112508789,-0.12852402,-0.210680857,-0.086929135,-0.321633756,0.812250614,-0.32634443,-0.258198887,-0.232418686,-0.480384469,-0.269046575,-0.444527596,1.38169861,-0.454572886,-0.581199288,-0.217072383,-0.687965453,0.925282896,-0.323994398,0.321633756,-0.207424134,-0.235391095,1.59861052,-0.533018887,-0.717740536,-0.432369769,-0.411813855,-0.22941573,0.492174804,-0.484322101,0.654653668,-0.351561517,-0.151716515,-0.484322101,0.756114542,-0.422141254,0.810132504,-0.810132504,0.197385505,-0.197385505,1
-0.541637897,0.779341578,0.919297576,-1.69943845,-0.82900995,-0.708575785,-0.411813855,-0.617812753,1.63909602,-0.255433619,-0.801692247,-0.204124153,-0.22941573,0.941696584,-0.319262236,-0.635223389,-0.569651902,-0.347056448,-0.112508789,-0.470504045,1.59861052,-0.112508789,-0.12852402,-0.210680857,-0.086929135,-0.321633756,-1.23114717,-0.32634443,-0.258198887,-0.232418686,2.08166599,-0.269046575,-0.444527596,1.38169861,-0.454572886,-0.581199288,-0.217072383,1.45356131,-1.08075047,-0.323994398,0.321633756,-0.207424134,-0.235391095,-0.625543237,-0.533018887,1.39326108,-0.432369769,-0.411813855,-0.22941573,0.492174804,-0.484322101,0.654653668,-0.351561517,-0.151716515,-0.484322101,0.756114542,-0.422141254,0.810132504,-0.810132504,0.197385505,-0.197385505,1
-0.000391572568,-0.243025079,-1.75178492,0.135312915,-0.9165622,-0.708575785,-0.411813855,-0.617812753,1.63909602,-0.255433619,-0.801692247,-0.204124153,-0.22941573,0.941696584,-0.319262236,-0.635223389,-0.569651902,-0.347056448,-0.112508789,-0.470504045,1.59861052,-0.112508789,-0.12852402,-0.210680857,-0.086929135,-0.321633756,-1.23114717,-0.32634443,3.87298346,-0.232418686,-0.480384469,-0.269046575,2.24957919,-0.723746836,-0.454572886,-0.581199288,-0.217072383,-0.687965453,-1.08075047,3.08647299,0.321633756,-0.207424134,-0.235391095,1.59861052,-0.533018887,-0.717740536,-0.432369769,-0.411813855,-0.22941573,0.492174804,2.06474161,-1.52752519,-0.351561517,-0.151716515,-0.484322101,0.756114542,-0.422141254,0.810132504,-0.810132504,0.197385505,-0.197385505,1
-0.191525966,0.268158257,0.919297576,-0.782062769,-0.0410400964,1.0356108,-0.411813855,-0.617812753,-0.610092342,-0.255433619,1.24736142,-0.204124153,-0.22941573,-1.06191313,-0.319262236,1.57424927,-0.569651902,-0.347056448,-0.112508789,-0.470504045,1.59861052,-0.112508789,-0.12852402,-0.210680857,-0.086929135,-0.321633756,0.812250614,-0.32634443,-0.258198887,-0.232418686,-0.480384469,-0.269046575,-0.444527596,1.38169861,-0.454572886,-0.581199288,-0.217072383,-0.687965453,0.925282896,-0.323994398,0.321633756,-0.207424134,-0.235391095,1.59861052,-0.533018887,-0.717740536,-0.432369769,-0.411813855,-0.22941573,0.492174804,-0.484322101,0.654653668,-0.351561517,-0.151716515,2.06474161,-1.32255089,-0.422141254,0.810132504,-0.810132504,0.197385505,-0.197385505,1
-0.56620717,0.0125665907,0.919297576,-0.782062769,0.396720946,1.0356108,2.42828155,1.61861348,-0.610092342,-0.255433619,-0.801692247,-0.204124153,4.35889912,-1.06191313,-0.319262236,-0.635223389,1.755458,-0.347056448,-0.112508789,-0.470504045,-0.625543237,-0.112508789,-0.12852402,-0.210680857,-0.086929135,-0.321633756,-1.23114717,-0.32634443,-0.258198887,-0.232418686,2.08166599,-0.269046575,-0.444527596,1.38169861,-0.454572886,-0.581199288,-0.217072383,-0.687965453,0.925282896,-0.323994398,0.321633756,-0.207424134,-0.235391095,-0.625543237,1.87610602,-0.717740536,-0.432369769,-0.411813855,-0.22941573,0.492174804,-0.484322101,0.654653668,-0.351561517,-0.151716515,2.06474161,-1.32255089,-0.422141254,0.810132504,-0.810132504,0.197385505,-0.197385505,0
0.166896179,-1.26539171,-1.75178492,0.135312915,0.134064317,2.77979732,2.42828155,1.61861348,-0.610092342,-0.255433619,-0.801692247,-0.204124153,-0.22941573,-1.06191313,-0.319262236,1.57424927,1.755458,-0.347056448,-0.112508789,-0.470504045,-0.625543237,-0.112508789,-0.12852402,-0.210680857,-0.086929135,-0.321633756,0.812250614,-0.32634443,-0.258198887,-0.232418686,-0.480384469,-0.269046575,-0.444527596,1.38169861,-0.454572886,-0.581199288,-0.217072383,-0.687965453,0.925282896,-0.323994398,0.321633756,-0.207424134,-0.235391095,1.59861052,-0.533018887,-0.717740536,-0.432369769,-0.411813855,-0.22941573,0.492174804,2.06474161,-1.52752519,-0.351561517,-0.151716515,-0.484322101,0.756114542,-0.422141254,0.810132504,-0.810132504,0.197385505,-0.197385505,1
-0.918487012,-1.26539171,-1.75178492,1.0526886,1.62245178,-0.708575785,-0.411813855,-0.617812753,-0.610092342,-0.255433619,1.24736142,-0.204124153,-0.22941573,0.941696584,-0.319262236,-0.635223389,1.755458,-0.347056448,-0.112508789,-0.470504045,-0.625543237,-0.112508789,-0.12852402,-0.210680857,-0.086929135,-0.321633756,0.812250614,-0.32634443,-0.258198887,-0.232418686,-0.480384469,3.71682858,-0.444527596,-0.723746836,-0.454572886,-0.581199288,-0.217072383,1.45356131,-1.08075047,-0.323994398,0.321633756,-0.207424134,-0.235391095,1.59861052,-0.533018887,-0.717740536,-0.432369769,-0.411813855,-0.22941573,0.492174804,-0.484322101,0.654653668,-0.351561517,6.59123993,-0.484322101,-1.32255089,-0.422141254,-1.23436594,1.23436594,0.197385505,-0.197385505,1
-0.809009254,-0.498616755,-0.861424148,0.135312915,-0.9165622,1.0356108,-0.411813855,1.61861348,-0.610092342,-0.255433619,-0.801692247,-0.204124153,-0.22941573,-1.06191313,-0.319262236,1.57424927,-0.569651902,-0.347056448,-0.112508789,2.12538028,-0.625543237,-0.112508789,-0.12852402,-0.210680857,-0.086929135,-0.321633756,0.812250614,-0.32634443,-0.258198887,-0.232418686,-0.480384469,-0.269046575,-0.444527596,1.38169861,-0.454572886,-0.581199288,4.60675812,-0.687965453,-1.08075047,-0.323994398,0.321633756,-0.207424134,-0.235391095,-0.625543237,1.87610602,-0.717740536,-0.432369769,-0.411813855,-0.22941573,0.492174804,-0.484322101,0.654653668,-0.351561517,-0.151716515,-0.484322101,0.756114542,-0.422141254,0.810132504,-0.810132504,0.197385505,-0.197385505,1
-0.743973017,-0.754208446,0.028936727,0.135312915,0.396720946,1.0356108,-0.411813855,-0.617812753,1.63909602,-0.255433619,-0.801692247,-0.204124153,-0.22941573,0.941696584,-0.319262236,-0.635223389,-0.569651902,-0.347056448,-0.112508789,-0.470504045,1.59861052,-0.112508789,-0.12852402,-0.210680857,-0.086929135,-0.321633756,0.812250614,-0.32634443,-0.258198887,-0.232418686,-0.480384469,-0.269046575,-0.444527596,-0.723746836,-0.454572886,1.7205801,-0.217072383,-0.687965453,-1.08075047,3.08647299,-3.10912633,-0.207424134,4.24824905,1.59861052,-0.533018887,-0.717740536,-0.432369769,2.42828155,-0.22941573,-2.0317986,-0.484322101,0.654653668,-0.351561517,-0.151716515,2.06474161,-1.32255089,-0.422141254,0.810132504,-0.810132504,0.197385505,-0.197385505,1
-0.830688,0.268158257,0.919297576,-0.782062769,-0.566353321,-0.708575785,-0.411813855,1.61861348,-0.610092342,-0.255433619,-0.801692247,-0.204124153,-0.22941573,0.941696584,-0.319262236,-0.635223389,1.755458,-0.347056448,-0.112508789,-0.470504045,-0.625543237,-0.112508789,-0.12852402,-0.210680857,-0.086929135,-0.321633756,-1.23114717,-0.32634443,-0.258198887,-0.232418686,2.08166599,-0.269046575,-0.444527596,-0.723746836,-0.454572886,1.7205801,-0.217072383,1.45356131,-1.08075047,-0.323994398,0.321633756,-0.207424134,-0.235391095,-0.625543237,-0.533018887,1.39326108,-0.432369769,2.42828155,-0.22941573,-2.0317986,-0.484322101,0.654653668,-0.351561517,-0.151716515,-0.484322101,0.756114542,-0.422141254,0.810132504,-0.810132504,0.197385505,-0.197385505,0
0.359837145,1.29052496,0.919297576,-0.782062769,-0.82900995,-0.708575785,-0.411813855,-0.617812753,-0.610092342,3.91491127,-0.801692247,-0.204124153,-0.22941573,0.941696584,-0.319262236,-0.635223389,-0.569651902,-0.347056448,-0.112508789,-0.470504045,1.59861052,-0.112508789,-0.12852402,-0.210680857,-0.086929135,-0.321633756,0.812250614,-0.32634443,-0.258198887,-0.232418686,-0.480384469,-0.269046575,-0.444527596,1.38169861,-0.454572886,-0.581199288,-0.217072383,-0.687965453,0.925282896,-0.323994398,0.321633756,-0.207424134,-0.235391095,-0.625543237,-0.533018887,1.39326108,-0.432369769,-0.411813855,-0.22941573,0.492174804,-0.484322101,0.654653668,-0.351561517,-0.151716515,-0.484322101,0.756114542,-0.422141254,0.810132504,-0.810132504,0.197385505,-0.197385505,0
5.4955349,2.31289172,-1.75178492,-0.782062769,-0.303696722,-0.708575785,-0.411813855,-0.617812753,1.63909602,-0.255433619,-0.801692247,4.89897966,-0.22941573,-1.06191313,-0.319262236,-0.635223389,-0.569651902,-0.347056448,8.88819408,-0.470504045,-0.625543237,-0.112508789,-0.12852402,-0.210680857,-0.086929135,-0.321633756,0.812250614,-0.32634443,-0.258198887,-0.232418686,-0.480384469,-0.269046575,-0.444527596,1.38169861,-0.454572886,-0.581199288,-0.217072383,1.45356131,-1.08075047,-0.323994398,0.321633756,-0.207424134,-0.235391095,-0.625543237,1.87610602,-0.717740536,-0.432369769,2.42828155,-0.22941573,-2.0317986,-0.484322101,0.654653668,-0.351561517,-0.151716515,-0.484322101,-1.32255089,2.36887527,-1.23436594,1.23436594,-5.06622791,5.06622791,0
0.934685528,-0.754208446,-0.861424148,1.0526886,1.18469083,-0.708575785,-0.411813855,-0.617812753,-0.610092342,-0.255433619,1.24736142,-0.204124153,-0.22941573,-1.06191313,-0.319262236,1.57424927,-0.569651902,-0.347056448,-0.112508789,2.12538028,-0.625543237,-0.112508789,-0.12852402,-0.210680857,-0.086929135,-0.321633756,-1.23114717,-0.32634443,-0.258198887,-0.232418686,2.08166599,-0.269046575,-0.444527596,-0.723746836,-0.454572886,1.7205801,-0.217072383,-0.687965453,0.925282896,-0.323994398,0.321633756,-0.207424134,-0.235391095,-0.625543237,1.87610602,-0.717740536,-0.432369769,-0.411813855,-0.22941573,0.492174804,2.06474161,-1.52752519,-0.351561517,-0.151716515,-0.484322101,0.756114542,-0.422141254,-1.23436594,1.23436594,0.197385505,-0.197385505,1
-1.03735888,-1.26539171,0.919297576,-1.69943845,-0.74145776,-0.708575785,-0.411813855,1.61861348,-0.610092342,-0.255433619,-0.801692247,-0.204124153,-0.22941573,0.941696584,-0.319262236,-0.635223389,-0.569651902,-0.347056448,-0.112508789,-0.470504045,-0.625543237,8.88819408,-0.12852402,-0.210680857,-0.086929135,-0.321633756,0.812250614,-0.32634443,-0.258198887,-0.232418686,-0.480384469,-0.269046575,2.24957919,-0.723746836,-0.454572886,-0.581199288,-0.217072383,1.45356131,-1.08075047,-0.323994398,0.321633756,-0.207424134,-0.235391095,1.59861052,-0.533018887,-0.717740536,-0.432369769,-0.411813855,-0.22941573,0.492174804,-0.484322101,0.654653668,-0.351561517,-0.151716515,-0.484322101,0.756114542,-0.422141254,0.810132504,-0.810132504,0.197385505,-0.197385505,1
-0.337857574,-0.754208446,0.919297576,1.0526886,0.134064317,-0.708575785,-0.411813855,-0.617812753,-0.610092342,-0.255433619,1.24736142,-0.204124153,-0.22941573,0.941696584,-0.319262236,-0.635223389,-0.569651902,-0.347056448,-0.112508789,-0.470504045,1.59861052,-0.112508789,-0.12852402,-0.210680857,-0.086929135,-0.321633756,-1.23114717,-0.32634443,-0.258198887,-0.232418686,2.08166599,-0.269046575,-0.444527596,1.38169861,-0.454572886,-0.581199288,-0.217072383,-0.687965453,0.925282896,-0.323994398,0.321633756,-0.207424134,-0.235391095,-0.625543237,-0.533018887,-0.717740536,2.31283522,-0.411813855,-0.22941573,0.492174804,-0.484322101,-1.52752519,2.84445238,-0.151716515,-0.484322101,0.756114542,-0.422141254,-1.23436594,1.23436594,0.197385505,-0.197385505,1
-0.351587474,0.0125665907,0.919297576,-0.782062769,1.27224302,1.0356108,-0.411813855,-0.617812753,-0.610092342,-0.255433619,1.24736142,-0.204124153,-0.22941573,0.941696584,-0.319262236,-0.635223389,-0.569651902,-0.347056448,-0.112508789,2.12538028,-0.625543237,-0.112508789,-0.12852402,-0.210680857,-0.086929135,-0.321633756,0.812250614,-0.32634443,-0.258198887,-0.232418686,-0.480384469,-0.269046575,-0.444527596,-0.723746836,-0.454572886,1.7205801,-0.217072383,-0.687965453,0.925282896,-0.323994398,0.321633756,-0.207424134,-0.235391095,1.59861052,-0.533018887,-0.717740536,-0.432369769,-0.411813855,-0.22941573,0.492174804,-0.484322101,0.654653668,-0.351561517,-0.151716515,-0.484322101,0.756114542,-0.422141254,0.810132504,-0.810132504,0.197385505,-0.197385505,1
-0.361342907,-0.754208446,0.919297576,0.135312915,-1.00411439,-0.708575785,-0.411813855,1.61861348,-0.610092342,-0.255433619,-0.801692247,-0.204124153,-0.22941573,0.941696584,-0.319262236,-0.635223389,-0.569651902,-0.347056448,-0.112508789,-0.470504045,1.59861052,-0.112508789,-0.12852402,-0.210680857,-0.086929135,-0.321633756,0.812250614,-0.32634443,-0.258198887,-0.232418686,-0.480384469,-0.269046575,-0.444527596,1.38169861,-0.454572886,-0.581199288,-0.217072383,-0.687965453,0.925282896,-0.323994398,0.321633756,-0.207424134,-0.235391095,-0.625543237,1.87610602,-0.717740536,-0.432369769,-0.411813855,-0.22941573,0.492174804,-0.484322101,0.654653668,-0.351561517,-0.151716515,2.06474161,-1.32255089,-0.422141254,0.810132504,-0.810132504,0.197385505,-0.197385505,1
-0.104810923,0.268158257,0.028936727,1.0526886,2.41042161,-0.708575785,2.42828155,1.61861348,-0.610092342,-0.255433619,-0.801692247,-0.204124153,-0.22941573,0.941696584,-0.319262236,-0.635223389,-0.569651902,2.88137555,-0.112508789,-0.470504045,-0.625543237,-0.112508789,-0.12852402,-0.210680857,-0.086929135,-0.321633756,0.812250614,-0.32634443,-0.258198887,-0.232418686,-0.480384469,-0.269046575,-0.444527596,1.38169861,-0.454572886,-0.581199288,-0.217072383,-0.687965453,0.925282896,-0.323994398,-3.10912633,-0.207424134,4.24824905,-0.625543237,-0.533018887,-0.717740536,2.31283522,2.42828155,-0.22941573,-2.0317986,-0.484322101,0.654653668,-0.351561517,-0.151716515,-0.484322101,0.756114542,-0.422141254,-1.23436594,1.23436594,0.197385505,-0.197385505,1
1.47918367,-0.924602866,-0.861424148,1.0526886,3.02328706,-0.708575785,-0.411813855,-0.617812753,1.63909602,-0.255433619,-0.801692247,-0.204124153,-0.22941573,0.941696584,-0.319262236,-0.635223389,1.755458,-0.347056448,-0.112508789,-0.470504045,-0.625543237,-0.112508789,-0.12852402,-0.210680857,-0.086929135,-0.321633756,0.812250614,-0.32634443,-0.258198887,-0.232418686,-0.480384469,3.71682858,-0.444527596,-0.723746836,-0.454572886,-0.581199288,-0.217072383,-0.687965453,0.925282896,-0.323994398,0.321633756,-0.207424134,-0.235391095,-0.625543237,-0.533018887,-0.717740536,2.31283522,2.42828155,-0.22941573,-2.0317986,-0.484322101,-1.52752519,2.84445238,-0.151716515,-0.484322101,-1.32255089,2.36887527,-1.23436594,1.23436594,0.197385505,-0.197385505,1
-0.591499031,-0.839405656,0.919297576,-1.69943845,-1.35432315,-0.708575785,-0.411813855,-0.617812753,1.63909602,-0.255433619,-0.801692247,-0.204124153,-0.22941573,0.941696584,-0.319262236,-0.635223389,-0.569651902,-0.347056448,-0.112508789,2.12538028,-0.625543237,-0.112508789,-0.12852402,-0.210680857,-0.086929135,-0.321633756,-1.23114717,-0.32634443,-0.258198887,4.30257988,-0.480384469,-0.269046575,2.24957919,-0.723746836,-0.454572886,-0.581199288,-0.217072383,1.45356131,-1.08075047,-0.323994398,0.321633756,-0.207424134,-0.235391095,1.59861052,-0.533018887,-0.717740536,-0.432369769,-0.411813855,-0.22941573,0.492174804,-0.484322101,0.654653668,-0.351561517,-0.151716515,-0.484322101,0.756114542,-0.422141254,0.810132504,-0.810132504,0.197385505,-0.197385505,1
0.127151787,2.31289172,0.919297576,-0.782062769,-0.478801131,-0.708575785,-0.411813855,-0.617812753,1.63909602,-0.255433619,-0.801692247,-0.204124153,4.35889912,-1.06191313,-0.319262236,-0.635223389,-0.569651902,-0.347056448,-0.112508789,-0.470504045,-0.625543237,-0.112508789,-0.12852402,-0.210680857,-0.086929135,3.10912633,-1.23114717,3.06424713,-0.258198887,-0.232418686,-0.480384469,-0.269046575,-0.444527596,-0.723746836,2.19986725,-0.581199288,-0.217072383,-0.687965453,0.925282896,-0.323994398,0.321633756,-0.207424134,-0.235391095,-0.625543237,-0.533018887,1.39326108,-0.432369769,-0.411813855,-0.22941573,0.492174804,-0.484322101,0.654653668,-0.351561517,-0.151716515,-0.484322101,0.756114542,-0.422141254,0.810132504,-0.810132504,0.197385505,-0.197385505,1
-0.462149143,-0.754208446,0.919297576,1.0526886,0.659377575,2.77979732,-0.411813855,-0.617812753,-0.610092342,-0.255433619,1.24736142,-0.204124153,-0.22941573,-1.06191313,-0.319262236,1.57424927,-0.569651902,-0.347056448,-0.112508789,2.12538028,-0.625543237,-0.112508789,-0.12852402,-0.210680857,-0.086929135,-0.321633756,0.812250614,-0.32634443,-0.258198887,-0.232418686,-0.480384469,-0.269046575,-0.444527596,-0.723746836,-0.454572886,1.7205801,-0.217072383,-0.687965453,0.925282896,-0.323994398,0.321633756,-0.207424134,-0.235391095,1.59861052,-0.533018887,-0.717740536,-0.432369769,-0.411813855,-0.22941573,0.492174804,-0.484322101,0.654653668,-0.351561517,-0.151716515,-0.484322101,0.756114542,-0.422141254,-1.23436594,1.23436594,0.197385505,-0.197385505,1
-0.03290971,0.268158257,0.919297576,-1.69943845,-0.74145776,-0.708575785,-0.411813855,1.61861348,-0.610092342,-0.255433619,-0.801692247,-0.204124153,-0.22941573,0.941696584,-0.319262236,-0.635223389,1.755458,-0.347056448,-0.112508789,-0.470504045,-0.625543237,-0.112508789,-0.12852402,-0.210680857,-0.086929135,-0.321633756,0.812250614,-0.32634443,-0.258198887,-0.232418686,-0.480384469,-0.269046575,2.24957919,-0.723746836,-0.454572886,-0.581199288,-0.217072383,1.45356131,-1.08075047,-0.323994398,0.321633756,-0.207424134,-0.235391095,-0.625543237,1.87610602,-0.717740536,-0.432369769,-0.411813855,-0.22941573,0.492174804,-0.484322101,0.654653668,-0.351561517,-0.151716515,-0.484322101,0.756114542,-0.422141254,0.810132504,-0.810132504,0.197385505,-0.197385505,0
-0.917764366,-0.754208446,0.919297576,-1.69943845,-1.35432315,-0.708575785,-0.411813855,1.61861348,-0.610092342,-0.255433619,-0.801692247,-0.204124153,-0.22941573,0.941696584,-0.319262236,-0.635223389,-0.569651902,-0.347056448,-0.112508789,-0.470504045,1.59861052,-0.112508789,-0.12852402,-0.210680857,-0.086929135,-0.321633756,-1.23114717,3.06424713,-0.258198887,-0.232418686,-0.480384469,-0.269046575,-0.444527596,-0.723746836,2.19986725,-0.581199288,-0.217072383,-0.687965453,-1.08075047,3.08647299,0.321633756,-0.207424134,-0.235391095,-0.625543237,1.87610602,-0.717740536,-0.432369769,-0.411813855,-0.22941573,0.492174804,-0.484322101,0.654653668,-0.351561517,-0.151716515,-0.484322101,0.756114542,-0.422141254,0.810132504,-0.810132504,0.197385505,-0.197385505,0
-0.789859712,-0.243025079,0.919297576,0.135312915,0.0465121083,1.0356108,-0.411813855,-0.617812753,-0.610092342,-0.255433619,1.24736142,-0.204124153,-0.22941573,-1.06191313,-0.319262236,1.57424927,1.755458,-0.347056448,-0.112508789,-0.470504045,-0.625543237,-0.112508789,-0.12852402,-0.210680857,-0.086929135,-0.321633756,0.812250614,-0.32634443,-0.258198887,-0.232418686,-0.480384469,-0.269046575,-0.444527596,1.38169861,-0.454572886,-0.581199288,-0.217072383,1.45356131,-1.08075047,-0.323994398,0.321633756,-0.207424134,-0.235391095,1.59861052,-0.533018887,-0.717740536,-0.432369769,-0.411813855,-0.22941573,0.492174804,-0.484322101,0.654653668,-0.351561517,-0.151716515,-0.484322101,0.756114542,-0.422141254,0.810132504,-0.810132504,0.197385505,-0.197385505,1
2.5320487,2.31289172,0.919297576,0.135312915,0.134064317,-0.708575785,-0.411813855,-0.617812753,-0.610092342,-0.255433619,1.24736142,-0.204124153,-0.22941573,0.941696584,-0.319262236,-0.635223389,-0.569651902,-0.347056448,-0.112508789,-0.470504045,1.59861052,-0.112508789,-0.12852402,-0.210680857,-0.086929135,-0.321633756,-1.23114717,-0.32634443,-0.258198887,-0.232418686,2.08166599,-0.269046575,-0.444527596,-0.723746836,2.19986725,-0.581199288,-0.217072383,-0.687965453,0.925282896,-0.323994398,0.321633756,-0.207424134,-0.235391095,-0.625543237,-0.533018887,1.39326108,-0.432369769,-0.411813855,4.35889912,-2.0317986,-0.484322101,0.654653668,-0.351561517,-0.151716515,-0.484322101,0.756114542,-0.422141254,-1.23436594,1.23436594,0.197385505,-0.197385505,1
-0.321237206,0.268158257,-0.861424148,0.135312915,-0.303696722,-0.708575785,-0.411813855,1.61861348,-0.610092342,-0.255433619,-0.801692247,-0.204124153,4.35889912,-1.06191313,-0.319262236,-0.635223389,1.755458,-0.347056448,-0.112508789,-0.470504045,-0.625543237,-0.112508789,-0.12852402,-0.210680857,-0.086929135,-0.321633756,-1.23114717,3.06424713,-0.258198887,-0.232418686,-0.480384469,-0.269046575,-0.444527596,-0.723746836,2.19986725,-0.581199288,-0.217072383,-0.687965453,0.925282896,-0.323994398,0.321633756,-0.207424134,-0.235391095,-0.625543237,-0.533018887,1.39326108,-0.432369769,2.42828155,-0.22941573,-2.0317986,-0.484322101,0.654653668,-0.351561517,-0.151716515,-0.484322101,0.756114542,-0.422141254,0.810132504,-0.810132504,0.197385505,-0.197385505,1
-0.303171575,0.268158257,0.919297576,-0.782062769,0.746929765,1.0356108,2.42828155,-0.617812753,-0.610092342,-0.255433619,1.24736142,-0.204124153,-0.22941573,-1.06191313,3.13222146,-0.635223389,-0.569651902,-0.347056448,-0.112508789,-0.470504045,-0.625543237,-0.112508789,-0.12852402,-0.210680857,-0.086929135,3.10912633,-1.23114717,-0.32634443,3.87298346,-0.232418686,-0.480384469,-0.269046575,-0.444527596,1.38169861,-0.454572886,-0.581199288,-0.217072383,-0.687965453,0.925282896,-0.323994398,0.321633756,-0.207424134,-0.235391095,-0.625543237,-0.533018887,1.39326108,-0.432369769,-0.411813855,-0.22941573,0.492174804,-0.484322101,0.654653668,-0.351561517,-0.151716515,-0.484322101,0.756114542,-0.422141254,-1.23436594,1.23436594,0.197385505,-0.197385505,1
-0.353755325,-0.0726306289,0.919297576,-0.782062769,-0.216144517,1.0356108,-0.411813855,1.61861348,-0.610092342,-0.255433619,-0.801692247,-0.204124153,-0.22941573,-1.06191313,-0.319262236,1.57424927,1.755458,-0.347056448,-0.112508789,-0.470504045,-0.625543237,-0.112508789,-0.12852402,-0.210680857,-0.086929135,-0.321633756,0.812250614,-0.32634443,-0.258198887,-0.232418686,-0.480384469,-0.269046575,-0.444527596,1.38169861,-0.454572886,-0.581199288,-0.217072383,-0.687965453,-1.08075047,3.08647299,-3.10912633,-0.207424134,4.24824905,-0.625543237,1.87610602,-0.717740536,-0.432369769,2.42828155,-0.22941573,-2.0317986,2.06474161,-1.52752519,-0.351561517,-0.151716515,-0.484322101,0.756114542,-0.422141254,0.810132504,-0.810132504,-5.06622791,5.06622791,0
-0.594389558,-0.498616755,0.919297576,1.0526886,-0.128592297,-0.708575785,2.42828155,-0.617812753,-0.610092342,-0.255433619,1.24736142,-0.204124153,4.35889912,-1.06191313,-0.319262236,-0.635223389,-0.569651902,-0.347056448,-0.112508789,-0.470504045,1.59861052,-0.112508789,-0.12852402,-0.210680857,-0.086929135,-0.321633756,-1.23114717,3.06424713,-0.258198887,-0.232418686,-0.480384469,-0.269046575,-0.444527596,-0.723746836,-0.454572886,1.7205801,-0.217072383,-0.687965453,0.925282896,-0.323994398,0.321633756,-0.207424134,-0.235391095,-0.625543237,-0.533018887,1.39326108,-0.432369769,2.42828155,-0.22941573,-2.0317986,-0.484322101,0.654653668,-0.351561517,-0.151716515,2.06474161,-1.32255089,-0.422141254,0.810132504,-0.810132504,0.197385505,-0.197385505,1
2.07137513,1.29052496,0.028936727,-0.782062769,-0.391248912,-0.708575785,2.42828155,-0.617812753,-0.610092342,-0.255433619,1.24736142,-0.204124153,-0.22941573,-1.06191313,3.13222146,-0.635223389,-0.569651902,2.88137555,-0.112508789,-0.470504045,-0.625543237,-0.112508789,-0.12852402,-0.210680857,-0.086929135,-0.321633756,-1.23114717,-0.32634443,-0.258198887,-0.232418686,2.08166599,-0.269046575,-0.444527596,-0.723746836,2.19986725,-0.581199288,-0.217072383,-0.687965453,0.925282896,-0.323994398,0.321633756,-0.207424134,-0.235391095,-0.625543237,-0.533018887,1.39326108,-0.432369769,-0.411813855,4.35889912,-2.0317986,-0.484322101,0.654653668,-0.351561517,-0.151716515,-0.484322101,-1.32255089,2.36887527,-1.23436594,1.23436594,0.197385505,-0.197385505,1
-0.15394944,-0.498616755,-0.861424148,0.135312915,-1.00411439,1.0356108,-0.411813855,-0.617812753,-0.610092342,-0.255433619,1.24736142,-0.204124153,-0.22941573,-1.06191313,-0.319262236,1.57424927,-0.569651902,-0.347056448,-0.112508789,2.12538028,-0.625543237,-0.112508789,-0.12852402,-0.210680857,-0.086929135,-0.321633756,0.812250614,-0.32634443,-0.258198887,-0.232418686,-0.480384469,-0.269046575,-0.444527596,-0.723746836,2.19986725,-0.581199288,-0.217072383,1.45356131,-1.08075047,-0.323994398,-3.10912633,4.82103968,-0.235391095,-0.625543237,-0.533018887,1.39326108,-0.432369769,2.42828155,-0.22941573,-2.0317986,-0.484322101,0.654653668,-0.351561517,-0.151716515,-0.484322101,0.756114542,-0.422141254,0.810132504,-0.810132504,0.197385505,-0.197385505,1
0.223260954,0.779341578,-0.861424148,-1.69943845,-1.17921877,-0.708575785,-0.411813855,-0.617812753,1.63909602,-0.255433619,-0.801692247,-0.204124153,-0.22941573,0.941696584,-0.319262236,-0.635223389,-0.569651902,-0.347056448,-0.112508789,2.12538028,-0.625543237,-0.112508789,-0.12852402,-0.210680857,-0.086929135,-0.321633756,0.812250614,-0.32634443,-0.258198887,-0.232418686,-0.480384469,-0.269046575,2.24957919,-0.723746836,-0.454572886,-0.581199288,-0.217072383,-0.687965453,-1.08075047,3.08647299,0.321633756,-0.207424134,-0.235391095,-0.625543237,1.87610602,-0.717740536,-0.432369769,-0.411813855,-0.22941573,0.492174804,-0.484322101,0.654653668,-0.351561517,-0.151716515,-0.484322101,0.756114542,-0.422141254,0.810132504,-0.810132504,0.197385505,-0.197385505,1
-0.518875241,-0.498616755,-0.861424148,-1.69943845,-0.82900995,1.0356108,-0.411813855,-0.617812753,1.63909602,-0.255433619,-0.801692247,4.89897966,-0.22941573,-1.06191313,-0.319262236,-0.635223389,1.755458,-0.347056448,-0.112508789,-0.470504045,-0.625543237,-0.112508789,-0.12852402,-0.210680857,-0.086929135,-0.321633756,0.812250614,-0.32634443,-0.258198887,-0.232418686,-0.480384469,-0.269046575,2.24957919,-0.723746836,-0.454572886,-0.581199288,-0.217072383,1.45356131,-1.08075047,-0.323994398,0.321633756,-0.207424134,-0.235391095,1.59861052,-0.533018887,-0.717740536,-0.432369769,-0.411813855,-0.22941573,0.492174804,2.06474161,-1.52752519,-0.351561517,6.59123993,-0.484322101,-1.32255089,-0.422141254,0.810132504,-0.810132504,0.197385505,-0.197385505,0
-0.127212316,1.29052496,0.919297576,0.135312915,-0.478801131,-0.708575785,-0.411813855,-0.617812753,1.63909602,-0.255433619,-0.801692247,-0.204124153,-0.22941573,-1.06191313,3.13222146,-0.635223389,1.755458,-0.347056448,-0.112508789,-0.470504045,-0.625543237,-0.112508789,-0.12852402,-0.210680857,-0.086929135,-0.321633756,-1.23114717,3.06424713,-0.258198887,-0.232418686,-0.480384469,-0.269046575,-0.444527596,-0.723746836,-0.454572886,1.7205801,-0.217072383,-0.687965453,0.925282896,-0.323994398,0.321633756,-0.207424134,-0.235391095,-0.625543237,-0.533018887,-0.717740536,2.31283522,-0.411813855,-0.22941573,0.492174804,-0.484322101,-1.52752519,2.84445238,-0.151716515,-0.484322101,0.756114542,-0.422141254,0.810132504,-0.810132504,0.197385505,-0.197385505,1
1.310812,0.268158257,-0.861424148,1.0526886,0.922034204,1.0356108,2.42828155,-0.617812753,-0.610092342,-0.255433619,1.24736142,-0.204124153,-0.22941573,-1.06191313,-0.319262236,1.57424927,-0.569651902,2.88137555,-0.112508789,-0.470504045,-0.625543237,-0.112508789,-0.12852402,-0.210680857,-0.086929135,-0.321633756,-1.23114717,-0.32634443,-0.258198887,-0.232418686,2.08166599,-0.269046575,-0.444527596,1.38169861,-0.454572886,-0.581199288,-0.217072383,-0.687965453,0.925282896,-0.323994398,0.321633756,-0.207424134,-0.235391095,-0.625543237,1.87610602,-0.717740536,-0.432369769,-0.411813855,-0.22941573,0.492174804,-0.484322101,0.654653668,-0.351561517,-0.151716515,-0.484322101,-1.32255089,2.36887527,-1.23436594,1.23436594,0.197385505,-0.197385505,1
0.0751227662,-0.243025079,0.919297576,1.0526886,1.00958633,2.77979732,2.42828155,-0.617812753,-0.610092342,-0.255433619,1.24736142,-0.204124153,-0.22941573,0.941696584,-0.319262236,-0.635223389,-0.569651902,-0.347056448,-0.112508789,2.12538028,-0.625543237,-0.112508789,-0.12852402,-0.210680857,-0.086929135,-0.321633756,0.812250614,-0.32634443,-0.258198887,-0.232418686,-0.480384469,-0.269046575,-0.444527596,-0.723746836,-0.454572886,1.7205801,-0.217072383,-0.687965453,0.925282896,-0.323994398,0.321633756,-0.207424134,-0.235391095,-0.625543237,1.87610602,-0.717740536,-0.432369769,2.42828155,-0.22941573,-2.0317986,-0.484322101,0.654653668,-0.351561517,-0.151716515,-0.484322101,0.756114542,-0.422141254,-1.23436594,1.23436594,0.197385505,-0.197385505,1
-0.0235155821,0.268158257,0.919297576,-1.69943845,-1.17921877,-0.708575785,-0.411813855,1.61861348,-0.610092342,-0.255433619,-0.801692247,-0.204124153,-0.22941573,0.941696584,-0.319262236,-0.635223389,-0.569651902,-0.347056448,-0.112508789,2.12538028,-0.625543237,-0.112508789,-0.12852402,-0.210680857,-0.086929135,-0.321633756,0.812250614,-0.32634443,-0.258198887,-0.232418686,-0.480384469,-0.269046575,2.24957919,-0.723746836,-0.454572886,-0.581199288,-0.217072383,-0.687965453,0.925282896,-0.323994398,0.321633756,-0.207424134,-0.235391095,-0.625543237,-0.533018887,-0.717740536,2.31283522,2.42828155,-0.22941573,-2.0317986,-0.484322101,-1.52752519,2.84445238,-0.151716515,-0.484322101,0.756114542,-0.422141254,0.810132504,-0.810132504,0.197385505,-0.197385505,1
-0.875852108,-1.00980008,0.919297576,0.135312915,2.6730783,-0.708575785,-0.411813855,-0.617812753,1.63909602,-0.255433619,-0.801692247,-0.204124153,-0.22941573,0.941696584,-0.319262236,-0.635223389,-0.569651902,-0.347056448,-0.112508789,-0.470504045,1.59861052,-0.112508789,-0.12852402,-0.210680857,-0.086929135,-0.321633756,-1.23114717,-0.32634443,3.87298346,-0.232418686,-0.480384469,-0.269046575,-0.444527596,1.38169861,-0.454572886,-0.581199288,-0.217072383,1.45356131,-1.08075047,-0.323994398,0.321633756,-0.207424134,-0.235391095,1.59861052,-0.533018887,-0.717740536,-0.432369769,-0.411813855,-0.22941573,0.492174804,-0.484322101,0.654653668,-0.351561517,-0.151716515,2.06474161,-1.32255089,-0.422141254,0.810132504,-0.810132504,0.197385505,-0.197385505,1
-0.0806029812,0.779341578,-0.861424148,1.0526886,-0.9165622,-0.708575785,-0.411813855,-0.617812753,1.63909602,-0.255433619,-0.801692247,-0.204124153,-0.22941573,0.941696584,-0.319262236,-0.635223389,-0.569651902,-0.347056448,-0.112508789,-0.470504045,1.59861052,-0.112508789,-0.12852402,-0.210680857,-0.086929135,-0.321633756,-1.23114717,-0.32634443,-0.258198887,-0.232418686,2.08166599,-0.269046575,-0.444527596,-0.723746836,-0.454572886,1.7205801,-0.217072383,1.45356131,-1.08075047,-0.323994398,0.321633756,-0.207424134,-0.235391095,-0.625543237,-0.533018887,1.39326108,-0.432369769,-0.411813855,-0.22941573,0.492174804,-0.484322101,0.654653668,-0.351561517,-0.151716515,-0.484322101,0.756114542,-0.422141254,0.810132504,-0.810132504,0.197385505,-0.197385505,1
-0.630520821,0.268158257,0.919297576,1.0526886,0.484273136,-0.708575785,-0.411813855,-0.617812753,-0.610092342,-0.255433619,1.24736142,-0.204124153,-0.22941573,0.941696584,-0.319262236,-0.635223389,1.755458,-0.347056448,-0.112508789,-0.470504045,-0.625543237,-0.112508789,-0.12852402,-0.210680857,-0.086929135,-0.321633756,-1.23114717,3.06424713,-0.258198887,-0.232418686,-0.480384469,-0.269046575,-0.444527596,-0.723746836,-0.454572886,1.7205801,-0.217072383,-0.687965453,-1.08075047,3.08647299,0.321633756,-0.207424134,-0.235391095,1.59861052,-0.533018887,-0.717740536,-0.432369769,-0.411813855,-0.22941573,0.492174804,2.06474161,-1.52752519,-0.351561517,-0.151716515,2.06474161,-1.32255089,-0.422141254,0.810132504,-0.810132504,0.197385505,-0.197385505,1
-0.772516668,-0.754208446,-0.861424148,-0.782062769,-0.82900995,-0.708575785,-0.411813855,-0.617812753,-0.610092342,-0.255433619,1.24736142,-0.204124153,-0.22941573,0.941696584,-0.319262236,-0.635223389,-0.569651902,-0.347056448,-0.112508789,-0.470504045,-0.625543237,-0.112508789,-0.12852402,-0.210680857,-0.086929135,3.10912633,0.812250614,-0.32634443,-0.258198887,-0.232418686,-0.480384469,-0.269046575,-0.444527596,1.38169861,-0.454572886,-0.581199288,-0.217072383,-0.687965453,-1.08075047,3.08647299,0.321633756,-0.207424134,-0.235391095,1.59861052,-0.533018887,-0.717740536,-0.432369769,-0.411813855,-0.22941573,0.492174804,-0.484322101,0.654653668,-0.351561517,-0.151716515,-0.484322101,0.756114542,-0.422141254,-1.23436594,1.23436594,-5.06622791,5.06622791,1
0.679960132,2.31289172,-0.861424148,0.135312915,-0.478801131,-0.708575785,-0.411813855,-0.617812753,1.63909602,-0.255433619,-0.801692247,-0.204124153,-0.22941573,-1.06191313,-0.319262236,1.57424927,-0.569651902,-0.347056448,-0.112508789,2.12538028,-0.625543237,-0.112508789,-0.12852402,-0.210680857,-0.086929135,-0.321633756,0.812250614,-0.32634443,-0.258198887,-0.232418686,-0.480384469,-0.269046575,-0.444527596,1.38169861,-0.454572886,-0.581199288,-0.217072383,1.45356131,-1.08075047,-0.323994398,0.321633756,-0.207424134,-0.235391095,-0.625543237,-0.533018887,1.39326108,-0.432369769,-0.411813855,-0.22941573,0.492174804,-0.484322101,0.654653668,-0.351561517,-0.151716515,-0.484322101,-1.32255089,2.36887527,-1.23436594,1.23436594,0.197385505,-0.197385505,0
0.0487469472,0.268158257,0.919297576,1.0526886,-0.478801131,-0.708575785,2.42828155,1.61861348,-0.610092342,-0.255433619,-0.801692247,-0.204124153,4.35889912,-1.06191313,-0.319262236,-0.635223389,-0.569651902,-0.347056448,-0.112508789,2.12538028,-0.625543237,-0.112508789,-0.12852402,-0.210680857,-0.086929135,-0.321633756,-1.23114717,-0.32634443,3.87298346,-0.232418686,-0.480384469,-0.269046575,2.24957919,-0.723746836,-0.454572886,-0.581199288,-0.217072383,-0.687965453,0.925282896,-0.323994398,0.321633756,-0.207424134,-0.235391095,-0.625543237,-0.533018887,-0.717740536,2.31283522,-0.411813855,-0.22941573,0.492174804,-0.484322101,-1.52752519,2.84445238,-0.151716515,-0.484322101,0.756114542,-0.422141254,-1.23436594,1.23436594,0.197385505,-0.197385505,0
0.0592250153,-0.243025079,-0.861424148,-1.69943845,-0.391248912,-0.708575785,-0.411813855,-0.617812753,-0.610092342,-0.255433619,1.24736142,-0.204124153,-0.22941573,0.941696584,-0.319262236,-0.635223389,-0.569651902,2.88137555,-0.112508789,-0.470504045,-0.625543237,-0.112508789,-0.12852402,-0.210680857,-0.086929135,-0.321633756,-1.23114717,-0.32634443,-0.258198887,-0.232418686,2.08166599,-0.269046575,-0.444527596,1.38169861,-0.454572886,-0.581199288,-0.217072383,-0.687965453,0.925282896,-0.323994398,0.321633756,-0.207424134,-0.235391095,-0.625543237,1.87610602,-0.717740536,-0.432369769,-0.411813855,-0.22941573,0.492174804,-0.484322101,0.654653668,-0.351561517,-0.151716515,-0.484322101,0.756114542,-0.422141254,-1.23436594,1.23436594,0.197385505,-0.197385505,1
-0.806118786,-0.754208446,-1.75178492,1.0526886,-1.44187546,-0.708575785,-0.411813855,-0.617812753,1.63909602,-0.255433619,-0.801692247,-0.204124153,-0.22941573,0.941696584,-0.319262236,-0.635223389,-0.569651902,-0.347056448,-0.112508789,2.12538028,-0.625543237,-0.112508789,-0.12852402,-0.210680857,-0.086929135,-0.321633756,-1.23114717,-0.32634443,-0.258198887,4.30257988,-0.480384469,-0.269046575,2.24957919,-0.723746836,-0.454572886,-0.581199288,-0.217072383,1.45356131,-1.08075047,-0.323994398,0.321633756,-0.207424134,-0.235391095,1.59861052,-0.533018887,-0.717740536,-0.432369769,-0.411813855,-0.22941573,0.492174804,2.06474161,-1.52752519,-0.351561517,-0.151716515,2.06474161,-1.32255089,-0.422141254,0.810132504,-0.810132504,0.197385505,-0.197385505,1
0.123538665,-0.498616755,0.028936727,-0.782062769,-0.566353321,-0.708575785,-0.411813855,-0.617812753,-0.610092342,-0.255433619,1.24736142,-0.204124153,-0.22941573,0.941696584,-0.319262236,-0.635223389,1.755458,-0.347056448,-0.112508789,-0.470504045,-0.625543237,-0.112508789,-0.12852402,-0.210680857,-0.086929135,-0.321633756,-1.23114717,-0.32634443,-0.258198887,-0.232418686,2.08166599,-0.269046575,-0.444527596,1.38169861,-0.454572886,-0.581199288,-0.217072383,-0.687965453,0.925282896,-0.323994398,0.321633756,-0.207424134,-0.235391095,-0.625543237,-0.533018887,-0.717740536,2.31283522,-0.411813855,-0.22941573,0.492174804,-0.484322101,0.654653668,-0.351561517,-0.151716515,-0.484322101,0.756114542,-0.422141254,0.810132504,-0.810132504,0.197385505,-0.197385505,1
-0.494667262,2.05729985,0.919297576,1.0526886,-1.09166658,-0.708575785,-0.411813855,1.61861348,-0.610092342,-0.255433619,-0.801692247,-0.204124153,-0.22941573,0.941696584,-0.319262236,-0.635223389,-0.569651902,-0.347056448,-0.112508789,-0.470504045,1.59861052,-0.112508789,-0.12852402,-0.210680857,-0.086929135,-0.321633756,0.812250614,-0.32634443,-0.258198887,-0.232418686,-0.480384469,-0.269046575,-0.444527596,1.38169861,-0.454572886,-0.581199288,-0.217072383,-0.687965453,0.925282896,-0.323994398,0.321633756,-0.207424134,-0.235391095,-0.625543237,-0.533018887,-0.717740536,2.31283522,-0.411813855,-0.22941573,0.492174804,-0.484322101,-1.52752519,2.84445238,-0.151716515,-0.484322101,0.756114542,-0.422141254,-1.23436594,1.23436594,0.197385505,-0.197385505,0
0.101859905,0.779341578,0.919297576,-0.782062769,-0.128592297,-0.708575785,2.42828155,-0.617812753,1.63909602,-0.255433619,-0.801692247,-0.204124153,4.35889912,-1.06191313,-0.319262236,-0.635223389,-0.569651902,-0.347056448,-0.112508789,2.12538028,-0.625543237,-0.112508789,-0.12852402,-0.210680857,-0.086929135,-0.321633756,-1.23114717,-0.32634443,-0.258198887,4.30257988,-0.480384469,-0.269046575,-0.444527596,1.38169861,-0.454572886,-0.581199288,-0.217072383,-0.687965453,0.925282896,-0.323994398,0.321633756,-0.207424134,-0.235391095,-0.625543237,-0.533018887,1.39326108,-0.432369769,-0.411813855,4.35889912,-2.0317986,-0.484322101,0.654653668,-0.351561517,-0.151716515,-0.484322101,0.756114542,-0.422141254,-1.23436594,1.23436594,0.197385505,-0.197385505,1
-0.34797433,-0.754208446,-1.75178492,-0.782062769,0.922034204,-0.708575785,-0.411813855,-0.617812753,-0.610092342,3.91491127,-0.801692247,-0.204124153,-0.22941573,0.941696584,-0.319262236,-0.635223389,-0.569651902,-0.347056448,-0.112508789,2.12538028,-0.625543237,-0.112508789,-0.12852402,-0.210680857,-0.086929135,-0.321633756,0.812250614,-0.32634443,-0.258198887,-0.232418686,-0.480384469,-0.269046575,-0.444527596,1.38169861,-0.454572886,-0.581199288,-0.217072383,1.45356131,-1.08075047,-0.323994398,0.321633756,-0.207424134,-0.235391095,-0.625543237,-0.533018887,1.39326108,-0.432369769,-0.411813855,-0.22941573,0.492174804,-0.484322101,0.654653668,-0.351561517,-0.151716515,2.06474161,-1.32255089,-0.422141254,0.810132504,-0.810132504,0.197385505,-0.197385505,1
-0.683272481,-1.26539171,-0.861424148,1.0526886,-0.653905571,1.0356108,2.42828155,-0.617812753,-0.610092342,3.91491127,-0.801692247,-0.204124153,-0.22941573,-1.06191313,-0.319262236,1.57424927,1.755458,-0.347056448,-0.112508789,-0.470504045,-0.625543237,-0.112508789,-0.12852402,-0.210680857,-0.086929135,-0.321633756,-1.23114717,3.06424713,-0.258198887,-0.232418686,-0.480384469,-0.269046575,-0.444527596,-0.723746836,-0.454572886,1.7205801,4.60675812,-0.687965453,-1.08075047,-0.323994398,0.321633756,-0.207424134,-0.235391095,-0.625543237,-0.533018887,1.39326108,-0.432369769,-0.411813855,-0.22941573,0.492174804,-0.484322101,0.654653668,-0.351561517,-0.151716515,-0.484322101,0.756114542,-0.422141254,-1.23436594,1.23436594,0.197385505,-0.197385505,1
-0.0361615233,-0.243025079,-1.75178492,1.0526886,-0.82900995,-0.708575785,-0.411813855,1.61861348,-0.610092342,-0.255433619,-0.801692247,4.89897966,-0.22941573,-1.06191313,-0.319262236,-0.635223389,-0.569651902,-0.347056448,-0.112508789,2.12538028,-0.625543237,-0.112508789,-0.12852402,-0.210680857,-0.086929135,-0.321633756,0.812250614,-0.32634443,-0.258198887,-0.232418686,-0.480384469,-0.269046575,2.24957919,-0.723746836,-0.454572886,-0.581199288,-0.217072383,1.45356131,-1.08075047,-0.323994398,0.321633756,-0.207424134,-0.235391095,-0.625543237,1.87610602,-0.717740536,-0.432369769,-0.411813855,-0.22941573,0.492174804,2.06474161,-1.52752519,-0.351561517,-0.151716515,-0.484322101,0.756114542,-0.422141254,0.810132504,-0.810132504,0.197385505,-0.197385505,0
0.334183931,0.268158257,0.028936727,0.135312915,-0.74145776,1.0356108,-0.411813855,-0.617812753,-0.610092342,-0.255433619,1.24736142,-0.204124153,-0.22941573,-1.06191313,-0.319262236,1.57424927,-0.569651902,-0.347056448,-0.112508789,-0.470504045,-0.625543237,-0.112508789,-0.12852402,-0.210680857,-0.086929135,3.10912633,-1.23114717,3.06424713,-0.258198887,-0.232418686,-0.480384469,-0.269046575,-0.444527596,1.38169861,-0.454572886,-0.581199288,-0.217072383,-0.687965453,0.925282896,-0.323994398,0.321633756,-0.207424134,-0.235391095,-0.625543237,1.87610602,-0.717740536,-0.432369769,-0.411813855,-0.22941573,0.492174804,-0.484322101,0.654653668,-0.351561517,-0.151716515,2.06474161,-1.32255089,-0.422141254,-1.23436594,1.23436594,0.197385505,-0.197385505,1
-0.65472877,-0.754208446,0.028936727,1.0526886,0.134064317,-0.708575785,-0.411813855,-0.617812753,-0.610092342,-0.255433619,1.24736142,-0.204124153,-0.22941573,-1.06191313,-0.319262236,1.57424927,-0.569651902,-0.347056448,-0.112508789,2.12538028,-0.625543237,-0.112508789,-0.12852402,-0.210680857,-0.086929135,-0.321633756,-1.23114717,-0.32634443,3.87298346,-0.232418686,-0.480384469,-0.269046575,-0.444527596,-0.723746836,2.19986725,-0.581199288,-0.217072383,1.45356131,-1.08075047,-0.323994398,0.321633756,-0.207424134,-0.235391095,-0.625543237,-0.533018887,1.39326108,-0.432369769,-0.411813855,-0.22941573,0.492174804,2.06474161,-1.52752519,-0.351561517,-0.151716515,-0.484322101,0.756114542,-0.422141254,-1.23436594,1.23436594,0.197385505,-0.197385505,1
1.05825448,2.31289172,0.919297576,1.0526886,1.97266066,1.0356108,-0.411813855,1.61861348,-0.610092342,-0.255433619,-0.801692247,-0.204124153,-0.22941573,-1.06191313,-0.319262236,1.57424927,-0.569651902,2.88137555,-0.112508789,-0.470504045,-0.625543237,-0.112508789,-0.12852402,-0.210680857,-0.086929135,-0.321633756,0.812250614,-0.32634443,-0.258198887,-0.232418686,-0.480384469,-0.269046575,-0.444527596,-0.723746836,-0.454572886,1.7205801,-0.217072383,1.45356131,-1.08075047,-0.323994398,0.321633756,-0.207424134,-0.235391095,-0.625543237,-0.533018887,-0.717740536,2.31283522,-0.411813855,4.35889912,-2.0317986,-0.484322101,-1.52752519,2.84445238,-0.151716515,2.06474161,-1.32255089,-0.422141254,0.810132504,-0.810132504,0.197385505,-0.197385505,0
1.67682171,1.29052496,0.919297576,-0.782062769,-0.9165622,1.0356108,-0.411813855,-0.617812753,-0.610092342,-0.255433619,1.24736142,-0.204124153,-0.22941573,-1.06191313,-0.319262236,1.57424927,1.755458,-0.347056448,-0.112508789,-0.470504045,-0.625543237,-0.112508789,-0.12852402,-0.210680857,-0.086929135,-0.321633756,0.812250614,-0.32634443,-0.258198887,-0.232418686,-0.480384469,-0.269046575,-0.444527596,1.38169861,-0.454572886,-0.581199288,-0.217072383,1.45356131,-1.08075047,-0.323994398,0.321633756,-0.207424134,-0.235391095,1.59861052,-0.533018887,-0.717740536,-0.432369769,-0.411813855,4.35889912,-2.0317986,-0.484322101,0.654653668,-0.351561517,-0.151716515,-0.484322101,0.756114542,-0.422141254,-1.23436594,1.23436594,0.197385505,-0.197385505,0
-0.413733244,-0.924602866,-0.861424148,-1.69943845,-0.82900995,1.0356108,-0.411813855,-0.617812753,-0.610092342,-0.255433619,1.24736142,-0.204124153,-0.22941573,-1.06191313,-0.319262236,1.57424927,-0.569651902,-0.347056448,-0.112508789,2.12538028,-0.625543237,-0.112508789,-0.12852402,-0.210680857,-0.086929135,-0.321633756,-1.23114717,-0.32634443,-0.258198887,-0.232418686,2.08166599,-0.269046575,-0.444527596,1.38169861,-0.454572886,-0.581199288,-0.217072383,-0.687965453,-1.08075047,3.08647299,0.321633756,-0.207424134,-0.235391095,-0.625543237,-0.533018887,1.39326108,-0.432369769,-0.411813855,-0.22941573,0.492174804,-0.484322101,0.654653668,-0.351561517,-0.151716515,-0.484322101,0.756114542,-0.422141254,0.810132504,-0.810132504,-5.06622791,5.06622791,1
0.224344894,1.29052496,-0.861424148,1.0526886,0.834481955,-0.708575785,-0.411813855,-0.617812753,-0.610092342,-0.255433619,1.24736142,-0.204124153,-0.22941573,0.941696584,-0.319262236,-0.635223389,-0.569651902,-0.347056448,-0.112508789,-0.470504045,1.59861052,-0.112508789,-0.12852402,-0.210680857,-0.086929135,-0.321633756,-1.23114717,-0.32634443,-0.258198887,-0.232418686,2.08166599,-0.269046575,-0.444527596,-0.723746836,-0.454572886,1.7205801,-0.217072383,1.45356131,-1.08075047,-0.323994398,0.321633756,-0.207424134,-0.235391095,1.59861052,-0.533018887,-0.717740536,-0.432369769,-0.411813855,-0.22941573,0.492174804,-0.484322101,0.654653668,-0.351561517,-0.151716515,2.06474161,-1.32255089,-0.422141254,-1.23436594,1.23436594,0.197385505,-0.197385505,1
0.158224672,0.0125665907,-0.861424148,0.135312915,-0.74145776,1.0356108,-0.411813855,-0.617812753,1.63909602,-0.255433619,-0.801692247,-0.204124153,-0.22941573,-1.06191313,-0.319262236,1.57424927,-0.569651902,-0.347056448,-0.112508789,-0.470504045,-0.625543237,-0.112508789,-0.12852402,-0.210680857,-0.086929135,3.10912633,0.812250614,-0.32634443,-0.258198887,-0.232418686,-0.480384469,-0.269046575,-0.444527596,-0.723746836,2.19986725,-0.581199288,-0.217072383,-0.687965453,0.925282896,-0.323994398,0.321633756,-0.207424134,-0.235391095,-0.625543237,1.87610602,-0.717740536,-0.432369769,-0.411813855,-0.22941573,0.492174804,-0.484322101,0.654653668,-0.351561517,-0.151716515,-0.484322101,0.756114542,-0.422141254,0.810132504,-0.810132504,0.197385505,-0.197385505,1
-0.462149143,0.268158257,0.919297576,1.0526886,-0.391248912,1.0356108,-0.411813855,-0.617812753,1.63909602,-0.255433619,-0.801692247,-0.204124153,-0.22941573,-1.06191313,-0.319262236,1.57424927,-0.569651902,-0.347056448,-0.112508789,-0.470504045,-0.625543237,-0.112508789,-0.12852402,-0.210680857,-0.086929135,3.10912633,0.812250614,-0.32634443,-0.258198887,-0.232418686,-0.480384469,-0.269046575,-0.444527596,-0.723746836,-0.454572886,1.7205801,4.60675812,-0.687965453,-1.08075047,-0.323994398,0.321633756,-0.207424134,-0.235391095,1.59861052,-0.533018887,-0.717740536,-0.432369769,-0.411813855,-0.22941573,0.492174804,-0.484322101,0.654653668,-0.351561517,-0.151716515,-0.484322101,0.756114542,-0.422141254,-1.23436594,1.23436594,0.197385505,-0.197385505,0
-0.451309741,0.268158257,0.919297576,1.0526886,0.571825325,1.0356108,-0.411813855,-0.617812753,1.63909602,-0.255433619,-0.801692247,-0.204124153,-0.22941573,-1.06191313,3.13222146,-0.635223389,1.755458,-0.347056448,-0.112508789,-0.470504045,-0.625543237,-0.112508789,-0.12852402,-0.210680857,-0.086929135,-0.321633756,-1.23114717,-0.32634443,-0.258198887,-0.232418686,2.08166599,-0.269046575,-0.444527596,1.38169861,-0.454572886,-0.581199288,-0.217072383,1.45356131,-1.08075047,-0.323994398,0.321633756,-0.207424134,-0.235391095,-0.625543237,-0.533018887,1.39326108,-0.432369769,-0.411813855,-0.22941573,0.492174804,2.06474161,-1.52752519,-0.351561517,-0.151716515,-0.484322101,0.756114542,-0.422141254,-1.23436594,1.23436594,0.197385505,-0.197385505,1
0.261921406,-0.839405656,-1.75178492,-0.782062769,0.396720946,1.0356108,2.42828155,1.61861348,-0.610092342,-0.255433619,-0.801692247,-0.204124153,-0.22941573,-1.06191313,-0.319262236,1.57424927,1.755458,-0.347056448,-0.112508789,-0.470504045,-0.625543237,-0.112508789,-0.12852402,-0.210680857,-0.086929135,-0.321633756,0.812250614,-0.32634443,-0.258198887,-0.232418686,-0.480384469,-0.269046575,-0.444527596,1.38169861,-0.454572886,-0.581199288,-0.217072383,-0.687965453,0.925282896,-0.323994398,0.321633756,-0.207424134,-0.235391095,1.59861052,-0.533018887,-0.717740536,-0.432369769,-0.411813855,-0.22941573,0.492174804,-0.484322101,0.654653668,-0.351561517,-0.151716515,2.06474161,-1.32255089,-0.422141254,0.810132504,-0.810132504,0.197385505,-0.197385505,1
-0.640276253,0.268158257,0.919297576,1.0526886,-1.09166658,1.0356108,-0.411813855,1.61861348,-0.610092342,-0.255433619,-0.801692247,-0.204124153,-0.22941573,0.941696584,-0.319262236,-0.635223389,1.755458,-0.347056448,-0.112508789,-0.470504045,-0.625543237,-0.112508789,-0.12852402,-0.210680857,-0.086929135,-0.321633756,0.812250614,-0.32634443,-0.258198887,-0.232418686,-0.480384469,-0.269046575,-0.444527596,-0.723746836,2.19986725,-0.581199288,-0.217072383,1.45356131,-1.08075047,-0.323994398,0.321633756,-0.207424134,-0.235391095,-0.625543237,-0.533018887,1.39326108,-0.432369769,-0.411813855,-0.22941573,0.492174804,2.06474161,-1.52752519,-0.351561517,-0.151716515,-0.484322101,0.756114542,-0.422141254,0.810132504,-0.810132504,0.197385505,-0.197385505,0
0.82845962,0.268158257,0.028936727,1.0526886,0.746929765,1.0356108,-0.411813855,-0.617812753,-0.610092342,-0.255433619,1.24736142,-0.204124153,-0.22941573,-1.06191313,-0.319262236,1.57424927,-0.569651902,-0.347056448,-0.112508789,-0.470504045,-0.625543237,-0.112508789,7.7806468,-0.210680857,-0.086929135,-0.321633756,0.812250614,-0.32634443,-0.258198887,-0.232418686,-0.480384469,-0.269046575,-0.444527596,-0.723746836,-0.454572886,1.7205801,-0.217072383,-0.687965453,0.925282896,-0.323994398,0.321633756,-0.207424134,-0.235391095,-0.625543237,-0.533018887,-0.717740536,2.31283522,-0.411813855,-0.22941573,0.492174804,-0.484322101,-1.52752519,2.84445238,-0.151716515,-0.484322101,0.756114542,-0.422141254,0.810132504,-0.810132504,0.197385505,-0.197385505,1
0.958170891,-0.243025079,-0.861424148,-0.782062769,-0.478801131,1.0356108,-0.411813855,-0.617812753,1.63909602,-0.255433619,-0.801692247,-0.204124153,-0.22941573,0.941696584,-0.319262236,-0.635223389,1.755458,-0.347056448,-0.112508789,-0.470504045,-0.625543237,-0.112508789,-0.12852402,-0.210680857,-0.086929135,-0.321633756,-1.23114717,3.06424713,-0.258198887,-0.232418686,-0.480384469,-0.269046575,-0.444527596,1.38169861,-0.454572886,-0.581199288,-0.217072383,-0.687965453,0.925282896,-0.323994398,0.321633756,-0.207424134,-0.235391095,-0.625543237,-0.533018887,1.39326108,-0.432369769,-0.411813855,-0.22941573,0.492174804,-0.484322101,0.654653668,-0.351561517,-0.151716515,-0.484322101,0.756114542,-0.422141254,-1.23436594,1.23436594,0.197385505,-0.197385505,1
-0.713261425,-0.924602866,-1.75178492,1.0526886,1.09713864,-0.708575785,2.42828155,-0.617812753,-0.610092342,3.91491127,-0.801692247,-0.204124153,-0.22941573,0.941696584,-0.319262236,-0.635223389,1.755458,-0.347056448,-0.112508789,-0.470504045,-0.625543237,-0.112508789,-0.12852402,-0.210680857,-0.086929135,-0.321633756,-1.23114717,3.06424713,-0.258198887,-0.232418686,-0.480384469,-0.269046575,-0.444527596,-0.723746836,-0.454572886,1.7205801,-0.217072383,1.45356131,-1.08075047,-0.323994398,0.321633756,-0.207424134,-0.235391095,-0.625543237,-0.533018887,-0.717740536,2.31283522,-0.411813855,-0.22941573,0.492174804,-0.484322101,-1.52752519,2.84445238,-0.151716515,2.06474161,-1.32255089,-0.422141254,0.810132504,-0.810132504,0.197385505,-0.197385505,0
-0.651838243,-0.583813965,-1.75178492,-0.782062769,-0.0410400964,-0.708575785,-0.411813855,-0.617812753,1.63909602,-0.255433619,-0.801692247,-0.204124153,-0.22941573,0.941696584,-0.319262236,-0.635223389,-0.569651902,-0.347056448,-0.112508789,-0.470504045,-0.625543237,-0.112508789,-0.12852402,-0.210680857,-0.086929135,3.10912633,-1.23114717,-0.32634443,3.87298346,-0.232418686,-0.480384469,-0.269046575,-0.444527596,-0.723746836,-0.454572886,1.7205801,-0.217072383,-0.687965453,-1.08075047,3.08647299,0.321633756,-0.207424134,-0.235391095,1.59861052,-0.533018887,-0.717740536,-0.432369769,-0.411813855,-0.22941573,0.492174804,-0.484322101,0.654653668,-0.351561517,-0.151716515,-0.484322101,0.756114542,-0.422141254,-1.23436594,1.23436594,0.197385505,-0.197385505,1
1.95069671,0.523749948,-0.861424148,-0.782062769,-0.74145776,1.0356108,-0.411813855,-0.617812753,-0.610092342,-0.255433619,1.24736142,-0.204124153,-0.22941573,-1.06191313,3.13222146,-0.635223389,-0.569651902,2.88137555,-0.112508789,-0.470504045,-0.625543237,-0.112508789,-0.12852402,-0.210680857,-0.086929135,-0.321633756,-1.23114717,-0.32634443,-0.258198887,4.30257988,-0.480384469,-0.269046575,-0.444527596,1.38169861,-0.454572886,-0.581199288,-0.217072383,-0.687965453,0.925282896,-0.323994398,0.321633756,-0.207424134,-0.235391095,-0.625543237,-0.533018887,1.39326108,-0.432369769,-0.411813855,-0.22941573,0.492174804,-0.484322101,0.654653668,-0.351561517,-0.151716515,-0.484322101,0.756114542,-0.422141254,0.810132504,-0.810132504,0.197385505,-0.197385505,1
1.22879398,0.268158257,-0.861424148,1.0526886,3.46104813,1.0356108,-0.411813855,1.61861348,-0.610092342,-0.255433619,-0.801692247,-0.204124153,-0.22941573,-1.06191313,-0.319262236,1.57424927,-0.569651902,2.88137555,-0.112508789,-0.470504045,-0.625543237,-0.112508789,-0.12852402,-0.210680857,-0.086929135,-0.321633756,0.812250614,-0.32634443,-0.258198887,-0.232418686,-0.480384469,3.71682858,-0.444527596,-0.723746836,-0.454572886,-0.581199288,-0.217072383,-0.687965453,0.925282896,-0.323994398,0.321633756,-0.207424134,-0.235391095,-0.625543237,-0.533018887,-0.717740536,2.31283522,-0.411813855,-0.22941573,0.492174804,-0.484322101,-1.52752519,2.84445238,-0.151716515,-0.484322101,-1.32255089,2.36887527,-1.23436594,1.23436594,0.197385505,-0.197385505,1
-0.905841053,-0.754208446,0.919297576,-0.782062769,-0.478801131,1.0356108,-0.411813855,-0.617812753,-0.610092342,-0.255433619,1.24736142,-0.204124153,-0.22941573,0.941696584,-0.319262236,-0.635223389,-0.569651902,-0.347056448,-0.112508789,-0.470504045,1.59861052,-0.112508789,-0.12852402,-0.210680857,-0.086929135,-0.321633756,0.812250614,-0.32634443,-0.258198887,-0.232418686,-0.480384469,-0.269046575,-0.444527596,1.38169861,-0.454572886,-0.581199288,-0.217072383,-0.687965453,0.925282896,-0.323994398,0.321633756,-0.207424134,-0.235391095,1.59861052,-0.533018887,-0.717740536,-0.432369769,2.42828155,-0.22941573,-2.0317986,-0.484322101,0.654653668,-0.351561517,-0.151716515,-0.484322101,0.756114542,-0.422141254,0.810132504,-0.810132504,0.197385505,-0.197385505,1
-0.288719058,-1.1801945,0.028936727,-0.782062769,-0.128592297,-0.708575785,-0.411813855,-0.617812753,1.63909602,-0.255433619,-0.801692247,-0.204124153,-0.22941573,0.941696584,-0.319262236,-0.635223389,-0.569651902,-0.347056448,-0.112508789,-0.470504045,1.59861052,-0.112508789,-0.12852402,-0.210680857,-0.086929135,-0.321633756,0.812250614,-0.32634443,-0.258198887,-0.232418686,-0.480384469,-0.269046575,-0.444527596,1.38169861,-0.454572886,-0.581199288,-0.217072383,-0.687965453,0.925282896,-0.323994398,-3.10912633,-0.207424134,4.24824905,1.59861052,-0.533018887,-0.717740536,-0.432369769,-0.411813855,-0.22941573,0.492174804,-0.484322101,0.654653668,-0.351561517,-0.151716515,-0.484322101,0.756114542,-0.422141254,0.810132504,-0.810132504,0.197385505,-0.197385505,1
1.57818341,2.31289172,-0.861424148,1.0526886,-0.391248912,-0.708575785,-0.411813855,-0.617812753,1.63909602,-0.255433619,-0.801692247,-0.204124153,-0.22941573,-1.06191313,3.13222146,-0.635223389,-0.569651902,-0.347056448,8.88819408,-0.470504045,-0.625543237,-0.112508789,-0.12852402,-0.210680857,-0.086929135,-0.321633756,-1.23114717,3.06424713,-0.258198887,-0.232418686,-0.480384469,3.71682858,-0.444527596,-0.723746836,-0.454572886,-0.581199288,-0.217072383,-0.687965453,0.925282896,-0.323994398,0.321633756,-0.207424134,-0.235391095,-0.625543237,-0.533018887,-0.717740536,2.31283522,-0.411813855,-0.22941573,0.492174804,-0.484322101,-1.52752519,2.84445238,-0.151716515,-0.484322101,-1.32255089,2.36887527,-1.23436594,1.23436594,0.197385505,-0.197385505,1
-0.717597187,-0.754208446,0.919297576,-0.782062769,-1.00411439,-0.708575785,-0.411813855,1.61861348,-0.610092342,-0.255433619,-0.801692247,-0.204124153,-0.22941573,0.941696584,-0.319262236,-0.635223389,1.755458,-0.347056448,-0.112508789,-0.470504045,-0.625543237,-0.112508789,-0.12852402,-0.210680857,-0.086929135,-0.321633756,0.812250614,-0.32634443,-0.258198887,-0.232418686,-0.480384469,-0.269046575,-0.444527596,1.38169861,-0.454572886,-0.581199288,-0.217072383,1.45356131,-1.08075047,-0.323994398,0.321633756,-0.207424134,-0.235391095,1.59861052,-0.533018887,-0.717740536,-0.432369769,-0.411813855,-0.22941573,0.492174804,-0.484322101,0.654653668,-0.351561517,-0.151716515,2.06474161,-1.32255089,-0.422141254,0.810132504,-0.810132504,0.197385505,-0.197385505,0
-0.878381312,-1.26539171,-1.75178492,-0.782062769,-0.82900995,-0.708575785,2.42828155,-0.617812753,-0.610092342,-0.255433619,1.24736142,-0.204124153,4.35889912,-1.06191313,-0.319262236,-0.635223389,1.755458,-0.347056448,-0.112508789,-0.470504045,-0.625543237,-0.112508789,-0.12852402,-0.210680857,-0.086929135,-0.321633756,-1.23114717,-0.32634443,-0.258198887,-0.232418686,2.08166599,-0.269046575,-0.444527596,1.38169861,-0.454572886,-0.581199288,-0.217072383,-0.687965453,0.925282896,-0.323994398,-3.10912633,-0.207424134,4.24824905,1.59861052,-0.533018887,-0.717740536,-0.432369769,-0.411813855,4.35889912,-2.0317986,-0.484322101,0.654653668,-0.351561517,-0.151716515,2.06474161,-1.32255089,-0.422141254,0.810132504,-0.810132504,0.197385505,-0.197385505,1
-0.652199566,-0.669011176,-0.861424148,1.0526886,2.49797392,-0.708575785,-0.411813855,-0.617812753,-0.610092342,-0.255433619,1.24736142,-0.204124153,-0.22941573,0.941696584,-0.319262236,-0.635223389,-0.569651902,-0.347056448,-0.112508789,-0.470504045,1.59861052,-0.112508789,-0.12852402,-0.210680857,-0.086929135,-0.321633756,-1.23114717,3.06424713,-0.258198887,-0.232418686,-0.480384469,3.71682858,-0.444527596,-0.723746836,-0.454572886,-0.581199288,-0.217072383,1.45356131,-1.08075047,-0.323994398,0.321633756,-0.207424134,-0.235391095,1.59861052,-0.533018887,-0.717740536,-0.432369769,-0.411813855,-0.22941573,0.492174804,-0.484322101,0.654653668,-0.351561517,-0.151716515,-0.484322101,0.756114542,-0.422141254,0.810132504,-0.810132504,0.197385505,-0.197385505,1
2.19060826,0.268158257,-0.861424148,1.0526886,1.09713864,-0.708575785,-0.411813855,-0.617812753,-0.610092342,-0.255433619,1.24736142,-0.204124153,-0.22941573,0.941696584,-0.319262236,-0.635223389,-0.569651902,2.88137555,-0.112508789,-0.470504045,-0.625543237,-0.112508789,-0.12852402,-0.210680857,-0.086929135,-0.321633756,-1.23114717,-0.32634443,-0.258198887,-0.232418686,2.08166599,-0.269046575,-0.444527596,1.38169861,-0.454572886,-0.581199288,4.60675812,-0.687965453,-1.08075047,-0.323994398,0.321633756,-0.207424134,-0.235391095,-0.625543237,-0.533018887,-0.717740536,2.31283522,-0.411813855,-0.22941573,0.492174804,-0.484322101,-1.52752519,2.84445238,-0.151716515,-0.484322101,0.756114542,-0.422141254,-1.23436594,1.23436594,0.197385505,-0.197385505,1
0.0978854671,-0.0726306289,-0.861424148,1.0526886,0.746929765,1.0356108,-0.411813855,-0.617812753,-0.610092342,-0.255433619,1.24736142,-0.204124153,-0.22941573,-1.06191313,-0.319262236,1.57424927,1.755458,-0.347056448,-0.112508789,-0.470504045,-0.625543237,-0.112508789,-0.12852402,-0.210680857,-0.086929135,-0.321633756,-1.23114717,-0.32634443,-0.258198887,-0.232418686,2.08166599,-0.269046575,2.24957919,-0.723746836,-0.454572886,-0.581199288,4.60675812,-0.687965453,-1.08075047,-0.323994398,0.321633756,-0.207424134,-0.235391095,1.59861052,-0.533018887,-0.717740536,-0.432369769,-0.411813855,-0.22941573,0.492174804,-0.484322101,0.654653668,-0.351561517,-0.151716515,-0.484322101,0.756114542,-0.422141254,-1.23436594,1.23436594,0.197385505,-0.197385505,1
1.45027864,-0.839405656,-1.75178492,1.0526886,0.309168726,1.0356108,-0.411813855,-0.617812753,-0.610092342,-0.255433619,1.24736142,-0.204124153,-0.22941573,-1.06191313,-0.319262236,1.57424927,1.755458,-0.347056448,-0.112508789,-0.470504045,-0.625543237,-0.112508789,-0.12852402,-0.210680857,-0.086929135,-0.321633756,0.812250614,-0.32634443,-0.258198887,-0.232418686,-0.480384469,-0.269046575,-0.444527596,1.38169861,-0.454572886,-0.581199288,-0.217072383,-0.687965453,0.925282896,-0.323994398,0.321633756,-0.207424134,-0.235391095,-0.625543237,1.87610602,-0.717740536,-0.432369769,-0.411813855,-0.22941573,0.492174804,-0.484322101,0.654653668,-0.351561517,-0.151716515,2.06474161,-1.32255089,-0.422141254,0.810132504,-0.810132504,0.197385505,-0.197385505,1
-0.699531555,0.268158257,0.919297576,-1.69943845,0.0465121083,-0.708575785,-0.411813855,-0.617812753,-0.610092342,-0.255433619,1.24736142,-0.204124153,-0.22941573,0.941696584,-0.319262236,-0.635223389,-0.569651902,-0.347056448,-0.112508789,-0.470504045,1.59861052,-0.112508789,-0.12852402,-0.210680857,-0.086929135,-0.321633756,0.812250614,-0.32634443,-0.258198887,-0.232418686,-0.480384469,-0.269046575,-0.444527596,-0.723746836,-0.454572886,1.7205801,-0.217072383,-0.687965453,0.925282896,-0.323994398,0.321633756,-0.207424134,-0.235391095,1.59861052,-0.533018887,-0.717740536,-0.432369769,-0.411813855,-0.22941573,0.492174804,-0.484322101,0.654653668,-0.351561517,-0.151716515,-0.484322101,-1.32255089,2.36887527,-1.23436594,1.23436594,0.197385505,-0.197385505,1
-0.889220655,-1.26539171,-0.861424148,0.135312915,2.49797392,-0.708575785,-0.411813855,-0.617812753,1.63909602,-0.255433619,-0.801692247,-0.204124153,-0.22941573,0.941696584,-0.319262236,-0.635223389,-0.569651902,-0.347056448,-0.112508789,-0.470504045,1.59861052,-0.112508789,-0.12852402,-0.210680857,-0.086929135,-0.321633756,0.812250614,-0.32634443,-0.258198887,-0.232418686,-0.480384469,-0.269046575,-0.444527596,1.38169861,-0.454572886,-0.581199288,-0.217072383,1.45356131,-1.08075047,-0.323994398,-3.10912633,-0.207424134,4.24824905,1.59861052,-0.533018887,-0.717740536,-0.432369769,-0.411813855,-0.22941573,0.492174804,-0.484322101,0.654653668,-0.351561517,-0.151716515,-0.484322101,0.756114542,-0.422141254,0.810132504,-0.810132504,0.197385505,-0.197385505,1
0.50905925,-0.498616755,0.028936727,-0.782062769,0.396720946,-0.708575785,-0.411813855,-0.617812753,-0.610092342,-0.255433619,1.24736142,-0.204124153,-0.22941573,0.941696584,-0.319262236,-0.635223389,-0.569651902,-0.347056448,-0.112508789,-0.470504045,-0.625543237,-0.112508789,-0.12852402,4.74651575,-0.086929135,-0.321633756,-1.23114717,3.06424713,-0.258198887,-0.232418686,-0.480384469,-0.269046575,-0.444527596,1.38169861,-0.454572886,-0.581199288,-0.217072383,-0.687965453,0.925282896,-0.323994398,0.321633756,-0.207424134,-0.235391095,-0.625543237,1.87610602,-0.717740536,-0.432369769,-0.411813855,-0.22941573,0.492174804,-0.484322101,0.654653668,-0.351561517,-0.151716515,-0.484322101,-1.32255089,2.36887527,-1.23436594,1.23436594,0.197385505,-0.197385505,0
-0.679659367,0.268158257,0.919297576,-0.782062769,0.659377575,1.0356108,2.42828155,1.61861348,-0.610092342,-0.255433619,-0.801692247,-0.204124153,-0.22941573,-1.06191313,3.13222146,-0.635223389,1.755458,-0.347056448,-0.112508789,-0.470504045,-0.625543237,-0.112508789,-0.12852402,-0.210680857,-0.086929135,-0.321633756,0.812250614,-0.32634443,-0.258198887,-0.232418686,-0.480384469,3.71682858,-0.444527596,-0.723746836,-0.454572886,-0.581199288,-0.217072383,-0.687965453,0.925282896,-0.323994398,0.321633756,-0.207424134,-0.235391095,1.59861052,-0.533018887,-0.717740536,-0.432369769,-0.411813855,-0.22941573,0.492174804,-0.484322101,-1.52752519,2.84445238,-0.151716515,-0.484322101,0.756114542,-0.422141254,0.810132504,-0.810132504,0.197385505,-0.197385505,0
0.700193644,0.268158257,0.919297576,-0.782062769,-0.9165622,-0.708575785,-0.411813855,-0.617812753,-0.610092342,3.91491127,-0.801692247,-0.204124153,-0.22941573,0.941696584,-0.319262236,-0.635223389,-0.569651902,-0.347056448,-0.112508789,-0.470504045,1.59861052,-0.112508789,-0.12852402,-0.210680857,-0.086929135,-0.321633756,0.812250614,-0.32634443,-0.258198887,-0.232418686,-0.480384469,-0.269046575,-0.444527596,-0.723746836,2.19986725,-0.581199288,-0.217072383,-0.687965453,0.925282896,-0.323994398,0.321633756,-0.207424134,-0.235391095,-0.625543237,-0.533018887,1.39326108,-0.432369769,2.42828155,-0.22941573,-2.0317986,-0.484322101,0.654653668,-0.351561517,-0.151716515,-0.484322101,0.756114542,-0.422141254,0.810132504,-0.810132504,0.197385505,-0.197385505,1
-0.600531876,0.268158257,0.028936727,-1.69943845,-0.303696722,-0.708575785,2.42828155,-0.617812753,-0.610092342,-0.255433619,1.24736142,-0.204124153,-0.22941573,0.941696584,-0.319262236,-0.635223389,-0.569651902,-0.347056448,-0.112508789,-0.470504045,1.59861052,-0.112508789,-0.12852402,-0.210680857,-0.086929135,-0.321633756,0.812250614,-0.32634443,-0.258198887,-0.232418686,-0.480384469,-0.269046575,-0.444527596,-0.723746836,2.19986725,-0.581199288,-0.217072383,-0.687965453,0.925282896,-0.323994398,0.321633756,-0.207424134,-0.235391095,-0.625543237,-0.533018887,1.39326108,-0.432369769,2.42828155,-0.22941573,-2.0317986,-0.484322101,0.654653668,-0.351561517,-0.151716515,-0.484322101,0.756114542,-0.422141254,0.810132504,-0.810132504,0.197385505,-0.197385505,1
4.04920053,2.31289172,-0.861424148,-0.782062769,-0.9165622,-0.708575785,-0.411813855,-0.617812753,1.63909602,-0.255433619,-0.801692247,4.89897966,-0.22941573,-1.06191313,-0.319262236,-0.635223389,-0.569651902,-0.347056448,-0.112508789,-0.470504045,-0.625543237,-0.112508789,-0.12852402,-0.210680857,-0.086929135,3.10912633,0.812250614,-0.32634443,-0.258198887,-0.232418686,-0.480384469,-0.269046575,-0.444527596,1.38169861,-0.454572886,-0.581199288,-0.217072383,-0.687965453,0.925282896,-0.323994398,0.321633756,-0.207424134,-0.235391095,-0.625543237,-0.533018887,1.39326108,-0.432369769,-0.411813855,-0.22941573,0.492174804,-0.484322101,0.654653668,-0.351561517,-0.151716515,-0.484322101,0.756114542,-0.422141254,-1.23436594,1.23436594,0.197385505,-0.197385505,0
-0.584272802,-0.924602866,0.028936727,-0.782062769,0.396720946,-0.708575785,2.42828155,-0.617812753,-0.610092342,-0.255433619,1.24736142,-0.204124153,-0.22941573,0.941696584,-0.319262236,-0.635223389,1.755458,-0.347056448,-0.112508789,-0.470504045,-0.625543237,-0.112508789,-0.12852402,-0.210680857,-0.086929135,-0.321633756,-1.23114717,-0.32634443,3.87298346,-0.232418686,-0.480384469,-0.269046575,-0.444527596,1.38169861,-0.454572886,-0.581199288,-0.217072383,-0.687965453,0.925282896,-0.323994398,0.321633756,-0.207424134,-0.235391095,-0.625543237,-0.533018887,-0.717740536,2.31283522,-0.411813855,-0.22941573,0.492174804,2.06474161,-1.52752519,-0.351561517,-0.151716515,2.06474161,-1.32255089,-0.422141254,0.810132504,-0.810132504,-5.06622791,5.06622791,1
0.382238507,0.779341578,-0.861424148,-0.782062769,-0.82900995,1.0356108,-0.411813855,-0.617812753,-0.610092342,-0.255433619,1.24736142,-0.204124153,-0.22941573,-1.06191313,3.13222146,-0.635223389,-0.569651902,-0.347056448,-0.112508789,-0.470504045,-0.625543237,-0.112508789,-0.12852402,-0.210680857,-0.086929135,3.10912633,-1.23114717,3.06424713,-0.258198887,-0.232418686,-0.480384469,-0.269046575,-0.444527596,1.38169861,-0.454572886,-0.581199288,-0.217072383,-0.687965453,0.925282896,-0.323994398,0.321633756,-0.207424134,-0.235391095,-0.625543237,1.87610602,-0.717740536,-0.432369769,-0.411813855,-0.22941573,0.492174804,-0.484322101,0.654653668,-0.351561517,-0.151716515,2.06474161,-1.32255089,-0.422141254,0.810132504,-0.810132504,0.197385505,-0.197385505,1
1.66562104,0.608947158,0.028936727,1.0526886,0.396720946,1.0356108,2.42828155,-0.617812753,-0.610092342,-0.255433619,1.24736142,-0.204124153,4.35889912,-1.06191313,-0.319262236,-0.635223389,-0.569651902,2.88137555,-0.112508789,-0.470504045,-0.625543237,-0.112508789,-0.12852402,-0.210680857,-0.086929135,-0.321633756,-1.23114717,-0.32634443,-0.258198887,-0.232418686,2.08166599,-0.269046575,2.24957919,-0.723746836,-0.454572886,-0.581199288,-0.217072383,-0.687965453,0.925282896,-0.323994398,-3.10912633,-0.207424134,4.24824905,1.59861052,-0.533018887,-0.717740536,-0.432369769,2.42828155,-0.22941573,-2.0317986,2.06474161,-1.52752519,-0.351561517,-0.151716515,-0.484322101,0.756114542,-0.422141254,-1.23436594,1.23436594,0.197385505,-0.197385505,1
-0.109869301,0.268158257,-0.861424148,-1.69943845,-0.128592297,-0.708575785,-0.411813855,1.61861348,-0.610092342,-0.255433619,-0.801692247,-0.204124153,-0.22941573,0.941696584,-0.319262236,-0.635223389,-0.569651902,2.88137555,-0.112508789,-0.470504045,-0.625543237,-0.112508789,-0.12852402,-0.210680857,-0.086929135,-0.321633756,0.812250614,-0.32634443,-0.258198887,-0.232418686,-0.480384469,-0.269046575,-0.444527596,-0.723746836,2.19986725,-0.581199288,-0.217072383,-0.687965453,0.925282896,-0.323994398,0.321633756,-0.207424134,-0.235391095,-0.625543237,-0.533018887,-0.717740536,2.31283522,-0.411813855,-0.22941573,0.492174804,-0.484322101,-1.52752519,2.84445238,-0.151716515,-0.484322101,-1.32255089,2.36887527,-1.23436594,1.23436594,0.197385505,-0.197385505,1
-0.97412914,-1.26539171,0.028936727,-1.69943845,-0.566353321,-0.708575785,-0.411813855,-0.617812753,-0.610092342,-0.255433619,1.24736142,-0.204124153,-0.22941573,0.941696584,-0.319262236,-0.635223389,-0.569651902,-0.347056448,-0.112508789,-0.470504045,1.59861052,-0.112508789,-0.12852402,-0.210680857,-0.086929135,-0.321633756,0.812250614,-0.32634443,-0.258198887,-0.232418686,-0.480384469,-0.269046575,-0.444527596,1.38169861,-0.454572886,-0.581199288,-0.217072383,1.45356131,-1.08075047,-0.323994398,0.321633756,-0.207424134,-0.235391095,1.59861052,-0.533018887,-0.717740536,-0.432369769,-0.411813855,-0.22941573,0.492174804,-0.484322101,0.654653668,-0.351561517,-0.151716515,-0.484322101,0.756114542,-0.422141254,0.810132504,-0.810132504,0.197385505,-0.197385505,1
-0.460342556,0.268158257,0.919297576,1.0526886,2.14776516,-0.708575785,-0.411813855,-0.617812753,-0.610092342,-0.255433619,1.24736142,-0.204124153,-0.22941573,-1.06191313,-0.319262236,1.57424927,1.755458,-0.347056448,-0.112508789,-0.470504045,-0.625543237,-0.112508789,-0.12852402,-0.210680857,-0.086929135,-0.321633756,-1.23114717,-0.32634443,-0.258198887,4.30257988,-0.480384469,-0.269046575,-0.444527596,-0.723746836,-0.454572886,1.7205801,-0.217072383,-0.687965453,0.925282896,-0.323994398,0.321633756,-0.207424134,-0.235391095,1.59861052,-0.533018887,-0.717740536,-0.432369769,-0.411813855,-0.22941573,0.492174804,-0.484322101,0.654653668,-0.351561517,-0.151716515,-0.484322101,0.756114542,-0.422141254,-1.23436594,1.23436594,0.197385505,-0.197385505,1
-0.603422344,-1.43578625,-0.861424148,-1.69943845,0.571825325,2.77979732,2.42828155,-0.617812753,-0.610092342,-0.255433619,1.24736142,-0.204124153,-0.22941573,-1.06191313,-0.319262236,1.57424927,-0.569651902,-0.347056448,-0.112508789,-0.470504045,1.59861052,-0.112508789,-0.12852402,-0.210680857,-0.086929135,-0.321633756,0.812250614,-0.32634443,-0.258198887,-0.232418686,-0.480384469,-0.269046575,-0.444527596,-0.723746836,2.19986725,-0.581199288,-0.217072383,-0.687965453,0.925282896,-0.323994398,0.321633756,-0.207424134,-0.235391095,1.59861052,-0.533018887,-0.717740536,-0.432369769,-0.411813855,-0.22941573,0.492174804,-0.484322101,0.654653668,-0.351561517,-0.151716515,2.06474161,-1.32255089,-0.422141254,0.810132504,-0.810132504,0.197385505,-0.197385505,1
-0.840443492,-0.754208446,0.919297576,1.0526886,0.484273136,-0.708575785,2.42828155,-0.617812753,1.63909602,-0.255433619,-0.801692247,-0.204124153,-0.22941573,0.941696584,-0.319262236,-0.635223389,1.755458,-0.347056448,-0.112508789,-0.470504045,-0.625543237,-0.112508789,-0.12852402,-0.210680857,-0.086929135,-0.321633756,0.812250614,-0.32634443,-0.258198887,-0.232418686,-0.480384469,-0.269046575,-0.444527596,-0.723746836,-0.454572886,1.7205801,-0.217072383,-0.687965453,0.925282896,-0.323994398,0.321633756,-0.207424134,-0.235391095,-0.625543237,-0.533018887,1.39326108,-0.432369769,2.42828155,-0.22941573,-2.0317986,-0.484322101,0.654653668,-0.351561517,-0.151716515,2.06474161,-1.32255089,-0.422141254,0.810132504,-0.810132504,0.197385505,-0.197385505,0
0.646358073,0.0125665907,-1.75178492,1.0526886,-0.566353321,1.0356108,-0.411813855,-0.617812753,-0.610092342,-0.255433619,1.24736142,4.89897966,-0.22941573,-1.06191313,-0.319262236,-0.635223389,1.755458,-0.347056448,-0.112508789,-0.470504045,-0.625543237,-0.112508789,-0.12852402,-0.210680857,-0.086929135,-0.321633756,-1.23114717,-0.32634443,-0.258198887,-0.232418686,2.08166599,-0.269046575,-0.444527596,1.38169861,-0.454572886,-0.581199288,-0.217072383,1.45356131,-1.08075047,-0.323994398,0.321633756,-0.207424134,-0.235391095,-0.625543237,1.87610602,-0.717740536,-0.432369769,2.42828155,-0.22941573,-2.0317986,-0.484322101,0.654653668,-0.351561517,-0.151716515,-0.484322101,0.756114542,-0.422141254,-1.23436594,1.23436594,0.197385505,-0.197385505,0
-0.0712088495,-0.754208446,0.028936727,-1.69943845,-0.128592297,-0.708575785,-0.411813855,-0.617812753,1.63909602,-0.255433619,-0.801692247,-0.204124153,-0.22941573,0.941696584,-0.319262236,-0.635223389,-0.569651902,-0.347056448,-0.112508789,2.12538028,-0.625543237,-0.112508789,-0.12852402,-0.210680857,-0.086929135,-0.321633756,0.812250614,-0.32634443,-0.258198887,-0.232418686,-0.480384469,-0.269046575,2.24957919,-0.723746836,-0.454572886,-0.581199288,-0.217072383,1.45356131,-1.08075047,-0.323994398,0.321633756,-0.207424134,-0.235391095,1.59861052,-0.533018887,-0.717740536,-0.432369769,-0.411813855,-0.22941573,0.492174804,2.06474161,-1.52752519,-0.351561517,-0.151716515,-0.484322101,-1.32255089,2.36887527,0.810132504,-0.810132504,0.197385505,-0.197385505,1
-0.163343579,-0.754208446,-1.75178492,-0.782062769,-0.9165622,-0.708575785,-0.411813855,-0.617812753,1.63909602,-0.255433619,-0.801692247,-0.204124153,-0.22941573,0.941696584,-0.319262236,-0.635223389,-0.569651902,-0.347056448,-0.112508789,2.12538028,-0.625543237,-0.112508789,-0.12852402,-0.210680857,-0.086929135,-0.321633756,-1.23114717,-0.32634443,-0.258198887,-0.232418686,2.08166599,-0.269046575,-0.444527596,-0.723746836,-0.454572886,1.7205801,-0.217072383,1.45356131,-1.08075047,-0.323994398,0.321633756,-0.207424134,-0.235391095,-0.625543237,1.87610602,-0.717740536,-0.432369769,2.42828155,-0.22941573,-2.0317986,-0.484322101,0.654653668,-0.351561517,-0.151716515,-0.484322101,0.756114542,-0.422141254,-1.23436594,1.23436594,0.197385505,-0.197385505,0
1.66200793,0.268158257,0.028936727,0.135312915,0.221616521,-0.708575785,-0.411813855,-0.617812753,-0.610092342,-0.255433619,1.24736142,-0.204124153,-0.22941573,0.941696584,-0.319262236,-0.635223389,-0.569651902,2.88137555,-0.112508789,-0.470504045,-0.625543237,-0.112508789,-0.12852402,-0.210680857,-0.086929135,-0.321633756,0.812250614,-0.32634443,-0.258198887,-0.232418686,-0.480384469,-0.269046575,-0.444527596,-0.723746836,2.19986725,-0.581199288,-0.217072383,-0.687965453,0.925282896,-0.323994398,0.321633756,-0.207424134,-0.235391095,-0.625543237,-0.533018887,1.39326108,-0.432369769,-0.411813855,-0.22941573,0.492174804,-0.484322101,0.654653668,-0.351561517,-0.151716515,-0.484322101,-1.32255089,2.36887527,-1.23436594,1.23436594,0.197385505,-0.197385505,1
-0.786246598,-0.924602866,0.919297576,0.135312915,1.18469083,1.0356108,-0.411813855,1.61861348,-0.610092342,-0.255433619,-0.801692247,-0.204124153,-0.22941573,-1.06191313,-0.319262236,1.57424927,1.755458,-0.347056448,-0.112508789,-0.470504045,-0.625543237,-0.112508789,-0.12852402,-0.210680857,-0.086929135,-0.321633756,0.812250614,-0.32634443,-0.258198887,-0.232418686,-0.480384469,-0.269046575,-0.444527596,-0.723746836,2.19986725,-0.581199288,-0.217072383,-0.687965453,0.925282896,-0.323994398,-3.10912633,4.82103968,-0.235391095,-0.625543237,1.87610602,-0.717740536,-0.432369769,-0.411813855,-0.22941573,0.492174804,-0.484322101,0.654653668,-0.351561517,-0.151716515,-0.484322101,0.756114542,-0.422141254,-1.23436594,1.23436594,0.197385505,-0.197385505,1
0.30455631,0.268158257,0.028936727,0.135312915,0.659377575,-0.708575785,-0.411813855,-0.617812753,1.63909602,-0.255433619,-0.801692247,-0.204124153,-0.22941573,0.941696584,-0.319262236,-0.635223389,-0.569651902,-0.347056448,-0.112508789,2.12538028,-0.625543237,-0.112508789,-0.12852402,-0.210680857,-0.086929135,-0.321633756,0.812250614,-0.32634443,-0.258198887,-0.232418686,-0.480384469,-0.269046575,-0.444527596,-0.723746836,2.19986725,-0.581199288,4.60675812,-0.687965453,-1.08075047,-0.323994398,0.321633756,-0.207424134,-0.235391095,-0.625543237,-0.533018887,1.39326108,-0.432369769,-0.411813855,-0.22941573,0.492174804,-0.484322101,0.654653668,-0.351561517,-0.151716515,-0.484322101,0.756114542,-0.422141254,-1.23436594,1.23436594,0.197385505,-0.197385505,0
0.157863364,-0.754208446,-1.75178492,0.135312915,-0.391248912,-0.708575785,2.42828155,1.61861348,-0.610092342,-0.255433619,-0.801692247,-0.204124153,-0.22941573,0.941696584,-0.319262236,-0.635223389,1.755458,-0.347056448,-0.112508789,-0.470504045,-0.625543237,-0.112508789,-0.12852402,-0.210680857,-0.086929135,-0.321633756,-1.23114717,-0.32634443,-0.258198887,4.30257988,-0.480384469,-0.269046575,-0.444527596,1.38169861,-0.454572886,-0.581199288,-0.217072383,-0.687965453,0.925282896,-0.323994398,0.321633756,-0.207424134,-0.235391095,-0.625543237,1.87610602,-0.717740536,-0.432369769,-0.411813855,-0.22941573,0.492174804,-0.484322101,0.654653668,-0.351561517,-0.151716515,-0.484322101,0.756114542,-0.422141254,0.810132504,-0.810132504,0.197385505,-0.197385505,1
-0.668458641,-0.924602866,-0.861424148,1.0526886,2.49797392,-0.708575785,-0.411813855,-0.617812753,-0.610092342,-0.255433619,1.24736142,-0.204124153,-0.22941573,0.941696584,-0.319262236,-0.635223389,1.755458,-0.347056448,-0.112508789,-0.470504045,-0.625543237,-0.112508789,-0.12852402,-0.210680857,-0.086929135,-0.321633756,0.812250614,-0.32634443,-0.258198887,-0.232418686,-0.480384469,-0.269046575,-0.444527596,1.38169861,-0.454572886,-0.581199288,-0.217072383,1.45356131,-1.08075047,-0.323994398,0.321633756,-0.207424134,-0.235391095,-0.625543237,-0.533018887,1.39326108,-0.432369769,-0.411813855,-0.22941573,0.492174804,-0.484322101,0.654653668,-0.351561517,-0.151716515,-0.484322101,0.756114542,-0.422141254,-1.23436594,1.23436594,0.197385505,-0.197385505,1
1.61286938,1.29052496,-0.861424148,1.0526886,0.396720946,1.0356108,-0.411813855,-0.617812753,-0.610092342,-0.255433619,1.24736142,-0.204124153,-0.22941573,-1.06191313,3.13222146,-0.635223389,-0.569651902,-0.347056448,-0.112508789,2.12538028,-0.625543237,-0.112508789,-0.12852402,-0.210680857,-0.086929135,-0.321633756,-1.23114717,-0.32634443,3.87298346,-0.232418686,-0.480384469,-0.269046575,-0.444527596,-0.723746836,2.19986725,-0.581199288,-0.217072383,1.45356131,-1.08075047,-0.323994398,0.321633756,-0.207424134,-0.235391095,-0.625543237,-0.533018887,1.39326108,-0.432369769,-0.411813855,-0.22941573,0.492174804,-0.484322101,0.654653668,-0.351561517,-0.151716515,-0.484322101,0.756114542,-0.422141254,-1.23436594,1.23436594,0.197385505,-0.197385505,1
0.527847528,-0.754208446,-1.75178492,1.0526886,-1.35432315,-0.708575785,-0.411813855,-0.617812753,-0.610092342,-0.255433619,1.24736142,-0.204124153,-0.22941573,0.941696584,-0.319262236,-0.635223389,-0.569651902,2.88137555,-0.112508789,-0.470504045,-0.625543237,-0.112508789,-0.12852402,-0.210680857,-0.086929135,-0.321633756,-1.23114717,-0.32634443,-0.258198887,-0.232418686,2.08166599,-0.269046575,2.24957919,-0.723746836,-0.454572886,-0.581199288,-0.217072383,1.45356131,-1.08075047,-0.323994398,0.321633756,-0.207424134,-0.235391095,-0.625543237,-0.533018887,1.39326108,-0.432369769,-0.411813855,-0.22941573,0.492174804,2.06474161,-1.52752519,-0.351561517,-0.151716515,-0.484322101,0.756114542,-0.422141254,0.810132504,-0.810132504,0.197385505,-0.197385505,1
-0.204894528,-1.26539171,-0.861424148,0.135312915,0.746929765,-0.708575785,2.42828155,1.61861348,-0.610092342,-0.255433619,-0.801692247,-0.204124153,-0.22941573,0.941696584,-0.319262236,-0.635223389,-0.569651902,-0.347056448,-0.112508789,-0.470504045,1.59861052,-0.112508789,-0.12852402,-0.210680857,-0.086929135,-0.321633756,-1.23114717,-0.32634443,3.87298346,-0.232418686,-0.480384469,-0.269046575,-0.444527596,1.38169861,-0.454572886,-0.581199288,-0.217072383,-0.687965453,0.925282896,-0.323994398,0.321633756,-0.207424134,-0.235391095,1.59861052,-0.533018887,-0.717740536,-0.432369769,-0.411813855,-0.22941573,0.492174804,2.06474161,-1.52752519,-0.351561517,-0.151716515,-0.484322101,0.756114542,-0.422141254,0.810132504,-0.810132504,0.197385505,-0.197385505,1
0.661533177,-0.498616755,-1.75178492,1.0526886,2.06021285,-0.708575785,-0.411813855,-0.617812753,-0.610092342,-0.255433619,1.24736142,-0.204124153,-0.22941573,-1.06191313,-0.319262236,1.57424927,1.755458,-0.347056448,-0.112508789,-0.470504045,-0.625543237,-0.112508789,-0.12852402,-0.210680857,-0.086929135,-0.321633756,-1.23114717,-0.32634443,-0.258198887,-0.232418686,2.08166599,-0.269046575,-0.444527596,-0.723746836,-0.454572886,1.7205801,-0.217072383,1.45356131,-1.08075047,-0.323994398,0.321633756,-0.207424134,-0.235391095,-0.625543237,-0.533018887,1.39326108,-0.432369769,-0.411813855,-0.22941573,0.492174804,-0.484322101,0.654653668,-0.351561517,-0.151716515,-0.484322101,0.756114542,-0.422141254,-1.23436594,1.23436594,0.197385505,-0.197385505,1
-0.0101470137,-0.498616755,-0.861424148,0.135312915,-1.35432315,-0.708575785,-0.411813855,-0.617812753,-0.610092342,-0.255433619,1.24736142,-0.204124153,-0.22941573,0.941696584,-0.319262236,-0.635223389,1.755458,-0.347056448,-0.112508789,-0.470504045,-0.625543237,-0.112508789,-0.12852402,-0.210680857,-0.086929135,-0.321633756,-1.23114717,-0.32634443,-0.258198887,4.30257988,-0.480384469,-0.269046575,-0.444527596,-0.723746836,2.19986725,-0.581199288,-0.217072383,1.45356131,-1.08075047,-0.323994398,0.321633756,-0.207424134,-0.235391095,-0.625543237,-0.533018887,1.39326108,-0.432369769,-0.411813855,-0.22941573,0.492174804,2.06474161,-1.52752519,-0.351561517,-0.151716515,-0.484322101,0.756114542,-0.422141254,0.810132504,-0.810132504,0.197385505,-0.197385505,1
0.0664512664,-1.09499729,-1.75178492,1.0526886,0.309168726,1.0356108,-0.411813855,1.61861348,-0.610092342,-0.255433619,-0.801692247,-0.204124153,-0.22941573,-1.06191313,-0.319262236,1.57424927,1.755458,-0.347056448,-0.112508789,-0.470504045,-0.625543237,-0.112508789,-0.12852402,-0.210680857,-0.086929135,-0.321633756,0.812250614,-0.32634443,-0.258198887,-0.232418686,-0.480384469,-0.269046575,-0.444527596,-0.723746836,2.19986725,-0.581199288,-0.217072383,-0.687965453,0.925282896,-0.323994398,0.321633756,-0.207424134,-0.235391095,1.59861052,-0.533018887,-0.717740536,-0.432369769,-0.411813855,-0.22941573,0.492174804,-0.484322101,0.654653668,-0.351561517,-0.151716515,2.06474161,-1.32255089,-0.422141254,0.810132504,-0.810132504,-5.06622791,5.06622791,1
0.391271323,-0.243025079,0.919297576,0.135312915,0.396720946,-0.708575785,-0.411813855,-0.617812753,1.63909602,-0.255433619,-0.801692247,-0.204124153,-0.22941573,-1.06191313,3.13222146,-0.635223389,-0.569651902,-0.347056448,-0.112508789,2.12538028,-0.625543237,-0.112508789,-0.12852402,-0.210680857,-0.086929135,-0.321633756,0.812250614,-0.32634443,-0.258198887,-0.232418686,-0.480384469,-0.269046575,-0.444527596,-0.723746836,-0.454572886,1.7205801,4.60675812,-0.687965453,-1.08075047,-0.323994398,0.321633756,-0.207424134,-0.235391095,-0.625543237,-0.533018887,-0.717740536,2.31283522,-0.411813855,-0.22941573,0.492174804,-0.484322101,0.654653668,-0.351561517,-0.151716515,-0.484322101,-1.32255089,2.36887527,-1.23436594,1.23436594,0.197385505,-0.197385505,0
2.83266091,1.29052496,0.919297576,-0.782062769,-0.478801131,-0.708575785,-0.411813855,-0.617812753,-0.610092342,-0.255433619,1.24736142,-0.204124153,-0.22941573,-1.06191313,-0.319262236,1.57424927,-0.569651902,2.88137555,-0.112508789,-0.470504045,-0.625543237,-0.112508789,-0.12852402,-0.210680857,-0.086929135,-0.321633756,-1.23114717,-0.32634443,-0.258198887,-0.232418686,2.08166599,-0.269046575,-0.444527596,1.38169861,-0.454572886,-0.581199288,-0.217072383,-0.687965453,0.925282896,-0.323994398,0.321633756,-0.207424134,-0.235391095,-0.625543237,-0.533018887,1.39326108,-0.432369769,-0.411813855,-0.22941573,0.492174804,-0.484322101,0.654653668,-0.351561517,-0.151716515,-0.484322101,-1.32255089,2.36887527,-1.23436594,1.23436594,0.197385505,-0.197385505,1
-0.88452363,-0.754208446,0.919297576,0.135312915,2.6730783,-0.708575785,-0.411813855,-0.617812753,1.63909602,-0.255433619,-0.801692247,-0.204124153,-0.22941573,0.941696584,-0.319262236,-0.635223389,-0.569651902,-0.347056448,-0.112508789,-0.470504045,1.59861052,-0.112508789,-0.12852402,-0.210680857,-0.086929135,-0.321633756,-1.23114717,-0.32634443,3.87298346,-0.232418686,-0.480384469,-0.269046575,-0.444527596,1.38169861,-0.454572886,-0.581199288,-0.217072383,-0.687965453,0.925282896,-0.323994398,0.321633756,-0.207424134,-0.235391095,1.59861052,-0.533018887,-0.717740536,-0.432369769,-0.411813855,-0.22941573,0.492174804,-0.484322101,0.654653668,-0.351561517,-0.151716515,2.06474161,-1.32255089,-0.422141254,0.810132504,-0.810132504,0.197385505,-0.197385505,0
-0.664845526,-1.26539171,0.919297576,0.135312915,3.46104813,-0.708575785,-0.411813855,1.61861348,-0.610092342,-0.255433619,-0.801692247,-0.204124153,-0.22941573,0.941696584,-0.319262236,-0.635223389,1.755458,-0.347056448,-0.112508789,-0.470504045,-0.625543237,-0.112508789,-0.12852402,-0.210680857,-0.086929135,-0.321633756,-1.23114717,-0.32634443,-0.258198887,-0.232418686,2.08166599,3.71682858,-0.444527596,-0.723746836,-0.454572886,-0.581199288,-0.217072383,1.45356131,-1.08075047,-0.323994398,0.321633756,-0.207424134,-0.235391095,-0.625543237,1.87610602,-0.717740536,-0.432369769,-0.411813855,-0.22941573,0.492174804,-0.484322101,0.654653668,-0.351561517,-0.151716515,-0.484322101,-1.32255089,2.36887527,-1.23436594,1.23436594,0.197385505,-0.197385505,1
-0.762761235,-0.754208446,0.919297576,0.135312915,-0.566353321,1.0356108,-0.411813855,-0.617812753,1.63909602,-0.255433619,-0.801692247,-0.204124153,-0.22941573,0.941696584,-0.319262236,-0.635223389,-0.569651902,-0.347056448,-0.112508789,-0.470504045,1.59861052,-0.112508789,-0.12852402,-0.210680857,-0.086929135,-0.321633756,0.812250614,-0.32634443,-0.258198887,-0.232418686,-0.480384469,-0.269046575,-0.444527596,-0.723746836,2.19986725,-0.581199288,-0.217072383,-0.687965453,0.925282896,-0.323994398,-3.10912633,-0.207424134,4.24824905,1.59861052,-0.533018887,-0.717740536,-0.432369769,-0.411813855,-0.22941573,0.492174804,-0.484322101,0.654653668,-0.351561517,-0.151716515,-0.484322101,0.756114542,-0.422141254,0.810132504,-0.810132504,-5.06622791,5.06622791,1
-0.617513537,-0.243025079,0.919297576,-0.782062769,-0.303696722,-0.708575785,-0.411813855,-0.617812753,-0.610092342,-0.255433619,1.24736142,-0.204124153,-0.22941573,0.941696584,-0.319262236,-0.635223389,-0.569651902,-0.347056448,-0.112508789,-0.470504045,1.59861052,-0.112508789,-0.12852402,-0.210680857,-0.086929135,-0.321633756,0.812250614,-0.32634443,-0.258198887,-0.232418686,-0.480384469,-0.269046575,-0.444527596,1.38169861,-0.454572886,-0.581199288,-0.217072383,-0.687965453,0.925282896,-0.323994398,0.321633756,-0.207424134,-0.235391095,-0.625543237,-0.533018887,-0.717740536,2.31283522,-0.411813855,-0.22941573,0.492174804,-0.484322101,-1.52752519,2.84445238,-0.151716515,-0.484322101,-1.32255089,2.36887527,-1.23436594,1.23436594,0.197385505,-0.197385505,1
0.494606733,0.779341578,-0.861424148,-0.782062769,-0.303696722,1.0356108,-0.411813855,1.61861348,-0.610092342,-0.255433619,-0.801692247,4.89897966,-0.22941573,-1.06191313,-0.319262236,-0.635223389,-0.569651902,-0.347056448,-0.112508789,2.12538028,-0.625543237,-0.112508789,-0.12852402,-0.210680857,-0.086929135,-0.321633756,0.812250614,-0.32634443,-0.258198887,-0.232418686,-0.480384469,-0.269046575,-0.444527596,1.38169861,-0.454572886,-0.581199288,4.60675812,-0.687965453,-1.08075047,-0.323994398,-3.10912633,-0.207424134,4.24824905,1.59861052,-0.533018887,-0.717740536,-0.432369769,-0.411813855,-0.22941573,0.492174804,-0.484322101,0.654653668,-0.351561517,-0.151716515,-0.484322101,0.756114542,-0.422141254,0.810132504,-0.810132504,0.197385505,-0.197385505,1
0.299136609,1.80170822,0.919297576,1.0526886,0.0465121083,1.0356108,-0.411813855,-0.617812753,-0.610092342,-0.255433619,1.24736142,-0.204124153,-0.22941573,-1.06191313,-0.319262236,1.57424927,-0.569651902,-0.347056448,-0.112508789,2.12538028,-0.625543237,-0.112508789,-0.12852402,-0.210680857,-0.086929135,-0.321633756,-1.23114717,-0.32634443,3.87298346,-0.232418686,-0.480384469,-0.269046575,-0.444527596,1.38169861,-0.454572886,-0.581199288,-0.217072383,-0.687965453,0.925282896,-0.323994398,0.321633756,-0.207424134,-0.235391095,1.59861052,-0.533018887,-0.717740536,-0.432369769,-0.411813855,-0.22941573,0.492174804,-0.484322101,0.654653668,-0.351561517,-0.151716515,-0.484322101,0.756114542,-0.422141254,-1.23436594,1.23436594,0.197385505,-0.197385505,1
0.751138747,0.523749948,-0.861424148,1.0526886,1.27224302,1.0356108,-0.411813855,1.61861348,-0.610092342,-0.255433619,-0.801692247,4.89897966,-0.22941573,-1.06191313,-0.319262236,-0.635223389,-0.569651902,-0.347056448,-0.112508789,-0.470504045,-0.625543237,-0.112508789,-0.12852402,-0.210680857,-0.086929135,3.10912633,0.812250614,-0.32634443,-0.258198887,-0.232418686,-0.480384469,3.71682858,-0.444527596,-0.723746836,-0.454572886,-0.581199288,-0.217072383,-0.687965453,0.925282896,-0.323994398,0.321633756,-0.207424134,-0.235391095,-0.625543237,1.87610602,-0.717740536,-0.432369769,-0.411813855,4.35889912,-2.0317986,-0.484322101,0.654653668,-0.351561517,-0.151716515,-0.484322101,0.756114542,-0.422141254,-1.23436594,1.23436594,0.197385505,-0.197385505,0
-0.31112045,0.0125665907,-1.75178492,1.0526886,1.00958633,1.0356108,-0.411813855,-0.617812753,1.63909602,-0.255433619,-0.801692247,-0.204124153,-0.22941573,-1.06191313,3.13222146,-0.635223389,1.755458,-0.347056448,-0.112508789,-0.470504045,-0.625543237,-0.112508789,-0.12852402,-0.210680857,-0.086929135,-0.321633756,0.812250614,-0.32634443,-0.258198887,-0.232418686,-0.480384469,-0.269046575,-0.444527596,1.38169861,-0.454572886,-0.581199288,4.60675812,-0.687965453,-1.08075047,-0.323994398,0.321633756,-0.207424134,-0.235391095,-0.625543237,1.87610602,-0.717740536,-0.432369769,-0.411813855,-0.22941573,0.492174804,-0.484322101,0.654653668,-0.351561517,-0.151716515,-0.484322101,0.756114542,-0.422141254,0.810132504,-0.810132504,0.197385505,-0.197385505,1
-0.620042741,-0.754208446,0.919297576,-1.69943845,-1.09166658,-0.708575785,-0.411813855,1.61861348,-0.610092342,-0.255433619,-0.801692247,-0.204124153,-0.22941573,0.941696584,-0.319262236,-0.635223389,-0.569651902,-0.347056448,-0.112508789,-0.470504045,1.59861052,-0.112508789,-0.12852402,-0.210680857,-0.086929135,-0.321633756,0.812250614,-0.32634443,-0.258198887,-0.232418686,-0.480384469,-0.269046575,-0.444527596,1.38169861,-0.454572886,-0.581199288,-0.217072383,1.45356131,-1.08075047,-0.323994398,0.321633756,-0.207424134,-0.235391095,-0.625543237,-0.533018887,1.39326108,-0.432369769,2.42828155,-0.22941573,-2.0317986,-0.484322101,0.654653668,-0.351561517,-0.151716515,-0.484322101,0.756114542,-0.422141254,0.810132504,-0.810132504,0.197385505,-0.197385505,1
3.44508576,2.31289172,0.919297576,-1.69943845,0.134064317,-0.708575785,-0.411813855,-0.617812753,-0.610092342,-0.255433619,1.24736142,-0.204124153,-0.22941573,-1.06191313,3.13222146,-0.635223389,-0.569651902,-0.347056448,-0.112508789,-0.470504045,1.59861052,-0.112508789,-0.12852402,-0.210680857,-0.086929135,-0.321633756,-1.23114717,-0.32634443,3.87298346,-0.232418686,-0.480384469,-0.269046575,-0.444527596,-0.723746836,2.19986725,-0.581199288,-0.217072383,-0.687965453,0.925282896,-0.323994398,0.321633756,-0.207424134,-0.235391095,-0.625543237,-0.533018887,1.39326108,-0.432369769,-0.411813855,-0.22941573,0.492174804,-0.484322101,0.654653668,-0.351561517,-0.151716515,-0.484322101,-1.32255089,2.36887527,-1.23436594,1.23436594,0.197385505,-0.197385505,1
-0.688330829,-0.924602866,0.919297576,1.0526886,-0.74145776,-0.708575785,-0.411813855,-0.617812753,-0.610092342,-0.255433619,1.24736142,-0.204124153,-0.22941573,0.941696584,-0.319262236,-0.635223389,1.755458,-0.347056448,-0.112508789,-0.470504045,-0.625543237,-0.112508789,-0.12852402,-0.210680857,-0.086929135,-0.321633756,-1.23114717,-0.32634443,-0.258198887,-0.232418686,2.08166599,-0.269046575,-0.444527596,1.38169861,-0.454572886,-0.581199288,-0.217072383,-0.687965453,0.925282896,-0.323994398,-3.10912633,-0.207424134,4.24824905,-0.625543237,1.87610602,-0.717740536,-0.432369769,-0.411813855,-0.22941573,0.492174804,-0.484322101,0.654653668,-0.351561517,-0.151716515,2.06474161,-1.32255089,-0.422141254,0.810132504,-0.810132504,0.197385505,-0.197385505,0
1.52398646,1.29052496,-0.861424148,-0.782062769,1.62245178,-0.708575785,-0.411813855,-0.617812753,1.63909602,-0.255433619,-0.801692247,-0.204124153,-0.22941573,-1.06191313,3.13222146,-0.635223389,1.755458,-0.347056448,-0.112508789,-0.470504045,-0.625543237,-0.112508789,-0.12852402,-0.210680857,-0.086929135,-0.321633756,0.812250614,-0.32634443,-0.258198887,-0.232418686,-0.480384469,-0.269046575,-0.444527596,1.38169861,-0.454572886,-0.581199288,-0.217072383,1.45356131,-1.08075047,-0.323994398,0.321633756,-0.207424134,-0.235391095,-0.625543237,1.87610602,-0.717740536,-0.432369769,-0.411813855,-0.22941573,0.492174804,2.06474161,-1.52752519,-0.351561517,-0.151716515,-0.484322101,0.756114542,-0.422141254,0.810132504,-0.810132504,0.197385505,-0.197385505,1
-0.255478293,-1.00980008,-0.861424148,1.0526886,1.35979521,-0.708575785,-0.411813855,-0.617812753,-0.610092342,-0.255433619,1.24736142,-0.204124153,-0.22941573,0.941696584,-0.319262236,-0.635223389,1.755458,-0.347056448,-0.112508789,-0.470504045,-0.625543237,-0.112508789,-0.12852402,-0.210680857,-0.086929135,-0.321633756,-1.23114717,-0.32634443,3.87298346,-0.232418686,-0.480384469,-0.269046575,-0.444527596,-0.723746836,-0.454572886,1.7205801,-0.217072383,-0.687965453,0.925282896,-0.323994398,0.321633756,-0.207424134,-0.235391095,-0.625543237,-0.533018887,-0.717740536,2.31283522,-0.411813855,-0.22941573,0.492174804,-0.484322101,-1.52752519,2.84445238,-0.151716515,2.06474161,-1.32255089,-0.422141254,0.810132504,-0.810132504,0.197385505,-0.197385505,1
-0.424572617,0.268158257,-1.75178492,-1.69943845,-1.17921877,-0.708575785,-0.411813855,-0.617812753,1.63909602,-0.255433619,-0.801692247,-0.204124153,-0.22941573,0.941696584,-0.319262236,-0.635223389,-0.569651902,-0.347056448,-0.112508789,-0.470504045,1.59861052,-0.112508789,-0.12852402,-0.210680857,-0.086929135,-0.321633756,0.812250614,-0.32634443,-0.258198887,-0.232418686,-0.480384469,-0.269046575,2.24957919,-0.723746836,-0.454572886,-0.581199288,-0.217072383,-0.687965453,-1.08075047,3.08647299,0.321633756,-0.207424134,-0.235391095,-0.625543237,1.87610602,-0.717740536,-0.432369769,-0.411813855,-0.22941573,0.492174804,-0.484322101,0.654653668,-0.351561517,-0.151716515,-0.484322101,0.756114542,-0.422141254,-1.23436594,1.23436594,0.197385505,-0.197385505,0
-0.700615466,0.268158257,-0.861424148,1.0526886,0.0465121083,1.0356108,-0.411813855,-0.617812753,-0.610092342,3.91491127,-0.801692247,-0.204124153,-0.22941573,-1.06191313,-0.319262236,1.57424927,-0.569651902,-0.347056448,-0.112508789,-0.470504045,-0.625543237,-0.112508789,-0.12852402,-0.210680857,-0.086929135,3.10912633,-1.23114717,-0.32634443,-0.258198887,4.30257988,-0.480384469,-0.269046575,-0.444527596,1.38169861,-0.454572886,-0.581199288,4.60675812,-0.687965453,-1.08075047,-0.323994398,0.321633756,-0.207424134,-0.235391095,1.59861052,-0.533018887,-0.717740536,-0.432369769,-0.411813855,-0.22941573,0.492174804,-0.484322101,0.654653668,-0.351561517,-0.151716515,-0.484322101,0.756114542,-0.422141254,-1.23436594,1.23436594,0.197385505,-0.197385505,1
0.276373923,2.31289172,0.919297576,-1.69943845,0.484273136,1.0356108,2.42828155,-0.617812753,1.63909602,-0.255433619,-0.801692247,-0.204124153,-0.22941573,0.941696584,-0.319262236,-0.635223389,-0.569651902,-0.347056448,-0.112508789,-0.470504045,1.59861052,-0.112508789,-0.12852402,-0.210680857,-0.086929135,-0.321633756,-1.23114717,-0.32634443,-0.258198887,-0.232418686,2.08166599,-0.269046575,-0.444527596,-0.723746836,2.19986725,-0.581199288,-0.217072383,-0.687965453,0.925282896,-0.323994398,0.321633756,-0.207424134,-0.235391095,-0.625543237,-0.533018887,1.39326108,-0.432369769,-0.411813855,-0.22941573,0.492174804,-0.484322101,0.654653668,-0.351561517,-0.151716515,-0.484322101,0.756114542,-0.422141254,-1.23436594,1.23436594,0.197385505,-0.197385505,1
0.410782218,0.268158257,-1.75178492,1.0526886,1.09713864,-0.708575785,-0.411813855,-0.617812753,1.63909602,-0.255433619,-0.801692247,-0.204124153,-0.22941573,0.941696584,-0.319262236,-0.635223389,-0.569651902,-0.347056448,-0.112508789,2.12538028,-0.625543237,-0.112508789,-0.12852402,-0.210680857,-0.086929135,-0.321633756,-1.23114717,-0.32634443,-0.258198887,-0.232418686,2.08166599,-0.269046575,-0.444527596,1.38169861,-0.454572886,-0.581199288,-0.217072383,1.45356131,-1.08075047,-0.323994398,0.321633756,-0.207424134,-0.235391095,-0.625543237,1.87610602,-0.717740536,-0.432369769,-0.411813855,-0.22941573,0.492174804,-0.484322101,0.654653668,-0.351561517,-0.151716515,2.06474161,-1.32255089,-0.422141254,-1.23436594,1.23436594,0.197385505,-0.197385505,1
0.203388751,0.268158257,0.919297576,1.0526886,1.27224302,-0.708575785,-0.411813855,-0.617812753,-0.610092342,-0.255433619,1.24736142,-0.204124153,-0.22941573,-1.06191313,-0.319262236,1.57424927,-0.569651902,-0.347056448,-0.112508789,2.12538028,-0.625543237,-0.112508789,-0.12852402,-0.210680857,-0.086929135,-0.321633756,-1.23114717,-0.32634443,-0.258198887,4.30257988,-0.480384469,-0.269046575,-0.444527596,1.38169861,-0.454572886,-0.581199288,-0.217072383,-0.687965453,0.925282896,-0.323994398,0.321633756,-0.207424134,-0.235391095,1.59861052,-0.533018887,-0.717740536,-0.432369769,-0.411813855,-0.22941573,0.492174804,-0.484322101,0.654653668,-0.351561517,-0.151716515,-0.484322101,0.756114542,-0.422141254,-1.23436594,1.23436594,0.197385505,-0.197385505,1
-0.838275611,-0.924602866,0.919297576,0.135312915,0.396720946,-0.708575785,-0.411813855,-0.617812753,-0.610092342,-0.255433619,1.24736142,-0.204124153,-0.22941573,0.941696584,-0.319262236,-0.635223389,-0.569651902,-0.347056448,-0.112508789,-0.470504045,-0.625543237,-0.112508789,-0.12852402,-0.210680857,11.503623,-0.321633756,-1.23114717,-0.32634443,-0.258198887,-0.232418686,2.08166599,-0.269046575,-0.444527596,-0.723746836,2.19986725,-0.581199288,-0.217072383,1.45356131,-1.08075047,-0.323994398,0.321633756,-0.207424134,-0.235391095,-0.625543237,1.87610602,-0.717740536,-0.432369769,-0.411813855,-0.22941573,0.492174804,-0.484322101,0.654653668,-0.351561517,-0.151716515,-0.484322101,0.756114542,-0.422141254,-1.23436594,1.23436594,0.197385505,-0.197385505,1
2.76798582,1.29052496,-0.861424148,-0.782062769,0.834481955,1.0356108,2.42828155,-0.617812753,-0.610092342,-0.255433619,1.24736142,-0.204124153,-0.22941573,-1.06191313,3.13222146,-0.635223389,1.755458,-0.347056448,-0.112508789,-0.470504045,-0.625543237,-0.112508789,-0.12852402,-0.210680857,-0.086929135,-0.321633756,0.812250614,-0.32634443,-0.258198887,-0.232418686,-0.480384469,-0.269046575,-0.444527596,-0.723746836,-0.454572886,1.7205801,-0.217072383,-0.687965453,0.925282896,-0.323994398,0.321633756,-0.207424134,-0.235391095,-0.625543237,-0.533018887,1.39326108,-0.432369769,-0.411813855,-0.22941573,0.492174804,-0.484322101,0.654653668,-0.351561517,-0.151716515,-0.484322101,0.756114542,-0.422141254,-1.23436594,1.23436594,0.197385505,-0.197385505,1
0.542661309,-1.26539171,-1.75178492,0.135312915,0.746929765,1.0356108,2.42828155,1.61861348,-0.610092342,-0.255433619,-0.801692247,-0.204124153,-0.22941573,-1.06191313,-0.319262236,1.57424927,1.755458,-0.347056448,-0.112508789,-0.470504045,-0.625543237,-0.112508789,-0.12852402,-0.210680857,-0.086929135,-0.321633756,-1.23114717,-0.32634443,-0.258198887,-0.232418686,2.08166599,-0.269046575,2.24957919,-0.723746836,-0.454572886,-0.581199288,-0.217072383,-0.687965453,0.925282896,-0.323994398,0.321633756,-0.207424134,-0.235391095,1.59861052,-0.533018887,-0.717740536,-0.432369769,-0.411813855,-0.22941573,0.492174804,-0.484322101,0.654653668,-0.351561517,-0.151716515,2.06474161,-1.32255089,-0.422141254,0.810132504,-0.810132504,0.197385505,-0.197385505,1
-0.69158268,-0.498616755,0.919297576,1.0526886,0.834481955,-0.708575785,2.42828155,-0.617812753,-0.610092342,-0.255433619,1.24736142,-0.204124153,-0.22941573,0.941696584,-0.319262236,-0.635223389,-0.569651902,2.88137555,-0.112508789,-0.470504045,-0.625543237,-0.112508789,-0.12852402,-0.210680857,-0.086929135,-0.321633756,-1.23114717,-0.32634443,-0.258198887,-0.232418686,2.08166599,-0.269046575,-0.444527596,-0.723746836,-0.454572886,1.7205801,-0.217072383,-0.687965453,0.925282896,-0.323994398,0.321633756,-0.207424134,-0.235391095,-0.625543237,-0.533018887,-0.717740536,2.31283522,2.42828155,-0.22941573,-2.0317986,-0.484322101,-1.52752519,2.84445238,-0.151716515,-0.484322101,0.756114542,-0.422141254,0.810132504,-0.810132504,0.197385505,-0.197385505,1
-0.396751553,-1.26539171,-0.861424148,-0.782062769,0.484273136,-0.708575785,-0.411813855,-0.617812753,-0.610092342,3.91491127,-0.801692247,-0.204124153,-0.22941573,0.941696584,-0.319262236,-0.635223389,-0.569651902,-0.347056448,-0.112508789,2.12538028,-0.625543237,-0.112508789,-0.12852402,-0.210680857,-0.086929135,-0.321633756,0.812250614,-0.32634443,-0.258198887,-0.232418686,-0.480384469,-0.269046575,-0.444527596,1.38169861,-0.454572886,-0.581199288,-0.217072383,-0.687965453,0.925282896,-0.323994398,0.321633756,-0.207424134,-0.235391095,1.59861052,-0.533018887,-0.717740536,-0.432369769,-0.411813855,-0.22941573,0.492174804,-0.484322101,0.654653668,-0.351561517,-0.151716515,-0.484322101,0.756114542,-0.422141254,-1.23436594,1.23436594,0.197385505,-0.197385505,1
-0.724462092,-1.26539171,0.919297576,1.0526886,1.00958633,-0.708575785,-0.411813855,-0.617812753,1.63909602,-0.255433619,-0.801692247,-0.204124153,-0.22941573,-1.06191313,3.13222146,-0.635223389,1.755458,-0.347056448,-0.112508789,-0.470504045,-0.625543237,-0.112508789,-0.12852402,-0.210680857,-0.086929135,-0.321633756,0.812250614,-0.32634443,-0.258198887,-0.232418686,-0.480384469,3.71682858,-0.444527596,-0.723746836,-0.454572886,-0.581199288,-0.217072383,-0.687965453,0.925282896,-0.323994398,0.321633756,-0.207424134,-0.235391095,-0.625543237,1.87610602,-0.717740536,-0.432369769,-0.411813855,-0.22941573,0.492174804,-0.484322101,0.654653668,-0.351561517,-0.151716515,-0.484322101,-1.32255089,2.36887527,-1.23436594,1.23436594,0.197385505,-0.197385505,0
0.504723489,-1.26539171,-1.75178492,1.0526886,-0.303696722,-0.708575785,-0.411813855,-0.617812753,-0.610092342,-0.255433619,1.24736142,-0.204124153,-0.22941573,0.941696584,-0.319262236,-0.635223389,-0.569651902,-0.347056448,-0.112508789,2.12538028,-0.625543237,-0.112508789,-0.12852402,-0.210680857,-0.086929135,-0.321633756,0.812250614,-0.32634443,-0.258198887,-0.232418686,-0.480384469,-0.269046575,2.24957919,-0.723746836,-0.454572886,-0.581199288,-0.217072383,1.45356131,-1.08075047,-0.323994398,0.321633756,-0.207424134,-0.235391095,-0.625543237,1.87610602,-0.717740536,-0.432369769,-0.411813855,-0.22941573,0.492174804,-0.484322101,0.654653668,-0.351561517,-0.151716515,-0.484322101,0.756114542,-0.422141254,0.810132504,-0.810132504,0.197385505,-0.197385505,0
0.161115184,0.268158257,-0.861424148,1.0526886,-0.653905571,-0.708575785,-0.411813855,1.61861348,-0.610092342,-0.255433619,-0.801692247,-0.204124153,-0.22941573,0.941696584,-0.319262236,-0.635223389,-0.569651902,-0.347056448,-0.112508789,-0.470504045,1.59861052,-0.112508789,-0.12852402,-0.210680857,-0.086929135,-0.321633756,0.812250614,-0.32634443,-0.258198887,-0.232418686,-0.480384469,-0.269046575,-0.444527596,1.38169861,-0.454572886,-0.581199288,-0.217072383,1.45356131,-1.08075047,-0.323994398,0.321633756,-0.207424134,-0.235391095,-0.625543237,-0.533018887,1.39326108,-0.432369769,-0.411813855,-0.22941573,0.492174804,-0.484322101,0.654653668,-0.351561517,-0.151716515,-0.484322101,0.756114542,-0.422141254,0.810132504,-0.810132504,0.197385505,-0.197385505,1
-0.390247911,-1.00980008,0.919297576,1.0526886,1.09713864,2.77979732,-0.411813855,-0.617812753,-0.610092342,-0.255433619,1.24736142,-0.204124153,-0.22941573,-1.06191313,-0.319262236,1.57424927,1.755458,-0.347056448,-0.112508789,-0.470504045,-0.625543237,-0.112508789,-0.12852402,-0.210680857,-0.086929135,-0.321633756,0.812250614,-0.32634443,-0.258198887,-0.232418686,-0.480384469,-0.269046575,-0.444527596,1.38169861,-0.454572886,-0.581199288,-0.217072383,-0.687965453,0.925282896,-0.323994398,0.321633756,-0.207424134,-0.235391095,-0.625543237,-0.533018887,1.39326108,-0.432369769,-0.411813855,-0.22941573,0.492174804,-0.484322101,0.654653668,-0.351561517,-0.151716515,-0.484322101,0.756114542,-0.422141254,-1.23436594,1.23436594,0.197385505,-0.197385505,1
-0.818042099,-0.498616755,0.919297576,0.135312915,-0.216144517,1.0356108,2.42828155,1.61861348,-0.610092342,-0.255433619,-0.801692247,4.89897966,-0.22941573,-1.06191313,-0.319262236,-0.635223389,1.755458,-0.347056448,-0.112508789,-0.470504045,-0.625543237,-0.112508789,-0.12852402,-0.210680857,-0.086929135,-0.321633756,0.812250614,-0.32634443,-0.258198887,-0.232418686,-0.480384469,-0.269046575,-0.444527596,-0.723746836,-0.454572886,1.7205801,-0.217072383,-0.687965453,0.925282896,-0.323994398,0.321633756,-0.207424134,-0.235391095,-0.625543237,-0.533018887,1.39326108,-0.432369769,-0.411813855,-0.22941573,0.492174804,2.06474161,-1.52752519,-0.351561517,-0.151716515,-0.484322101,0.756114542,-0.422141254,0.810132504,-0.810132504,0.197385505,-0.197385505,0
-0.479492128,-0.243025079,0.919297576,1.0526886,-0.653905571,1.0356108,-0.411813855,-0.617812753,1.63909602,-0.255433619,-0.801692247,-0.204124153,-0.22941573,-1.06191313,-0.319262236,1.57424927,-0.569651902,-0.347056448,-0.112508789,-0.470504045,-0.625543237,-0.112508789,-0.12852402,-0.210680857,-0.086929135,3.10912633,-1.23114717,-0.32634443,-0.258198887,-0.232418686,2.08166599,-0.269046575,-0.444527596,1.38169861,-0.454572886,-0.581199288,-0.217072383,-0.687965453,-1.08075047,3.08647299,0.321633756,-0.207424134,-0.235391095,1.59861052,-0.533018887,-0.717740536,-0.432369769,2.42828155,-0.22941573,-2.0317986,-0.484322101,0.654653668,-0.351561517,-0.151716515,-0.484322101,0.756114542,-0.422141254,0.810132504,-0.810132504,0.197385505,-0.197385505,1
1.32165134,0.268158257,-0.861424148,-1.69943845,1.71000409,-0.708575785,-0.411813855,1.61861348,-0.610092342,-0.255433619,-0.801692247,-0.204124153,4.35889912,-1.06191313,-0.319262236,-0.635223389,-0.569651902,-0.347056448,-0.112508789,2.12538028,-0.625543237,-0.112508789,-0.12852402,-0.210680857,-0.086929135,-0.321633756,0.812250614,-0.32634443,-0.258198887,-0.232418686,-0.480384469,-0.269046575,2.24957919,-0.723746836,-0.454572886,-0.581199288,4.60675812,-0.687965453,-1.08075047,-0.323994398,0.321633756,-0.207424134,-0.235391095,-0.625543237,1.87610602,-0.717740536,-0.432369769,2.42828155,-0.22941573,-2.0317986,-0.484322101,0.654653668,-0.351561517,-0.151716515,-0.484322101,0.756114542,-0.422141254,-1.23436594,1.23436594,0.197385505,-0.197385505,0
-0.665568173,-0.754208446,-0.861424148,0.135312915,0.0465121083,-0.708575785,-0.411813855,1.61861348,-0.610092342,-0.255433619,-0.801692247,-0.204124153,-0.22941573,0.941696584,-0.319262236,-0.635223389,1.755458,-0.347056448,-0.112508789,-0.470504045,-0.625543237,-0.112508789,-0.12852402,-0.210680857,-0.086929135,-0.321633756,0.812250614,-0.32634443,-0.258198887,-0.232418686,-0.480384469,-0.269046575,-0.444527596,-0.723746836,2.19986725,-0.581199288,4.60675812,-0.687965453,-1.08075047,-0.323994398,0.321633756,-0.207424134,-0.235391095,-0.625543237,-0.533018887,1.39326108,-0.432369769,-0.411813855,-0.22941573,0.492174804,-0.484322101,0.654653668,-0.351561517,-0.151716515,-0.484322101,0.756114542,-0.422141254,0.810132504,-0.810132504,0.197385505,-0.197385505,0
-0.230186418,-0.754208446,-0.861424148,-1.69943845,0.571825325,-0.708575785,-0.411813855,1.61861348,-0.610092342,-0.255433619,-0.801692247,-0.204124153,-0.22941573,0.941696584,-0.319262236,-0.635223389,-0.569651902,-0.347056448,-0.112508789,2.12538028,-0.625543237,-0.112508789,-0.12852402,-0.210680857,-0.086929135,-0.321633756,0.812250614,-0.32634443,-0.258198887,-0.232418686,-0.480384469,-0.269046575,-0.444527596,1.38169861,-0.454572886,-0.581199288,4.60675812,-0.687965453,-1.08075047,-0.323994398,0.321633756,-0.207424134,-0.235391095,-0.625543237,-0.533018887,1.39326108,-0.432369769,-0.411813855,-0.22941573,0.492174804,-0.484322101,0.654653668,-0.351561517,-0.151716515,-0.484322101,0.756114542,-0.422141254,0.810132504,-0.810132504,0.197385505,-0.197385505,1
-0.610287309,0.268158257,0.919297576,0.135312915,-0.128592297,-0.708575785,2.42828155,-0.617812753,-0.610092342,-0.255433619,1.24736142,-0.204124153,-0.22941573,0.941696584,-0.319262236,-0.635223389,1.755458,-0.347056448,-0.112508789,-0.470504045,-0.625543237,-0.112508789,-0.12852402,-0.210680857,-0.086929135,-0.321633756,-1.23114717,-0.32634443,-0.258198887,4.30257988,-0.480384469,-0.269046575,-0.444527596,-0.723746836,2.19986725,-0.581199288,-0.217072383,1.45356131,-1.08075047,-0.323994398,0.321633756,-0.207424134,-0.235391095,-0.625543237,-0.533018887,1.39326108,-0.432369769,-0.411813855,-0.22941573,0.492174804,-0.484322101,0.654653668,-0.351561517,-0.151716515,-0.484322101,0.756114542,-0.422141254,-1.23436594,1.23436594,0.197385505,-0.197385505,1
1.20892179,2.31289172,0.028936727,-0.782062769,-1.00411439,-0.708575785,-0.411813855,-0.617812753,1.63909602,-0.255433619,-0.801692247,-0.204124153,-0.22941573,0.941696584,-0.319262236,-0.635223389,1.755458,-0.347056448,-0.112508789,-0.470504045,-0.625543237,-0.112508789,-0.12852402,-0.210680857,-0.086929135,-0.321633756,-1.23114717,3.06424713,-0.258198887,-0.232418686,-0.480384469,-0.269046575,-0.444527596,-0.723746836,2.19986725,-0.581199288,-0.217072383,-0.687965453,0.925282896,-0.323994398,0.321633756,-0.207424134,-0.235391095,-0.625543237,1.87610602,-0.717740536,-0.432369769,-0.411813855,-0.22941573,0.492174804,-0.484322101,0.654653668,-0.351561517,-0.151716515,-0.484322101,0.756114542,-0.422141254,0.810132504,-0.810132504,0.197385505,-0.197385505,0
-0.164066195,0.268158257,0.919297576,1.0526886,0.0465121083,-0.708575785,-0.411813855,-0.617812753,1.63909602,-0.255433619,-0.801692247,-0.204124153,-0.22941573,0.941696584,-0.319262236,-0.635223389,-0.569651902,2.88137555,-0.112508789,-0.470504045,-0.625543237,-0.112508789,-0.12852402,-0.210680857,-0.086929135,-0.321633756,-1.23114717,-0.32634443,-0.258198887,-0.232418686,2.08166599,-0.269046575,-0.444527596,-0.723746836,-0.454572886,1.7205801,-0.217072383,-0.687965453,0.925282896,-0.323994398,0.321633756,-0.207424134,-0.235391095,-0.625543237,-0.533018887,-0.717740536,2.31283522,2.42828155,-0.22941573,-2.0317986,-0.484322101,-1.52752519,2.84445238,-0.151716515,-0.484322101,0.756114542,-0.422141254,-1.23436594,1.23436594,0.197385505,-0.197385505,1
-0.0441104025,0.268158257,0.028936727,-0.782062769,-1.17921877,-0.708575785,-0.411813855,-0.617812753,1.63909602,-0.255433619,-0.801692247,-0.204124153,-0.22941573,0.941696584,-0.319262236,-0.635223389,-0.569651902,-0.347056448,-0.112508789,-0.470504045,1.59861052,-0.112508789,-0.12852402,-0.210680857,-0.086929135,-0.321633756,-1.23114717,3.06424713,-0.258198887,-0.232418686,-0.480384469,-0.269046575,2.24957919,-0.723746836,-0.454572886,-0.581199288,-0.217072383,-0.687965453,-1.08075047,3.08647299,0.321633756,-0.207424134,-0.235391095,-0.625543237,-0.533018887,1.39326108,-0.432369769,-0.411813855,-0.22941573,0.492174804,2.06474161,-1.52752519,-0.351561517,-0.151716515,-0.484322101,0.756114542,-0.422141254,-1.23436594,1.23436594,0.197385505,-0.197385505,0
-0.459258616,-0.243025079,0.919297576,1.0526886,-1.09166658,-0.708575785,-0.411813855,-0.617812753,-0.610092342,-0.255433619,1.24736142,-0.204124153,-0.22941573,0.941696584,-0.319262236,-0.635223389,-0.569651902,-0.347056448,-0.112508789,-0.470504045,-0.625543237,-0.112508789,7.7806468,-0.210680857,-0.086929135,-0.321633756,0.812250614,-0.32634443,-0.258198887,-0.232418686,-0.480384469,-0.269046575,2.24957919,-0.723746836,-0.454572886,-0.581199288,-0.217072383,1.45356131,-1.08075047,-0.323994398,0.321633756,-0.207424134,-0.235391095,1.59861052,-0.533018887,-0.717740536,-0.432369769,-0.411813855,-0.22941573,0.492174804,-0.484322101,0.654653668,-0.351561517,-0.151716515,-0.484322101,0.756114542,-0.422141254,0.810132504,-0.810132504,0.197385505,-0.197385505,0
-0.336051017,0.268158257,0.919297576,-0.782062769,-0.653905571,-0.708575785,-0.411813855,-0.617812753,-0.610092342,-0.255433619,1.24736142,-0.204124153,-0.22941573,0.941696584,-0.319262236,-0.635223389,-0.569651902,-0.347056448,-0.112508789,-0.470504045,1.59861052,-0.112508789,-0.12852402,-0.210680857,-0.086929135,-0.321633756,0.812250614,-0.32634443,-0.258198887,-0.232418686,-0.480384469,-0.269046575,-0.444527596,-0.723746836,2.19986725,-0.581199288,-0.217072383,-0.687965453,0.925282896,-0.323994398,0.321633756,-0.207424134,-0.235391095,-0.625543237,-0.533018887,1.39326108,-0.432369769,-0.411813855,-0.22941573,0.492174804,-0.484322101,0.654653668,-0.351561517,-0.151716515,-0.484322101,0.756114542,-0.422141254,-1.23436594,1.23436594,0.197385505,-0.197385505,1
1.11642575,1.29052496,0.919297576,1.0526886,0.0465121083,1.0356108,-0.411813855,-0.617812753,-0.610092342,-0.255433619,1.24736142,-0.204124153,-0.22941573,-1.06191313,-0.319262236,1.57424927,-0.569651902,-0.347056448,-0.112508789,-0.470504045,-0.625543237,-0.112508789,-0.12852402,-0.210680857,-0.086929135,3.10912633,-1.23114717,-0.32634443,-0.258198887,-0.232418686,2.08166599,-0.269046575,-0.444527596,-0.723746836,-0.454572886,1.7205801,-0.217072383,-0.687965453,0.925282896,-0.323994398,0.321633756,-0.207424134,-0.235391095,1.59861052,-0.533018887,-0.717740536,-0.432369769,-0.411813855,-0.22941573,0.492174804,-0.484322101,0.654653668,-0.351561517,-0.151716515,-0.484322101,0.756114542,-0.422141254,0.810132504,-0.810132504,0.197385505,-0.197385505,1
3.24817038,2.31289172,-0.861424148,-0.782062769,1.09713864,-0.708575785,-0.411813855,-0.617812753,1.63909602,-0.255433619,-0.801692247,4.89897966,-0.22941573,-1.06191313,-0.319262236,-0.635223389,-0.569651902,-0.347056448,-0.112508789,-0.470504045,-0.625543237,-0.112508789,-0.12852402,-0.210680857,-0.086929135,3.10912633,-1.23114717,-0.32634443,-0.258198887,-0.232418686,2.08166599,-0.269046575,-0.444527596,1.38169861,-0.454572886,-0.581199288,-0.217072383,-0.687965453,0.925282896,-0.323994398,0.321633756,-0.207424134,-0.235391095,-0.625543237,-0.533018887,1.39326108,-0.432369769,2.42828155,-0.22941573,-2.0317986,-0.484322101,0.654653668,-0.351561517,-0.151716515,-0.484322101,-1.32255089,2.36887527,-1.23436594,1.23436594,0.197385505,-0.197385505,1
-0.886691511,-1.09499729,0.919297576,-0.782062769,0.746929765,-0.708575785,-0.411813855,-0.617812753,1.63909602,-0.255433619,-0.801692247,-0.204124153,-0.22941573,0.941696584,-0.319262236,-0.635223389,-0.569651902,-0.347056448,-0.112508789,-0.470504045,1.59861052,-0.112508789,-0.12852402,-0.210680857,-0.086929135,-0.321633756,0.812250614,-0.32634443,-0.258198887,-0.232418686,-0.480384469,-0.269046575,-0.444527596,-0.723746836,2.19986725,-0.581199288,-0.217072383,1.45356131,-1.08075047,-0.323994398,-3.10912633,-0.207424134,4.24824905,1.59861052,-0.533018887,-0.717740536,-0.432369769,-0.411813855,-0.22941573,0.492174804,-0.484322101,0.654653668,-0.351561517,-0.151716515,2.06474161,-1.32255089,-0.422141254,0.810132504,-0.810132504,0.197385505,-0.197385505,1
-0.714345336,-1.26539171,-1.75178492,-1.69943845,-0.74145776,1.0356108,-0.411813855,-0.617812753,-0.610092342,-0.255433619,1.24736142,-0.204124153,-0.22941573,-1.06191313,-0.319262236,1.57424927,-0.569651902,-0.347056448,-0.112508789,-0.470504045,1.59861052,-0.112508789,-0.12852402,-0.210680857,-0.086929135,-0.321633756,-1.23114717,3.06424713,-0.258198887,-0.232418686,-0.480384469,-0.269046575,-0.444527596,1.38169861,-0.454572886,-0.581199288,-0.217072383,1.45356131,-1.08075047,-0.323994398,0.321633756,-0.207424134,-0.235391095,-0.625543237,1.87610602,-0.717740536,-0.432369769,-0.411813855,-0.22941573,0.492174804,-0.484322101,0.654653668,-0.351561517,-0.151716515,-0.484322101,0.756114542,-0.422141254,0.810132504,-0.810132504,0.197385505,-0.197385505,1
1.90517128,2.31289172,-1.75178492,-0.782062769,-1.00411439,-0.708575785,-0.411813855,-0.617812753,1.63909602,-0.255433619,-0.801692247,-0.204124153,-0.22941573,0.941696584,-0.319262236,-0.635223389,1.755458,-0.347056448,-0.112508789,-0.470504045,-0.625543237,-0.112508789,-0.12852402,-0.210680857,-0.086929135,-0.321633756,-1.23114717,-0.32634443,-0.258198887,-0.232418686,2.08166599,-0.269046575,-0.444527596,-0.723746836,2.19986725,-0.581199288,-0.217072383,1.45356131,-1.08075047,-0.323994398,0.321633756,-0.207424134,-0.235391095,-0.625543237,-0.533018887,1.39326108,-0.432369769,-0.411813855,-0.22941573,0.492174804,-0.484322101,0.654653668,-0.351561517,-0.151716515,-0.484322101,0.756114542,-0.422141254,0.810132504,-0.810132504,0.197385505,-0.197385505,1
0.345023304,0.268158257,0.919297576,1.0526886,-0.653905571,-0.708575785,-0.411813855,1.61861348,-0.610092342,-0.255433619,-0.801692247,-0.204124153,-0.22941573,0.941696584,-0.319262236,-0.635223389,-0.569651902,-0.347056448,-0.112508789,2.12538028,-0.625543237,-0.112508789,-0.12852402,-0.210680857,-0.086929135,-0.321633756,0.812250614,-0.32634443,-0.258198887,-0.232418686,-0.480384469,-0.269046575,-0.444527596,1.38169861,-0.454572886,-0.581199288,-0.217072383,-0.687965453,0.925282896,-0.323994398,0.321633756,-0.207424134,-0.235391095,-0.625543237,1.87610602,-0.717740536,-0.432369769,-0.411813855,-0.22941573,0.492174804,-0.484322101,0.654653668,-0.351561517,-0.151716515,-0.484322101,0.756114542,-0.422141254,0.810132504,-0.810132504,0.197385505,-0.197385505,1
0.299136609,0.268158257,0.028936727,1.0526886,0.659377575,1.0356108,-0.411813855,-0.617812753,-0.610092342,-0.255433619,1.24736142,-0.204124153,-0.22941573,-1.06191313,-0.319262236,1.57424927,-0.569651902,2.88137555,-0.112508789,-0.470504045,-0.625543237,-0.112508789,-0.12852402,-0.210680857,-0.086929135,-0.321633756,-1.23114717,-0.32634443,-0.258198887,-0.232418686,2.08166599,-0.269046575,-0.444527596,-0.723746836,2.19986725,-0.581199288,-0.217072383,-0.687965453,0.925282896,-0.323994398,0.321633756,-0.207424134,-0.235391095,-0.625543237,1.87610602,-0.717740536,-0.432369769,-0.411813855,-0.22941573,0.492174804,-0.484322101,0.654653668,-0.351561517,-0.151716515,-0.484322101,0.756114542,-0.422141254,-1.23436594,1.23436594,0.197385505,-0.197385505,1
0.10980878,-1.26539171,-0.861424148,0.135312915,-0.82900995,-0.708575785,-0.411813855,-0.617812753,-0.610092342,-0.255433619,1.24736142,-0.204124153,-0.22941573,0.941696584,-0.319262236,-0.635223389,1.755458,-0.347056448,-0.112508789,-0.470504045,-0.625543237,-0.112508789,-0.12852402,-0.210680857,-0.086929135,-0.321633756,0.812250614,-0.32634443,-0.258198887,-0.232418686,-0.480384469,-0.269046575,-0.444527596,1.38169861,-0.454572886,-0.581199288,-0.217072383,-0.687965453,0.925282896,-0.323994398,-3.10912633,-0.207424134,4.24824905,-0.625543237,1.87610602,-0.717740536,-0.432369769,-0.411813855,-0.22941573,0.492174804,2.06474161,-1.52752519,-0.351561517,-0.151716515,-0.484322101,0.756114542,-0.422141254,0.810132504,-0.810132504,0.197385505,-0.197385505,1
0.801722467,0.268158257,-0.861424148,1.0526886,-0.82900995,-0.708575785,-0.411813855,-0.617812753,-0.610092342,-0.255433619,1.24736142,-0.204124153,-0.22941573,0.941696584,-0.319262236,-0.635223389,-0.569651902,2.88137555,-0.112508789,-0.470504045,-0.625543237,-0.112508789,-0.12852402,-0.210680857,-0.086929135,-0.321633756,-1.23114717,-0.32634443,-0.258198887,-0.232418686,2.08166599,3.71682858,-0.444527596,-0.723746836,-0.454572886,-0.581199288,-0.217072383,1.45356131,-1.08075047,-0.323994398,0.321633756,-0.207424134,-0.235391095,-0.625543237,1.87610602,-0.717740536,-0.432369769,-0.411813855,-0.22941573,0.492174804,2.06474161,-1.52752519,-0.351561517,-0.151716515,-0.484322101,-1.32255089,2.36887527,-1.23436594,1.23436594,0.197385505,-0.197385505,1
0.474011928,0.268158257,0.028936727,-0.782062769,3.37349606,-0.708575785,-0.411813855,-0.617812753,-0.610092342,-0.255433619,1.24736142,-0.204124153,-0.22941573,-1.06191313,-0.319262236,1.57424927,-0.569651902,-0.347056448,-0.112508789,-0.470504045,-0.625543237,-0.112508789,-0.12852402,-0.210680857,-0.086929135,3.10912633,0.812250614,-0.32634443,-0.258198887,-0.232418686,-0.480384469,-0.269046575,-0.444527596,1.38169861,-0.454572886,-0.581199288,-0.217072383,-0.687965453,0.925282896,-0.323994398,0.321633756,-0.207424134,-0.235391095,1.59861052,-0.533018887,-0.717740536,-0.432369769,-0.411813855,-0.22941573,0.492174804,-0.484322101,0.654653668,-0.351561517,-0.151716515,-0.484322101,-1.32255089,2.36887527,-1.23436594,1.23436594,0.197385505,-0.197385505,1
-0.39964205,-1.26539171,-0.861424148,-0.782062769,-0.566353321,-0.708575785,-0.411813855,-0.617812753,-0.610092342,-0.255433619,1.24736142,-0.204124153,-0.22941573,0.941696584,-0.319262236,-0.635223389,-0.569651902,-0.347056448,-0.112508789,-0.470504045,1.59861052,-0.112508789,-0.12852402,-0.210680857,-0.086929135,-0.321633756,0.812250614,-0.32634443,-0.258198887,-0.232418686,-0.480384469,-0.269046575,-0.444527596,-0.723746836,2.19986725,-0.581199288,-0.217072383,-0.687965453,-1.08075047,3.08647299,0.321633756,-0.207424134,-0.235391095,1.59861052,-0.533018887,-0.717740536,-0.432369769,-0.411813855,-0.22941573,0.492174804,2.06474161,-1.52752519,-0.351561517,-0.151716515,-0.484322101,0.756114542,-0.422141254,0.810132504,-0.810132504,0.197385505,-0.197385505,1
-0.905118406,-1.26539171,-0.861424148,-0.782062769,-0.74145776,-0.708575785,-0.411813855,-0.617812753,-0.610092342,3.91491127,-0.801692247,-0.204124153,-0.22941573,0.941696584,-0.319262236,-0.635223389,1.755458,-0.347056448,-0.112508789,-0.470504045,-0.625543237,-0.112508789,-0.12852402,-0.210680857,-0.086929135,-0.321633756,-1.23114717,-0.32634443,-0.258198887,4.30257988,-0.480384469,-0.269046575,2.24957919,-0.723746836,-0.454572886,-0.581199288,-0.217072383,-0.687965453,-1.08075047,3.08647299,0.321633756,-0.207424134,-0.235391095,1.59861052,-0.533018887,-0.717740536,-0.432369769,-0.411813855,-0.22941573,0.492174804,-0.484322101,0.654653668,-0.351561517,6.59123993,-0.484322101,-1.32255089,-0.422141254,0.810132504,-0.810132504,-5.06622791,5.06622791,1
-0.229463786,-0.754208446,0.919297576,-1.69943845,-0.216144517,-0.708575785,2.42828155,1.61861348,-0.610092342,-0.255433619,-0.801692247,-0.204124153,-0.22941573,0.941696584,-0.319262236,-0.635223389,1.755458,-0.347056448,-0.112508789,-0.470504045,-0.625543237,-0.112508789,-0.12852402,-0.210680857,-0.086929135,-0.321633756,0.812250614,-0.32634443,-0.258198887,-0.232418686,-0.480384469,-0.269046575,2.24957919,-0.723746836,-0.454572886,-0.581199288,-0.217072383,-0.687965453,0.925282896,-0.323994398,0.321633756,-0.207424134,-0.235391095,1.59861052,-0.533018887,-0.717740536,-0.432369769,-0.411813855,-0.22941573,0.492174804,-0.484322101,0.654653668,-0.351561517,-0.151716515,2.06474161,-1.32255089,-0.422141254,0.810132504,-0.810132504,0.197385505,-0.197385505,0
-0.69266659,-0.754208446,0.028936727,1.0526886,-1.09166658,-0.708575785,-0.411813855,-0.617812753,-0.610092342,3.91491127,-0.801692247,-0.204124153,-0.22941573,0.941696584,-0.319262236,-0.635223389,-0.569651902,-0.347056448,-0.112508789,-0.470504045,1.59861052,-0.112508789,-0.12852402,-0.210680857,-0.086929135,-0.321633756,0.812250614,-0.32634443,-0.258198887,-0.232418686,-0.480384469,-0.269046575,-0.444527596,1.38169861,-0.454572886,-0.581199288,-0.217072383,-0.687965453,-1.08075047,3.08647299,0.321633756,-0.207424134,-0.235391095,1.59861052,-0.533018887,-0.717740536,-0.432369769,-0.411813855,-0.22941573,0.492174804,2.06474161,-1.52752519,-0.351561517,-0.151716515,-0.484322101,0.756114542,-0.422141254,0.810132504,-0.810132504,0.197385505,-0.197385505,1
-0.233076915,1.54611659,0.919297576,1.0526886,-1.00411439,-0.708575785,-0.411813855,-0.617812753,-0.610092342,-0.255433619,1.24736142,-0.204124153,-0.22941573,0.941696584,-0.319262236,-0.635223389,-0.569651902,2.88137555,-0.112508789,-0.470504045,-0.625543237,-0.112508789,-0.12852402,-0.210680857,-0.086929135,-0.321633756,-1.23114717,-0.32634443,3.87298346,-0.232418686,-0.480384469,-0.269046575,-0.444527596,1.38169861,-0.454572886,-0.581199288,-0.217072383,-0.687965453,0.925282896,-0.323994398,0.321633756,-0.207424134,-0.235391095,-0.625543237,-0.533018887,1.39326108,-0.432369769,-0.411813855,-0.22941573,0.492174804,-0.484322101,0.654653668,-0.351561517,-0.151716515,-0.484322101,0.756114542,-0.422141254,0.810132504,-0.810132504,0.197385505,-0.197385505,1
3.90684342,3.33525825,0.919297576,-0.782062769,-0.74145776,-0.708575785,-0.411813855,-0.617812753,1.63909602,-0.255433619,-0.801692247,-0.204124153,-0.22941573,0.941696584,-0.319262236,-0.635223389,1.755458,-0.347056448,-0.112508789,-0.470504045,-0.625543237,-0.112508789,-0.12852402,-0.210680857,-0.086929135,-0.321633756,0.812250614,-0.32634443,-0.258198887,-0.232418686,-0.480384469,-0.269046575,-0.444527596,-0.723746836,2.19986725,-0.581199288,-0.217072383,-0.687965453,0.925282896,-0.323994398,0.321633756,-0.207424134,-0.235391095,-0.625543237,-0.533018887,-0.717740536,2.31283522,-0.411813855,-0.22941573,0.492174804,-0.484322101,0.654653668,-0.351561517,-0.151716515,-0.484322101,-1.32255089,2.36887527,-1.23436594,1.23436594,0.197385505,-0.197385505,0
0.951667249,1.29052496,0.919297576,-1.69943845,-1.00411439,-0.708575785,-0.411813855,-0.617812753,-0.610092342,3.91491127,-0.801692247,-0.204124153,-0.22941573,0.941696584,-0.319262236,-0.635223389,-0.569651902,-0.347056448,-0.112508789,-0.470504045,1.59861052,-0.112508789,-0.12852402,-0.210680857,-0.086929135,-0.321633756,0.812250614,-0.32634443,-0.258198887,-0.232418686,-0.480384469,-0.269046575,-0.444527596,1.38169861,-0.454572886,-0.581199288,-0.217072383,-0.687965453,0.925282896,-0.323994398,0.321633756,-0.207424134,-0.235391095,-0.625543237,-0.533018887,1.39326108,-0.432369769,-0.411813855,-0.22941573,0.492174804,-0.484322101,0.654653668,-0.351561517,-0.151716515,-0.484322101,0.756114542,-0.422141254,0.810132504,-0.810132504,0.197385505,-0.197385505,1
-0.905118406,-0.754208446,0.919297576,1.0526886,1.88510847,-0.708575785,-0.411813855,1.61861348,-0.610092342,-0.255433619,-0.801692247,-0.204124153,-0.22941573,0.941696584,-0.319262236,-0.635223389,-0.569651902,-0.347056448,-0.112508789,-0.470504045,1.59861052,-0.112508789,-0.12852402,-0.210680857,-0.086929135,-0.321633756,0.812250614,-0.32634443,-0.258198887,-0.232418686,-0.480384469,-0.269046575,-0.444527596,-0.723746836,-0.454572886,1.7205801,-0.217072383,-0.687965453,0.925282896,-0.323994398,0.321633756,-0.207424134,-0.235391095,1.59861052,-0.533018887,-0.717740536,-0.432369769,-0.411813855,4.35889912,-2.0317986,-0.484322101,0.654653668,-0.351561517,-0.151716515,2.06474161,-1.32255089,-0.422141254,0.810132504,-0.810132504,0.197385505,-0.197385505,0
-0.371459663,-0.498616755,-1.75178492,1.0526886,-0.216144517,-0.708575785,-0.411813855,-0.617812753,-0.610092342,-0.255433619,1.24736142,-0.204124153,-0.22941573,0.941696584,-0.319262236,-0.635223389,-0.569651902,-0.347056448,-0.112508789,2.12538028,-0.625543237,-0.112508789,-0.12852402,-0.210680857,-0.086929135,-0.321633756,-1.23114717,-0.32634443,-0.258198887,-0.232418686,2.08166599,-0.269046575,-0.444527596,-0.723746836,2.19986725,-0.581199288,-0.217072383,1.45356131,-1.08075047,-0.323994398,0.321633756,-0.207424134,-0.235391095,1.59861052,-0.533018887,-0.717740536,-0.432369769,2.42828155,-0.22941573,-2.0317986,2.06474161,-1.52752519,-0.351561517,-0.151716515,2.06474161,-1.32255089,-0.422141254,0.810132504,-0.810132504,0.197385505,-0.197385505,1
-0.693389237,-0.754208446,0.028936727,-1.69943845,-0.9165622,-0.708575785,-0.411813855,-0.617812753,1.63909602,-0.255433619,-0.801692247,-0.204124153,-0.22941573,0.941696584,-0.319262236,-0.635223389,1.755458,-0.347056448,-0.112508789,-0.470504045,-0.625543237,-0.112508789,-0.12852402,-0.210680857,-0.086929135,-0.321633756,0.812250614,-0.32634443,-0.258198887,-0.232418686,-0.480384469,-0.269046575,2.24957919,-0.723746836,-0.454572886,-0.581199288,-0.217072383,1.45356131,-1.08075047,-0.323994398,0.321633756,-0.207424134,-0.235391095,-0.625543237,-0.533018887,1.39326108,-0.432369769,-0.411813855,-0.22941573,0.492174804,2.06474161,-1.52752519,-0.351561517,-0.151716515,-0.484322101,0.756114542,-0.422141254,0.810132504,-0.810132504,0.197385505,-0.197385505,0
-0.800337791,0.268158257,0.919297576,-0.782062769,-0.9165622,1.0356108,-0.411813855,-0.617812753,-0.610092342,-0.255433619,1.24736142,-0.204124153,-0.22941573,0.941696584,-0.319262236,-0.635223389,-0.569651902,-0.347056448,-0.112508789,-0.470504045,1.59861052,-0.112508789,-0.12852402,-0.210680857,-0.086929135,-0.321633756,-1.23114717,-0.32634443,-0.258198887,-0.232418686,2.08166599,-0.269046575,-0.444527596,-0.723746836,-0.454572886,1.7205801,-0.217072383,-0.687965453,0.925282896,-0.323994398,0.321633756,-0.207424134,-0.235391095,-0.625543237,-0.533018887,1.39326108,-0.432369769,-0.411813855,-0.22941573,0.492174804,-0.484322101,0.654653668,-0.351561517,-0.151716515,-0.484322101,0.756114542,-0.422141254,0.810132504,-0.810132504,0.197385505,-0.197385505,1
-0.434328049,-0.754208446,0.919297576,-0.782062769,2.23531723,-0.708575785,-0.411813855,-0.617812753,-0.610092342,-0.255433619,1.24736142,-0.204124153,-0.22941573,-1.06191313,-0.319262236,1.57424927,-0.569651902,-0.347056448,-0.112508789,-0.470504045,-0.625543237,-0.112508789,-0.12852402,4.74651575,-0.086929135,-0.321633756,-1.23114717,-0.32634443,-0.258198887,-0.232418686,2.08166599,-0.269046575,-0.444527596,-0.723746836,2.19986725,-0.581199288,-0.217072383,1.45356131,-1.08075047,-0.323994398,0.321633756,-0.207424134,-0.235391095,-0.625543237,-0.533018887,1.39326108,-0.432369769,-0.411813855,-0.22941573,0.492174804,-0.484322101,0.654653668,-0.351561517,-0.151716515,-0.484322101,0.756114542,-0.422141254,0.810132504,-0.810132504,0.197385505,-0.197385505,1
-0.0506140292,-1.00980008,-1.75178492,-0.782062769,-0.216144517,1.0356108,2.42828155,-0.617812753,-0.610092342,-0.255433619,1.24736142,-0.204124153,-0.22941573,-1.06191313,-0.319262236,1.57424927,-0.569651902,-0.347056448,-0.112508789,-0.470504045,1.59861052,-0.112508789,-0.12852402,-0.210680857,-0.086929135,-0.321633756,-1.23114717,-0.32634443,-0.258198887,-0.232418686,2.08166599,-0.269046575,-0.444527596,1.38169861,-0.454572886,-0.581199288,-0.217072383,-0.687965453,0.925282896,-0.323994398,0.321633756,-0.207424134,-0.235391095,1.59861052,-0.533018887,-0.717740536,-0.432369769,-0.411813855,-0.22941573,0.492174804,-0.484322101,0.654653668,-0.351561517,-0.151716515,-0.484322101,0.756114542,-0.422141254,0.810132504,-0.810132504,0.197385505,-0.197385505,1
-0.428547055,0.268158257,-0.861424148,-0.782062769,-0.478801131,1.0356108,-0.411813855,-0.617812753,-0.610092342,-0.255433619,1.24736142,-0.204124153,-0.22941573,-1.06191313,-0.319262236,1.57424927,-0.569651902,-0.347056448,-0.112508789,2.12538028,-0.625543237,-0.112508789,-0.12852402,-0.210680857,-0.086929135,-0.321633756,0.812250614,-0.32634443,-0.258198887,-0.232418686,-0.480384469,-0.269046575,-0.444527596,-0.723746836,2.19986725,-0.581199288,-0.217072383,-0.687965453,0.925282896,-0.323994398,0.321633756,-0.207424134,-0.235391095,-0.625543237,1.87610602,-0.717740536,-0.432369769,-0.411813855,-0.22941573,0.492174804,-0.484322101,0.654653668,-0.351561517,-0.151716515,2.06474161,-1.32255089,-0.422141254,0.810132504,-0.810132504,0.197385505,-0.197385505,1
-0.857425153,-0.754208446,-0.861424148,1.0526886,-1.09166658,-0.708575785,-0.411813855,-0.617812753,1.63909602,-0.255433619,-0.801692247,-0.204124153,-0.22941573,0.941696584,-0.319262236,-0.635223389,-0.569651902,-0.347056448,-0.112508789,-0.470504045,-0.625543237,-0.112508789,-0.12852402,-0.210680857,-0.086929135,3.10912633,-1.23114717,3.06424713,-0.258198887,-0.232418686,-0.480384469,-0.269046575,-0.444527596,-0.723746836,2.19986725,-0.581199288,-0.217072383,1.45356131,-1.08075047,-0.323994398,0.321633756,-0.207424134,-0.235391095,1.59861052,-0.533018887,-0.717740536,-0.432369769,-0.411813855,-0.22941573,0.492174804,2.06474161,-1.52752519,-0.351561517,-0.151716515,2.06474161,-1.32255089,-0.422141254,0.810132504,-0.810132504,0.197385505,-0.197385505,1
1.28046179,2.31289172,0.028936727,-0.782062769,-0.391248912,-0.708575785,-0.411813855,1.61861348,-0.610092342,-0.255433619,-0.801692247,-0.204124153,-0.22941573,0.941696584,-0.319262236,-0.635223389,-0.569651902,-0.347056448,-0.112508789,-0.470504045,1.59861052,-0.112508789,-0.12852402,-0.210680857,-0.086929135,-0.321633756,0.812250614,-0.32634443,-0.258198887,-0.232418686,-0.480384469,-0.269046575,-0.444527596,1.38169861,-0.454572886,-0.581199288,-0.217072383,1.45356131,-1.08075047,-0.323994398,0.321633756,-0.207424134,-0.235391095,-0.625543237,-0.533018887,1.39326108,-0.432369769,-0.411813855,-0.22941573,0.492174804,-0.484322101,0.654653668,-0.351561517,-0.151716515,-0.484322101,0.756114542,-0.422141254,-1.23436594,1.23436594,0.197385505,-0.197385505,0
-0.0589242205,2.31289172,0.028936727,1.0526886,1.62245178,-0.708575785,-0.411813855,1.61861348,-0.610092342,-0.255433619,-0.801692247,-0.204124153,-0.22941573,0.941696584,-0.319262236,-0.635223389,-0.569651902,-0.347056448,-0.112508789,-0.470504045,-0.625543237,8.88819408,-0.12852402,-0.210680857,-0.086929135,-0.321633756,0.812250614,-0.32634443,-0.258198887,-0.232418686,-0.480384469,-0.269046575,-0.444527596,1.38169861,-0.454572886,-0.581199288,-0.217072383,-0.687965453,0.925282896,-0.323994398,0.321633756,-0.207424134,-0.235391095,-0.625543237,-0.533018887,1.39326108,-0.432369769,-0.411813855,-0.22941573,0.492174804,-0.484322101,0.654653668,-0.351561517,-0.151716515,-0.484322101,0.756114542,-0.422141254,0.810132504,-0.810132504,0.197385505,-0.197385505,0
-0.665929437,0.268158257,0.919297576,1.0526886,-0.9165622,-0.708575785,-0.411813855,1.61861348,-0.610092342,-0.255433619,-0.801692247,-0.204124153,-0.22941573,0.941696584,-0.319262236,-0.635223389,1.755458,-0.347056448,-0.112508789,-0.470504045,-0.625543237,-0.112508789,-0.12852402,-0.210680857,-0.086929135,-0.321633756,-1.23114717,-0.32634443,-0.258198887,-0.232418686,2.08166599,-0.269046575,-0.444527596,1.38169861,-0.454572886,-0.581199288,-0.217072383,1.45356131,-1.08075047,-0.323994398,0.321633756,-0.207424134,-0.235391095,1.59861052,-0.533018887,-0.717740536,-0.432369769,-0.411813855,-0.22941573,0.492174804,2.06474161,-1.52752519,-0.351561517,-0.151716515,-0.484322101,0.756114542,-0.422141254,0.810132504,-0.810132504,0.197385505,-0.197385505,0
-0.93510735,-0.754208446,0.919297576,1.0526886,-1.00411439,-0.708575785,-0.411813855,1.61861348,-0.610092342,-0.255433619,-0.801692247,-0.204124153,4.35889912,-1.06191313,-0.319262236,-0.635223389,-0.569651902,-0.347056448,-0.112508789,-0.470504045,1.59861052,-0.112508789,-0.12852402,-0.210680857,-0.086929135,-0.321633756,0.812250614,-0.32634443,-0.258198887,-0.232418686,-0.480384469,-0.269046575,-0.444527596,1.38169861,-0.454572886,-0.581199288,-0.217072383,1.45356131,-1.08075047,-0.323994398,0.321633756,-0.207424134,-0.235391095,1.59861052,-0.533018887,-0.717740536,-0.432369769,2.42828155,-0.22941573,-2.0317986,-0.484322101,0.654653668,-0.351561517,-0.151716515,2.06474161,-1.32255089,-0.422141254,0.810132504,-0.810132504,0.197385505,-0.197385505,0
-0.635579228,-1.43578625,-0.861424148,-1.69943845,0.571825325,2.77979732,2.42828155,-0.617812753,-0.610092342,-0.255433619,1.24736142,-0.204124153,-0.22941573,-1.06191313,-0.319262236,1.57424927,1.755458,-0.347056448,-0.112508789,-0.470504045,-0.625543237,-0.112508789,-0.12852402,-0.210680857,-0.086929135,-0.321633756,0.812250614,-0.32634443,-0.258198887,-0.232418686,-0.480384469,-0.269046575,-0.444527596,-0.723746836,2.19986725,-0.581199288,-0.217072383,-0.687965453,0.925282896,-0.323994398,0.321633756,-0.207424134,-0.235391095,1.59861052,-0.533018887,-0.717740536,-0.432369769,-0.411813855,-0.22941573,0.492174804,-0.484322101,0.654653668,-0.351561517,-0.151716515,2.06474161,-1.32255089,-0.422141254,0.810132504,-0.810132504,0.197385505,-0.197385505,1
-0.618236184,-0.754208446,0.919297576,1.0526886,0.484273136,-0.708575785,-0.411813855,-0.617812753,-0.610092342,-0.255433619,1.24736142,-0.204124153,-0.22941573,-1.06191313,3.13222146,-0.635223389,-0.569651902,2.88137555,-0.112508789,-0.470504045,-0.625543237,-0.112508789,-0.12852402,-0.210680857,-0.086929135,-0.321633756,0.812250614,-0.32634443,-0.258198887,-0.232418686,-0.480384469,-0.269046575,-0.444527596,1.38169861,-0.454572886,-0.581199288,-0.217072383,-0.687965453,-1.08075047,3.08647299,0.321633756,-0.207424134,-0.235391095,1.59861052,-0.533018887,-0.717740536,-0.432369769,-0.411813855,-0.22941573,0.492174804,2.06474161,-1.52752519,-0.351561517,-0.151716515,-0.484322101,0.756114542,-0.422141254,0.810132504,-0.810132504,0.197385505,-0.197385505,1
-0.972683907,-0.754208446,0.919297576,1.0526886,0.571825325,1.0356108,2.42828155,-0.617812753,-0.610092342,-0.255433619,1.24736142,-0.204124153,-0.22941573,-1.06191313,-0.319262236,1.57424927,-0.569651902,-0.347056448,-0.112508789,-0.470504045,1.59861052,-0.112508789,-0.12852402,-0.210680857,-0.086929135,-0.321633756,-1.23114717,-0.32634443,3.87298346,-0.232418686,-0.480384469,-0.269046575,-0.444527596,-0.723746836,-0.454572886,1.7205801,-0.217072383,-0.687965453,0.925282896,-0.323994398,0.321633756,-0.207424134,-0.235391095,-0.625543237,1.87610602,-0.717740536,-0.432369769,-0.411813855,-0.22941573,0.492174804,-0.484322101,0.654653668,-0.351561517,-0.151716515,-0.484322101,0.756114542,-0.422141254,-1.23436594,1.23436594,0.197385505,-0.197385505,1
1.51531494,3.33525825,0.919297576,-0.782062769,-1.00411439,-0.708575785,-0.411813855,-0.617812753,1.63909602,-0.255433619,-0.801692247,-0.204124153,-0.22941573,0.941696584,-0.319262236,-0.635223389,1.755458,-0.347056448,-0.112508789,-0.470504045,-0.625543237,-0.112508789,-0.12852402,-0.210680857,-0.086929135,-0.321633756,-1.23114717,3.06424713,-0.258198887,-0.232418686,-0.480384469,-0.269046575,2.24957919,-0.723746836,-0.454572886,-0.581199288,-0.217072383,1.45356131,-1.08075047,-0.323994398,0.321633756,-0.207424134,-0.235391095,-0.625543237,1.87610602,-0.717740536,-0.432369769,-0.411813855,-0.22941573,0.492174804,-0.484322101,0.654653668,-0.351561517,-0.151716515,-0.484322101,-1.32255089,2.36887527,0.810132504,-0.810132504,0.197385505,-0.197385505,0
-0.609925985,-0.754208446,0.919297576,1.0526886,2.6730783,1.0356108,-0.411813855,1.61861348,-0.610092342,-0.255433619,-0.801692247,-0.204124153,-0.22941573,-1.06191313,-0.319262236,1.57424927,-0.569651902,2.88137555,-0.112508789,-0.470504045,-0.625543237,-0.112508789,-0.12852402,-0.210680857,-0.086929135,-0.321633756,0.812250614,-0.32634443,-0.258198887,-0.232418686,-0.480384469,-0.269046575,-0.444527596,-0.723746836,-0.454572886,1.7205801,-0.217072383,-0.687965453,0.925282896,-0.323994398,0.321633756,-0.207424134,-0.235391095,-0.625543237,-0.533018887,-0.717740536,2.31283522,-0.411813855,-0.22941573,0.492174804,-0.484322101,-1.52752519,2.84445238,-0.151716515,-0.484322101,-1.32255089,2.36887527,0.810132504,-0.810132504,0.197385505,-0.197385505,1
-0.266678989,0.0125665907,0.919297576,1.0526886,0.922034204,-0.708575785,-0.411813855,-0.617812753,-0.610092342,-0.255433619,1.24736142,-0.204124153,-0.22941573,0.941696584,-0.319262236,-0.635223389,-0.569651902,2.88137555,-0.112508789,-0.470504045,-0.625543237,-0.112508789,-0.12852402,-0.210680857,-0.086929135,-0.321633756,-1.23114717,-0.32634443,-0.258198887,-0.232418686,2.08166599,-0.269046575,-0.444527596,-0.723746836,-0.454572886,1.7205801,-0.217072383,-0.687965453,0.925282896,-0.323994398,0.321633756,-0.207424134,-0.235391095,1.59861052,-0.533018887,-0.717740536,-0.432369769,-0.411813855,-0.22941573,0.492174804,-0.484322101,0.654653668,-0.351561517,-0.151716515,-0.484322101,-1.32255089,2.36887527,-1.23436594,1.23436594,0.197385505,-0.197385505,1
0.562533498,-0.839405656,-0.861424148,1.0526886,1.35979521,-0.708575785,-0.411813855,-0.617812753,1.63909602,-0.255433619,-0.801692247,-0.204124153,-0.22941573,-1.06191313,3.13222146,-0.635223389,-0.569651902,-0.347056448,-0.112508789,-0.470504045,1.59861052,-0.112508789,-0.12852402,-0.210680857,-0.086929135,-0.321633756,0.812250614,-0.32634443,-0.258198887,-0.232418686,-0.480384469,-0.269046575,-0.444527596,-0.723746836,2.19986725,-0.581199288,-0.217072383,-0.687965453,0.925282896,-0.323994398,0.321633756,-0.207424134,-0.235391095,-0.625543237,1.87610602,-0.717740536,-0.432369769,-0.411813855,-0.22941573,0.492174804,-0.484322101,0.654653668,-0.351561517,-0.151716515,-0.484322101,0.756114542,-0.422141254,0.810132504,-0.810132504,0.197385505,-0.197385505,1
-0.168401957,-0.754208446,-0.861424148,1.0526886,1.88510847,2.77979732,-0.411813855,-0.617812753,-0.610092342,-0.255433619,1.24736142,-0.204124153,-0.22941573,-1.06191313,-0.319262236,1.57424927,-0.569651902,-0.347056448,-0.112508789,-0.470504045,-0.625543237,-0.112508789,-0.12852402,4.74651575,-0.086929135,-0.321633756,0.812250614,-0.32634443,-0.258198887,-0.232418686,-0.480384469,-0.269046575,-0.444527596,-0.723746836,-0.454572886,1.7205801,-0.217072383,1.45356131,-1.08075047,-0.323994398,0.321633756,-0.207424134,-0.235391095,-0.625543237,-0.533018887,-0.717740536,2.31283522,2.42828155,-0.22941573,-2.0317986,-0.484322101,-1.52752519,2.84445238,-0.151716515,2.06474161,-1.32255089,-0.422141254,0.810132504,-0.810132504,0.197385505,-0.197385505,1
0.269147664,1.29052496,0.919297576,0.135312915,-0.478801131,-0.708575785,-0.411813855,1.61861348,-0.610092342,-0.255433619,-0.801692247,-0.204124153,-0.22941573,0.941696584,-0.319262236,-0.635223389,-0.569651902,-0.347056448,-0.112508789,2.12538028,-0.625543237,-0.112508789,-0.12852402,-0.210680857,-0.086929135,-0.321633756,0.812250614,-0.32634443,-0.258198887,-0.232418686,-0.480384469,3.71682858,-0.444527596,-0.723746836,-0.454572886,-0.581199288,-0.217072383,-0.687965453,0.925282896,-0.323994398,0.321633756,-0.207424134,-0.235391095,-0.625543237,1.87610602,-0.717740536,-0.432369769,-0.411813855,-0.22941573,0.492174804,-0.484322101,0.654653668,-0.351561517,-0.151716515,-0.484322101,-1.32255089,2.36887527,-1.23436594,1.23436594,0.197385505,-0.197385505,1
-0.589692473,-0.243025079,0.919297576,1.0526886,0.922034204,1.0356108,-0.411813855,-0.617812753,-0.610092342,-0.255433619,1.24736142,-0.204124153,-0.22941573,-1.06191313,-0.319262236,1.57424927,-0.569651902,-0.347056448,-0.112508789,-0.470504045,1.59861052,-0.112508789,-0.12852402,-0.210680857,-0.086929135,-0.321633756,-1.23114717,-0.32634443,-0.258198887,4.30257988,-0.480384469,-0.269046575,-0.444527596,-0.723746836,-0.454572886,1.7205801,-0.217072383,-0.687965453,0.925282896,-0.323994398,0.321633756,-0.207424134,-0.235391095,-0.625543237,-0.533018887,1.39326108,-0.432369769,-0.411813855,-0.22941573,0.492174804,-0.484322101,0.654653668,-0.351561517,-0.151716515,-0.484322101,0.756114542,-0.422141254,0.810132504,-0.810132504,0.197385505,-0.197385505,1
-0.71904242,-1.00980008,0.028936727,-1.69943845,-0.478801131,1.0356108,-0.411813855,-0.617812753,-0.610092342,-0.255433619,1.24736142,-0.204124153,-0.22941573,-1.06191313,-0.319262236,1.57424927,1.755458,-0.347056448,-0.112508789,-0.470504045,-0.625543237,-0.112508789,-0.12852402,-0.210680857,-0.086929135,-0.321633756,0.812250614,-0.32634443,-0.258198887,-0.232418686,-0.480384469,-0.269046575,-0.444527596,1.38169861,-0.454572886,-0.581199288,-0.217072383,-0.687965453,0.925282896,-0.323994398,0.321633756,-0.207424134,-0.235391095,1.59861052,-0.533018887,-0.717740536,-0.432369769,-0.411813855,-0.22941573,0.492174804,-0.484322101,0.654653668,-0.351561517,-0.151716515,-0.484322101,0.756114542,-0.422141254,0.810132504,-0.810132504,0.197385505,-0.197385505,1
-0.346529096,0.268158257,0.919297576,-1.69943845,1.62245178,-0.708575785,-0.411813855,-0.617812753,-0.610092342,-0.255433619,1.24736142,-0.204124153,-0.22941573,0.941696584,-0.319262236,-0.635223389,1.755458,-0.347056448,-0.112508789,-0.470504045,-0.625543237,-0.112508789,-0.12852402,-0.210680857,-0.086929135,-0.321633756,-1.23114717,-0.32634443,-0.258198887,-0.232418686,2.08166599,-0.269046575,2.24957919,-0.723746836,-0.454572886,-0.581199288,-0.217072383,-0.687965453,0.925282896,-0.323994398,0.321633756,-0.207424134,-0.235391095,-0.625543237,1.87610602,-0.717740536,-0.432369769,-0.411813855,-0.22941573,0.492174804,-0.484322101,0.654653668,-0.351561517,-0.151716515,-0.484322101,0.756114542,-0.422141254,0.810132504,-0.810132504,0.197385505,-0.197385505,1
0.113060594,-0.754208446,-0.861424148,0.135312915,0.834481955,-0.708575785,2.42828155,-0.617812753,-0.610092342,-0.255433619,1.24736142,-0.204124153,-0.22941573,0.941696584,-0.319262236,-0.635223389,1.755458,-0.347056448,-0.112508789,-0.470504045,-0.625543237,-0.112508789,-0.12852402,-0.210680857,-0.086929135,-0.321633756,-1.23114717,-0.32634443,-0.258198887,-0.232418686,2.08166599,-0.269046575,2.24957919,-0.723746836,-0.454572886,-0.581199288,-0.217072383,-0.687965453,0.925282896,-0.323994398,0.321633756,-0.207424134,-0.235391095,-0.625543237,1.87610602,-0.717740536,-0.432369769,-0.411813855,-0.22941573,0.492174804,-0.484322101,0.654653668,-0.351561517,-0.151716515,-0.484322101,-1.32255089,2.36887527,-1.23436594,1.23436594,0.197385505,-0.197385505,1
0.529292762,0.268158257,0.028936727,0.135312915,-0.0410400964,1.0356108,-0.411813855,-0.617812753,-0.610092342,-0.255433619,1.24736142,-0.204124153,-0.22941573,-1.06191313,3.13222146,-0.635223389,-0.569651902,2.88137555,-0.112508789,-0.470504045,-0.625543237,-0.112508789,-0.12852402,-0.210680857,-0.086929135,-0.321633756,0.812250614,-0.32634443,-0.258198887,-0.232418686,-0.480384469,-0.269046575,-0.444527596,-0.723746836,2.19986725,-0.581199288,-0.217072383,-0.687965453,0.925282896,-0.323994398,0.321633756,-0.207424134,-0.235391095,-0.625543237,-0.533018887,1.39326108,-0.432369769,-0.411813855,-0.22941573,0.492174804,-0.484322101,0.654653668,-0.351561517,-0.151716515,2.06474161,-1.32255089,-0.422141254,-1.23436594,1.23436594,0.197385505,-0.197385505,1
0.541216075,0.268158257,0.919297576,-0.782062769,0.134064317,1.0356108,-0.411813855,-0.617812753,1.63909602,-0.255433619,-0.801692247,-0.204124153,-0.22941573,-1.06191313,3.13222146,-0.635223389,-0.569651902,-0.347056448,-0.112508789,-0.470504045,-0.625543237,-0.112508789,-0.12852402,-0.210680857,-0.086929135,3.10912633,-1.23114717,-0.32634443,-0.258198887,-0.232418686,2.08166599,-0.269046575,-0.444527596,1.38169861,-0.454572886,-0.581199288,-0.217072383,-0.687965453,0.925282896,-0.323994398,0.321633756,-0.207424134,-0.235391095,-0.625543237,1.87610602,-0.717740536,-0.432369769,2.42828155,-0.22941573,-2.0317986,-0.484322101,0.654653668,-0.351561517,-0.151716515,-0.484322101,-1.32255089,2.36887527,-1.23436594,1.23436594,0.197385505,-0.197385505,1
-0.626546383,-0.754208446,-0.861424148,1.0526886,2.6730783,2.77979732,-0.411813855,-0.617812753,-0.610092342,3.91491127,-0.801692247,-0.204124153,-0.22941573,-1.06191313,-0.319262236,1.57424927,1.755458,-0.347056448,-0.112508789,-0.470504045,-0.625543237,-0.112508789,-0.12852402,-0.210680857,-0.086929135,-0.321633756,-1.23114717,-0.32634443,3.87298346,-0.232418686,-0.480384469,3.71682858,-0.444527596,-0.723746836,-0.454572886,-0.581199288,-0.217072383,-0.687965453,0.925282896,-0.323994398,0.321633756,-0.207424134,-0.235391095,-0.625543237,-0.533018887,-0.717740536,2.31283522,2.42828155,-0.22941573,-2.0317986,-0.484322101,-1.52752519,2.84445238,6.59123993,-0.484322101,-1.32255089,-0.422141254,0.810132504,-0.810132504,0.197385505,-0.197385505,1
-0.539470017,-0.498616755,-0.861424148,0.135312915,0.0465121083,-0.708575785,-0.411813855,1.61861348,-0.610092342,-0.255433619,-0.801692247,-0.204124153,-0.22941573,0.941696584,-0.319262236,-0.635223389,1.755458,-0.347056448,-0.112508789,-0.470504045,-0.625543237,-0.112508789,-0.12852402,-0.210680857,-0.086929135,-0.321633756,0.812250614,-0.32634443,-0.258198887,-0.232418686,-0.480384469,-0.269046575,2.24957919,-0.723746836,-0.454572886,-0.581199288,-0.217072383,-0.687965453,0.925282896,-0.323994398,0.321633756,-0.207424134,-0.235391095,1.59861052,-0.533018887,-0.717740536,-0.432369769,-0.411813855,-0.22941573,0.492174804,-0.484322101,0.654653668,-0.351561517,-0.151716515,-0.484322101,0.756114542,-0.422141254,0.810132504,-0.810132504,0.197385505,-0.197385505,1
0.338519692,0.268158257,-0.861424148,0.135312915,-0.0410400964,1.0356108,-0.411813855,-0.617812753,-0.610092342,-0.255433619,1.24736142,-0.204124153,-0.22941573,-1.06191313,3.13222146,-0.635223389,-0.569651902,-0.347056448,-0.112508789,2.12538028,-0.625543237,-0.112508789,-0.12852402,-0.210680857,-0.086929135,-0.321633756,-1.23114717,3.06424713,-0.258198887,-0.232418686,-0.480384469,-0.269046575,-0.444527596,1.38169861,-0.454572886,-0.581199288,-0.217072383,-0.687965453,0.925282896,-0.323994398,0.321633756,-0.207424134,-0.235391095,-0.625543237,1.87610602,-0.717740536,-0.432369769,-0.411813855,-0.22941573,0.492174804,-0.484322101,0.654653668,-0.351561517,-0.151716515,-0.484322101,0.756114542,-0.422141254,0.810132504,-0.810132504,0.197385505,-0.197385505,1
1.75269735,1.29052496,0.028936727,-0.782062769,-0.9165622,1.0356108,-0.411813855,1.61861348,-0.610092342,-0.255433619,-0.801692247,-0.204124153,-0.22941573,-1.06191313,-0.319262236,1.57424927,-0.569651902,-0.347056448,-0.112508789,-0.470504045,-0.625543237,-0.112508789,-0.12852402,4.74651575,-0.086929135,-0.321633756,0.812250614,-0.32634443,-0.258198887,-0.232418686,-0.480384469,-0.269046575,-0.444527596,1.38169861,-0.454572886,-0.581199288,-0.217072383,1.45356131,-1.08075047,-0.323994398,0.321633756,-0.207424134,-0.235391095,-0.625543237,-0.533018887,-0.717740536,2.31283522,-0.411813855,-0.22941573,0.492174804,-0.484322101,0.654653668,-0.351561517,-0.151716515,-0.484322101,-1.32255089,2.36887527,-1.23436594,1.23436594,0.197385505,-0.197385505,0
0.275289983,0.0125665907,-0.861424148,0.135312915,-0.0410400964,-0.708575785,-0.411813855,-0.617812753,1.63909602,-0.255433619,-0.801692247,-0.204124153,-0.22941573,0.941696584,-0.319262236,-0.635223389,-0.569651902,-0.347056448,-0.112508789,2.12538028,-0.625543237,-0.112508789,-0.12852402,-0.210680857,-0.086929135,-0.321633756,-1.23114717,-0.32634443,-0.258198887,-0.232418686,2.08166599,-0.269046575,-0.444527596,-0.723746836,2.19986725,-0.581199288,-0.217072383,-0.687965453,0.925282896,-0.323994398,0.321633756,-0.207424134,-0.235391095,-0.625543237,-0.533018887,1.39326108,-0.432369769,-0.411813855,-0.22941573,0.492174804,-0.484322101,0.654653668,-0.351561517,-0.151716515,-0.484322101,0.756114542,-0.422141254,-1.23436594,1.23436594,0.197385505,-0.197385505,1
-0.0769898519,-0.243025079,-0.861424148,1.0526886,0.396720946,-0.708575785,-0.411813855,-0.617812753,1.63909602,-0.255433619,-0.801692247,-0.204124153,-0.22941573,0.941696584,-0.319262236,-0.635223389,-0.569651902,-0.347056448,-0.112508789,2.12538028,-0.625543237,-0.112508789,-0.12852402,-0.210680857,-0.086929135,-0.321633756,0.812250614,-0.32634443,-0.258198887,-0.232418686,-0.480384469,-0.269046575,-0.444527596,-0.723746836,2.19986725,-0.581199288,-0.217072383,1.45356131,-1.08075047,-0.323994398,0.321633756,-0.207424134,-0.235391095,1.59861052,-0.533018887,-0.717740536,-0.432369769,-0.411813855,-0.22941573,0.492174804,2.06474161,-1.52752519,-0.351561517,-0.151716515,-0.484322101,0.756114542,-0.422141254,0.810132504,-0.810132504,0.197385505,-0.197385505,1
-0.461065203,0.268158257,0.919297576,0.135312915,-0.303696722,-0.708575785,-0.411813855,1.61861348,-0.610092342,-0.255433619,-0.801692247,-0.204124153,-0.22941573,0.941696584,-0.319262236,-0.635223389,-0.569651902,-0.347056448,-0.112508789,-0.470504045,1.59861052,-0.112508789,-0.12852402,-0.210680857,-0.086929135,-0.321633756,0.812250614,-0.32634443,-0.258198887,-0.232418686,-0.480384469,-0.269046575,2.24957919,-0.723746836,-0.454572886,-0.581199288,4.60675812,-0.687965453,-1.08075047,-0.323994398,0.321633756,-0.207424134,-0.235391095,-0.625543237,1.87610602,-0.717740536,-0.432369769,-0.411813855,-0.22941573,0.492174804,-0.484322101,0.654653668,-0.351561517,-0.151716515,-0.484322101,0.756114542,-0.422141254,0.810132504,-0.810132504,0.197385505,-0.197385505,0
-0.714706659,-1.26539171,-0.861424148,1.0526886,1.27224302,-0.708575785,-0.411813855,-0.617812753,-0.610092342,-0.255433619,1.24736142,-0.204124153,-0.22941573,0.941696584,-0.319262236,-0.635223389,-0.569651902,2.88137555,-0.112508789,-0.470504045,-0.625543237,-0.112508789,-0.12852402,-0.210680857,-0.086929135,-0.321633756,-1.23114717,-0.32634443,3.87298346,-0.232418686,-0.480384469,-0.269046575,-0.444527596,1.38169861,-0.454572886,-0.581199288,-0.217072383,-0.687965453,0.925282896,-0.323994398,0.321633756,-0.207424134,-0.235391095,-0.625543237,1.87610602,-0.717740536,-0.432369769,-0.411813855,-0.22941573,0.492174804,2.06474161,-1.52752519,-0.351561517,-0.151716515,-0.484322101,0.756114542,-0.422141254,0.810132504,-0.810132504,0.197385505,-0.197385505,1
-0.466123581,-0.924602866,-1.75178492,1.0526886,0.221616521,-0.708575785,-0.411813855,-0.617812753,-0.610092342,-0.255433619,1.24736142,-0.204124153,-0.22941573,0.941696584,-0.319262236,-0.635223389,-0.569651902,-0.347056448,-0.112508789,-0.470504045,1.59861052,-0.112508789,-0.12852402,-0.210680857,-0.086929135,-0.321633756,0.812250614,-0.32634443,-0.258198887,-0.232418686,-0.480384469,-0.269046575,-0.444527596,1.38169861,-0.454572886,-0.581199288,-0.217072383,-0.687965453,0.925282896,-0.323994398,0.321633756,-0.207424134,-0.235391095,-0.625543237,1.87610602,-0.717740536,-0.432369769,-0.411813855,-0.22941573,0.492174804,-0.484322101,0.654653668,-0.351561517,-0.151716515,-0.484322101,0.756114542,-0.422141254,-1.23436594,1.23436594,-5.06622791,5.06622791,1
0.147023991,0.268158257,-0.861424148,1.0526886,-0.391248912,1.0356108,-0.411813855,-0.617812753,-0.610092342,-0.255433619,1.24736142,-0.204124153,-0.22941573,0.941696584,-0.319262236,-0.635223389,-0.569651902,-0.347056448,-0.112508789,-0.470504045,1.59861052,-0.112508789,-0.12852402,-0.210680857,-0.086929135,-0.321633756,-1.23114717,3.06424713,-0.258198887,-0.232418686,-0.480384469,-0.269046575,-0.444527596,-0.723746836,-0.454572886,1.7205801,-0.217072383,-0.687965453,0.925282896,-0.323994398,0.321633756,-0.207424134,-0.235391095,-0.625543237,-0.533018887,1.39326108,-0.432369769,-0.411813855,-0.22941573,0.492174804,-0.484322101,0.654653668,-0.351561517,-0.151716515,-0.484322101,0.756114542,-0.422141254,0.810132504,-0.810132504,0.197385505,-0.197385505,0
-0.675684929,0.268158257,0.919297576,-0.782062769,0.134064317,1.0356108,2.42828155,-0.617812753,-0.610092342,3.91491127,-0.801692247,-0.204124153,-0.22941573,-1.06191313,-0.319262236,1.57424927,1.755458,-0.347056448,-0.112508789,-0.470504045,-0.625543237,-0.112508789,-0.12852402,-0.210680857,-0.086929135,-0.321633756,-1.23114717,-0.32634443,-0.258198887,-0.232418686,2.08166599,-0.269046575,-0.444527596,-0.723746836,2.19986725,-0.581199288,-0.217072383,-0.687965453,0.925282896,-0.323994398,0.321633756,-0.207424134,-0.235391095,1.59861052,-0.533018887,-0.717740536,-0.432369769,2.42828155,-0.22941573,-2.0317986,-0.484322101,0.654653668,-0.351561517,-0.151716515,2.06474161,-1.32255089,-0.422141254,0.810132504,-0.810132504,0.197385505,-0.197385505,0
0.497497261,0.268158257,-0.861424148,0.135312915,1.62245178,2.77979732,-0.411813855,-0.617812753,-0.610092342,-0.255433619,1.24736142,-0.204124153,-0.22941573,0.941696584,-0.319262236,-0.635223389,-0.569651902,-0.347056448,-0.112508789,-0.470504045,-0.625543237,-0.112508789,-0.12852402,-0.210680857,-0.086929135,3.10912633,-1.23114717,-0.32634443,-0.258198887,4.30257988,-0.480384469,-0.269046575,-0.444527596,1.38169861,-0.454572886,-0.581199288,-0.217072383,-0.687965453,0.925282896,-0.323994398,0.321633756,-0.207424134,-0.235391095,-0.625543237,1.87610602,-0.717740536,-0.432369769,-0.411813855,-0.22941573,0.492174804,-0.484322101,0.654653668,-0.351561517,-0.151716515,-0.484322101,-1.32255089,2.36887527,-1.23436594,1.23436594,0.197385505,-0.197385505,0
-0.149975002,-1.00980008,-0.861424148,-0.782062769,0.0465121083,1.0356108,2.42828155,1.61861348,-0.610092342,-0.255433619,-0.801692247,-0.204124153,-0.22941573,-1.06191313,-0.319262236,1.57424927,1.755458,-0.347056448,-0.112508789,-0.470504045,-0.625543237,-0.112508789,-0.12852402,-0.210680857,-0.086929135,-0.321633756,0.812250614,-0.32634443,-0.258198887,-0.232418686,-0.480384469,-0.269046575,-0.444527596,1.38169861,-0.454572886,-0.581199288,-0.217072383,-0.687965453,0.925282896,-0.323994398,0.321633756,-0.207424134,-0.235391095,1.59861052,-0.533018887,-0.717740536,-0.432369769,-0.411813855,-0.22941573,0.492174804,2.06474161,-1.52752519,-0.351561517,-0.151716515,-0.484322101,0.756114542,-0.422141254,0.810132504,-0.810132504,0.197385505,-0.197385505,1
-0.531521142,-1.26539171,-1.75178492,-0.782062769,-0.128592297,1.0356108,-0.411813855,-0.617812753,-0.610092342,-0.255433619,1.24736142,-0.204124153,-0.22941573,-1.06191313,3.13222146,-0.635223389,-0.569651902,-0.347056448,-0.112508789,-0.470504045,-0.625543237,-0.112508789,-0.12852402,-0.210680857,-0.086929135,3.10912633,-1.23114717,3.06424713,-0.258198887,-0.232418686,-0.480384469,-0.269046575,-0.444527596,1.38169861,-0.454572886,-0.581199288,-0.217072383,-0.687965453,0.925282896,-0.323994398,0.321633756,-0.207424134,-0.235391095,1.59861052,-0.533018887,-0.717740536,-0.432369769,-0.411813855,-0.22941573,0.492174804,-0.484322101,0.654653668,-0.351561517,-0.151716515,2.06474161,-1.32255089,-0.422141254,0.810132504,-0.810132504,0.197385505,-0.197385505,1
-0.733133614,-0.754208446,0.028936727,-0.782062769,-0.74145776,1.0356108,-0.411813855,-0.617812753,-0.610092342,-0.255433619,1.24736142,-0.204124153,-0.22941573,-1.06191313,-0.319262236,1.57424927,-0.569651902,-0.347056448,-0.112508789,-0.470504045,-0.625543237,-0.112508789,-0.12852402,-0.210680857,-0.086929135,3.10912633,0.812250614,-0.32634443,-0.258198887,-0.232418686,-0.480384469,-0.269046575,-0.444527596,1.38169861,-0.454572886,-0.581199288,-0.217072383,1.45356131,-1.08075047,-0.323994398,0.321633756,-0.207424134,-0.235391095,1.59861052,-0.533018887,-0.717740536,-0.432369769,-0.411813855,-0.22941573,0.492174804,-0.484322101,0.654653668,-0.351561517,-0.151716515,-0.484322101,0.756114542,-0.422141254,0.810132504,-0.810132504,0.197385505,-0.197385505,1
-0.116372928,0.268158257,0.028936727,1.0526886,1.35979521,-0.708575785,-0.411813855,-0.617812753,-0.610092342,3.91491127,-0.801692247,-0.204124153,-0.22941573,0.941696584,-0.319262236,-0.635223389,-0.569651902,-0.347056448,-0.112508789,2.12538028,-0.625543237,-0.112508789,-0.12852402,-0.210680857,-0.086929135,-0.321633756,0.812250614,-0.32634443,-0.258198887,-0.232418686,-0.480384469,-0.269046575,-0.444527596,-0.723746836,-0.454572886,1.7205801,4.60675812,-0.687965453,-1.08075047,-0.323994398,0.321633756,-0.207424134,-0.235391095,-0.625543237,-0.533018887,-0.717740536,2.31283522,-0.411813855,-0.22941573,0.492174804,-0.484322101,-1.52752519,2.84445238,-0.151716515,-0.484322101,0.756114542,-0.422141254,0.810132504,-0.810132504,0.197385505,-0.197385505,1
3.39558601,1.29052496,-1.75178492,1.0526886,1.00958633,-0.708575785,2.42828155,-0.617812753,1.63909602,-0.255433619,-0.801692247,-0.204124153,-0.22941573,0.941696584,-0.319262236,-0.635223389,-0.569651902,-0.347056448,-0.112508789,-0.470504045,-0.625543237,-0.112508789,-0.12852402,4.74651575,-0.086929135,-0.321633756,-1.23114717,3.06424713,-0.258198887,-0.232418686,-0.480384469,-0.269046575,-0.444527596,1.38169861,-0.454572886,-0.581199288,-0.217072383,-0.687965453,0.925282896,-0.323994398,0.321633756,-0.207424134,-0.235391095,-0.625543237,-0.533018887,-0.717740536,2.31283522,-0.411813855,-0.22941573,0.492174804,-0.484322101,-1.52752519,2.84445238,-0.151716515,-0.484322101,0.756114542,-0.422141254,-1.23436594,1.23436594,0.197385505,-0.197385505,0
-0.808647931,-0.243025079,-1.75178492,-0.782062769,-1.09166658,-0.708575785,-0.411813855,1.61861348,-0.610092342,-0.255433619,-0.801692247,-0.204124153,-0.22941573,0.941696584,-0.319262236,-0.635223389,1.755458,-0.347056448,-0.112508789,-0.470504045,-0.625543237,-0.112508789,-0.12852402,-0.210680857,-0.086929135,-0.321633756,0.812250614,-0.32634443,-0.258198887,-0.232418686,-0.480384469,-0.269046575,2.24957919,-0.723746836,-0.454572886,-0.581199288,-0.217072383,1.45356131,-1.08075047,-0.323994398,0.321633756,-0.207424134,-0.235391095,-0.625543237,-0.533018887,1.39326108,-0.432369769,-0.411813855,-0.22941573,0.492174804,-0.484322101,0.654653668,-0.351561517,-0.151716515,2.06474161,-1.32255089,-0.422141254,0.810132504,-0.810132504,0.197385505,-0.197385505,0
0.274206042,-0.583813965,-1.75178492,1.0526886,-1.17921877,-0.708575785,-0.411813855,1.61861348,-0.610092342,-0.255433619,-0.801692247,-0.204124153,-0.22941573,0.941696584,-0.319262236,-0.635223389,1.755458,-0.347056448,-0.112508789,-0.470504045,-0.625543237,-0.112508789,-0.12852402,-0.210680857,-0.086929135,-0.321633756,0.812250614,-0.32634443,-0.258198887,-0.232418686,-0.480384469,3.71682858,-0.444527596,-0.723746836,-0.454572886,-0.581199288,-0.217072383,-0.687965453,0.925282896,-0.323994398,0.321633756,-0.207424134,-0.235391095,-0.625543237,-0.533018887,-0.717740536,2.31283522,-0.411813855,-0.22941573,0.492174804,-0.484322101,-1.52752519,2.84445238,-0.151716515,-0.484322101,0.756114542,-0.422141254,0.810132504,-0.810132504,0.197385505,-0.197385505,1
-0.00689520035,-1.00980008,-1.75178492,-0.782062769,-0.216144517,-0.708575785,-0.411813855,-0.617812753,1.63909602,-0.255433619,-0.801692247,-0.204124153,-0.22941573,0.941696584,-0.319262236,-0.635223389,1.755458,-0.347056448,-0.112508789,-0.470504045,-0.625543237,-0.112508789,-0.12852402,-0.210680857,-0.086929135,-0.321633756,-1.23114717,-0.32634443,-0.258198887,-0.232418686,2.08166599,-0.269046575,-0.444527596,1.38169861,-0.454572886,-0.581199288,-0.217072383,1.45356131,-1.08075047,-0.323994398,0.321633756,-0.207424134,-0.235391095,1.59861052,-0.533018887,-0.717740536,-0.432369769,-0.411813855,-0.22941573,0.492174804,-0.484322101,0.654653668,-0.351561517,-0.151716515,2.06474161,-1.32255089,-0.422141254,0.810132504,-0.810132504,0.197385505,-0.197385505,1
0.90216738,1.29052496,0.919297576,-0.782062769,0.221616521,1.0356108,-0.411813855,-0.617812753,-0.610092342,-0.255433619,1.24736142,-0.204124153,-0.22941573,-1.06191313,-0.319262236,1.57424927,-0.569651902,2.88137555,-0.112508789,-0.470504045,-0.625543237,-0.112508789,-0.12852402,-0.210680857,-0.086929135,-0.321633756,-1.23114717,-0.32634443,-0.258198887,4.30257988,-0.480384469,-0.269046575,-0.444527596,-0.723746836,-0.454572886,1.7205801,-0.217072383,-0.687965453,0.925282896,-0.323994398,0.321633756,-0.207424134,-0.235391095,-0.625543237,-0.533018887,1.39326108,-0.432369769,-0.411813855,-0.22941573,0.492174804,-0.484322101,0.654653668,-0.351561517,-0.151716515,-0.484322101,-1.32255089,2.36887527,-1.23436594,1.23436594,0.197385505,-0.197385505,1
-0.15611732,0.0125665907,-1.75178492,-0.782062769,-0.391248912,-0.708575785,-0.411813855,-0.617812753,-0.610092342,-0.255433619,1.24736142,-0.204124153,-0.22941573,0.941696584,-0.319262236,-0.635223389,1.755458,-0.347056448,-0.112508789,-0.470504045,-0.625543237,-0.112508789,-0.12852402,-0.210680857,-0.086929135,-0.321633756,-1.23114717,-0.32634443,3.87298346,-0.232418686,-0.480384469,-0.269046575,-0.444527596,-0.723746836,2.19986725,-0.581199288,-0.217072383,1.45356131,-1.08075047,-0.323994398,0.321633756,-0.207424134,-0.235391095,-0.625543237,-0.533018887,1.39326108,-0.432369769,2.42828155,-0.22941573,-2.0317986,-0.484322101,0.654653668,-0.351561517,-0.151716515,-0.484322101,-1.32255089,2.36887527,0.810132504,-0.810132504,0.197385505,-0.197385505,1
-0.766735673,-0.754208446,0.919297576,1.0526886,1.18469083,1.0356108,-0.411813855,-0.617812753,1.63909602,-0.255433619,-0.801692247,-0.204124153,-0.22941573,0.941696584,-0.319262236,-0.635223389,-0.569651902,-0.347056448,-0.112508789,-0.470504045,1.59861052,-0.112508789,-0.12852402,-0.210680857,-0.086929135,-0.321633756,0.812250614,-0.32634443,-0.258198887,-0.232418686,-0.480384469,-0.269046575,-0.444527596,1.38169861,-0.454572886,-0.581199288,-0.217072383,1.45356131,-1.08075047,-0.323994398,-3.10912633,-0.207424134,4.24824905,1.59861052,-0.533018887,-0.717740536,-0.432369769,-0.411813855,-0.22941573,0.492174804,-0.484322101,0.654653668,-0.351561517,-0.151716515,-0.484322101,0.756114542,-0.422141254,-1.23436594,1.23436594,0.197385505,-0.197385505,1
-0.81912601,0.268158257,0.919297576,0.135312915,0.221616521,-0.708575785,2.42828155,-0.617812753,-0.610092342,3.91491127,-0.801692247,-0.204124153,-0.22941573,0.941696584,-0.319262236,-0.635223389,1.755458,-0.347056448,-0.112508789,-0.470504045,-0.625543237,-0.112508789,-0.12852402,-0.210680857,-0.086929135,-0.321633756,0.812250614,-0.32634443,-0.258198887,-0.232418686,-0.480384469,-0.269046575,-0.444527596,-0.723746836,2.19986725,-0.581199288,-0.217072383,-0.687965453,0.925282896,-0.323994398,0.321633756,-0.207424134,-0.235391095,-0.625543237,-0.533018887,-0.717740536,2.31283522,2.42828155,-0.22941573,-2.0317986,-0.484322101,-1.52752519,2.84445238,-0.151716515,-0.484322101,0.756114542,-0.422141254,0.810132504,-0.810132504,0.197385505,-0.197385505,0
-0.752644479,-0.243025079,0.919297576,-0.782062769,-0.216144517,-0.708575785,-0.411813855,1.61861348,-0.610092342,-0.255433619,-0.801692247,-0.204124153,-0.22941573,0.941696584,-0.319262236,-0.635223389,-0.569651902,-0.347056448,-0.112508789,2.12538028,-0.625543237,-0.112508789,-0.12852402,-0.210680857,-0.086929135,-0.321633756,0.812250614,-0.32634443,-0.258198887,-0.232418686,-0.480384469,3.71682858,-0.444527596,-0.723746836,-0.454572886,-0.581199288,-0.217072383,1.45356131,-1.08075047,-0.323994398,0.321633756,-0.207424134,-0.235391095,-0.625543237,-0.533018887,1.39326108,-0.432369769,-0.411813855,-0.22941573,0.492174804,-0.484322101,0.654653668,-0.351561517,-0.151716515,-0.484322101,0.756114542,-0.422141254,0.810132504,-0.810132504,0.197385505,-0.197385505,0
-0.824907005,-1.26539171,-1.75178492,-1.69943845,-0.303696722,-0.708575785,-0.411813855,-0.617812753,1.63909602,-0.255433619,-0.801692247,-0.204124153,4.35889912,-1.06191313,-0.319262236,-0.635223389,1.755458,-0.347056448,-0.112508789,-0.470504045,-0.625543237,-0.112508789,-0.12852402,-0.210680857,-0.086929135,-0.321633756,-1.23114717,3.06424713,-0.258198887,-0.232418686,-0.480384469,-0.269046575,2.24957919,-0.723746836,-0.454572886,-0.581199288,-0.217072383,1.45356131,-1.08075047,-0.323994398,0.321633756,-0.207424134,-0.235391095,-0.625543237,1.87610602,-0.717740536,-0.432369769,-0.411813855,4.35889912,-2.0317986,-0.484322101,0.654653668,-0.351561517,-0.151716515,2.06474161,-1.32255089,-0.422141254,0.810132504,-0.810132504,0.197385505,-0.197385505,0
-0.415901124,-1.26539171,0.919297576,0.135312915,-0.478801131,-0.708575785,-0.411813855,-0.617812753,1.63909602,-0.255433619,-0.801692247,-0.204124153,-0.22941573,0.941696584,-0.319262236,-0.635223389,-0.569651902,-0.347056448,-0.112508789,-0.470504045,1.59861052,-0.112508789,-0.12852402,-0.210680857,-0.086929135,-0.321633756,0.812250614,-0.32634443,-0.258198887,-0.232418686,-0.480384469,-0.269046575,2.24957919,-0.723746836,-0.454572886,-0.581199288,-0.217072383,-0.687965453,-1.08075047,3.08647299,0.321633756,-0.207424134,-0.235391095,-0.625543237,-0.533018887,1.39326108,-0.432369769,-0.411813855,-0.22941573,0.492174804,2.06474161,-1.52752519,-0.351561517,-0.151716515,-0.484322101,-1.32255089,2.36887527,-1.23436594,1.23436594,0.197385505,-0.197385505,1
-0.698086262,-0.754208446,-0.861424148,1.0526886,-1.35432315,-0.708575785,-0.411813855,1.61861348,-0.610092342,-0.255433619,-0.801692247,-0.204124153,-0.22941573,0.941696584,-0.319262236,-0.635223389,-0.569651902,-0.347056448,-0.112508789,2.12538028,-0.625543237,-0.112508789,-0.12852402,-0.210680857,-0.086929135,-0.321633756,0.812250614,-0.32634443,-0.258198887,-0.232418686,-0.480384469,-0.269046575,-0.444527596,1.38169861,-0.454572886,-0.581199288,-0.217072383,1.45356131,-1.08075047,-0.323994398,0.321633756,-0.207424134,-0.235391095,-0.625543237,-0.533018887,1.39326108,-0.432369769,-0.411813855,-0.22941573,0.492174804,2.06474161,-1.52752519,-0.351561517,-0.151716515,-0.484322101,0.756114542,-0.422141254,0.810132504,-0.810132504,0.197385505,-0.197385505,0
-0.319069326,-0.754208446,-1.75178492,1.0526886,1.18469083,-0.708575785,-0.411813855,-0.617812753,-0.610092342,-0.255433619,1.24736142,-0.204124153,-0.22941573,-1.06191313,-0.319262236,1.57424927,-0.569651902,-0.347056448,-0.112508789,-0.470504045,1.59861052,-0.112508789,-0.12852402,-0.210680857,-0.086929135,-0.321633756,-1.23114717,-0.32634443,-0.258198887,-0.232418686,2.08166599,-0.269046575,-0.444527596,-0.723746836,-0.454572886,1.7205801,-0.217072383,-0.687965453,0.925282896,-0.323994398,-3.10912633,4.82103968,-0.235391095,1.59861052,-0.533018887,-0.717740536,-0.432369769,-0.411813855,-0.22941573,0.492174804,-0.484322101,0.654653668,-0.351561517,-0.151716515,-0.484322101,0.756114542,-0.422141254,-1.23436594,1.23436594,0.197385505,-0.197385505,1
3.52710366,-0.243025079,0.028936727,1.0526886,0.221616521,-0.708575785,-0.411813855,-0.617812753,1.63909602,-0.255433619,-0.801692247,-0.204124153,-0.22941573,0.941696584,-0.319262236,-0.635223389,-0.569651902,2.88137555,-0.112508789,-0.470504045,-0.625543237,-0.112508789,-0.12852402,-0.210680857,-0.086929135,-0.321633756,0.812250614,-0.32634443,-0.258198887,-0.232418686,-0.480384469,3.71682858,-0.444527596,-0.723746836,-0.454572886,-0.581199288,-0.217072383,1.45356131,-1.08075047,-0.323994398,0.321633756,-0.207424134,-0.235391095,-0.625543237,-0.533018887,-0.717740536,2.31283522,-0.411813855,-0.22941573,0.492174804,-0.484322101,-1.52752519,2.84445238,-0.151716515,-0.484322101,-1.32255089,2.36887527,-1.23436594,1.23436594,0.197385505,-0.197385505,0
-0.47443375,0.268158257,0.919297576,1.0526886,-0.566353321,-0.708575785,-0.411813855,-0.617812753,-0.610092342,-0.255433619,1.24736142,-0.204124153,-0.22941573,0.941696584,-0.319262236,-0.635223389,-0.569651902,-0.347056448,-0.112508789,-0.470504045,1.59861052,-0.112508789,-0.12852402,-0.210680857,-0.086929135,-0.321633756,-1.23114717,3.06424713,-0.258198887,-0.232418686,-0.480384469,-0.269046575,-0.444527596,1.38169861,-0.454572886,-0.581199288,-0.217072383,-0.687965453,0.925282896,-0.323994398,0.321633756,-0.207424134,-0.235391095,-0.625543237,-0.533018887,1.39326108,-0.432369769,-0.411813855,-0.22941573,0.492174804,2.06474161,-1.52752519,-0.351561517,-0.151716515,-0.484322101,-1.32255089,2.36887527,-1.23436594,1.23436594,0.197385505,-0.197385505,1
-0.908008933,-0.754208446,0.919297576,-0.782062769,0.396720946,-0.708575785,-0.411813855,1.61861348,-0.610092342,-0.255433619,-0.801692247,-0.204124153,-0.22941573,0.941696584,-0.319262236,-0.635223389,-0.569651902,-0.347056448,-0.112508789,-0.470504045,1.59861052,-0.112508789,-0.12852402,-0.210680857,-0.086929135,-0.321633756,0.812250614,-0.32634443,-0.258198887,-0.232418686,-0.480384469,-0.269046575,-0.444527596,1.38169861,-0.454572886,-0.581199288,-0.217072383,-0.687965453,-1.08075047,3.08647299,0.321633756,-0.207424134,-0.235391095,1.59861052,-0.533018887,-0.717740536,-0.432369769,-0.411813855,-0.22941573,0.492174804,-0.484322101,0.654653668,-0.351561517,-0.151716515,2.06474161,-1.32255089,-0.422141254,0.810132504,-0.810132504,0.197385505,-0.197385505,1
-0.0885518566,-0.754208446,0.919297576,0.135312915,-0.9165622,1.0356108,-0.411813855,-0.617812753,1.63909602,-0.255433619,-0.801692247,4.89897966,-0.22941573,-1.06191313,-0.319262236,-0.635223389,-0.569651902,-0.347056448,-0.112508789,2.12538028,-0.625543237,-0.112508789,-0.12852402,-0.210680857,-0.086929135,-0.321633756,0.812250614,-0.32634443,-0.258198887,-0.232418686,-0.480384469,-0.269046575,2.24957919,-0.723746836,-0.454572886,-0.581199288,-0.217072383,1.45356131,-1.08075047,-0.323994398,0.321633756,-0.207424134,-0.235391095,-0.625543237,1.87610602,-0.717740536,-0.432369769,-0.411813855,-0.22941573,0.492174804,2.06474161,-1.52752519,-0.351561517,-0.151716515,-0.484322101,0.756114542,-0.422141254,0.810132504,-0.810132504,0.197385505,-0.197385505,0
0.106556967,-0.243025079,0.919297576,-1.69943845,-0.9165622,-0.708575785,-0.411813855,1.61861348,-0.610092342,-0.255433619,-0.801692247,-0.204124153,-0.22941573,0.941696584,-0.319262236,-0.635223389,-0.569651902,-0.347056448,-0.112508789,-0.470504045,1.59861052,-0.112508789,-0.12852402,-0.210680857,-0.086929135,-0.321633756,0.812250614,-0.32634443,-0.258198887,-0.232418686,-0.480384469,-0.269046575,-0.444527596,-0.723746836,2.19986725,-0.581199288,-0.217072383,1.45356131,-1.08075047,-0.323994398,-3.10912633,-0.207424134,4.24824905,1.59861052,-0.533018887,-0.717740536,-0.432369769,-0.411813855,-0.22941573,0.492174804,-0.484322101,0.654653668,-0.351561517,-0.151716515,-0.484322101,0.756114542,-0.422141254,0.810132504,-0.810132504,0.197385505,-0.197385505,1
-0.351587474,-0.924602866,-1.75178492,0.135312915,1.09713864,1.0356108,2.42828155,1.61861348,-0.610092342,-0.255433619,-0.801692247,-0.204124153,-0.22941573,-1.06191313,-0.319262236,1.57424927,1.755458,-0.347056448,-0.112508789,-0.470504045,-0.625543237,-0.112508789,-0.12852402,-0.210680857,-0.086929135,-0.321633756,0.812250614,-0.32634443,-0.258198887,-0.232418686,-0.480384469,-0.269046575,2.24957919,-0.723746836,-0.454572886,-0.581199288,-0.217072383,-0.687965453,0.925282896,-0.323994398,0.321633756,-0.207424134,-0.235391095,1.59861052,-0.533018887,-0.717740536,-0.432369769,-0.411813855,-0.22941573,0.492174804,2.06474161,-1.52752519,-0.351561517,-0.151716515,2.06474161,-1.32255089,-0.422141254,0.810132504,-0.810132504,-5.06622791,5.06622791,1
2.14725089,3.33525825,-0.861424148,-0.782062769,-0.74145776,-0.708575785,-0.411813855,-0.617812753,1.63909602,-0.255433619,-0.801692247,-0.204124153,-0.22941573,-1.06191313,3.13222146,-0.635223389,-0.569651902,-0.347056448,-0.112508789,-0.470504045,1.59861052,-0.112508789,-0.12852402,-0.210680857,-0.086929135,-0.321633756,-1.23114717,-0.32634443,-0.258198887,-0.232418686,2.08166599,-0.269046575,-0.444527596,1.38169861,-0.454572886,-0.581199288,-0.217072383,-0.687965453,0.925282896,-0.323994398,0.321633756,-0.207424134,-0.235391095,-0.625543237,-0.533018887,-0.717740536,2.31283522,-0.411813855,-0.22941573,0.492174804,-0.484322101,-1.52752519,2.84445238,-0.151716515,-0.484322101,-1.32255089,2.36887527,0.810132504,-0.810132504,0.197385505,-0.197385505,1
1.12003899,0.268158257,0.919297576,-0.782062769,-0.74145776,1.0356108,-0.411813855,-0.617812753,-0.610092342,-0.255433619,1.24736142,-0.204124153,-0.22941573,-1.06191313,-0.319262236,1.57424927,-0.569651902,-0.347056448,8.88819408,-0.470504045,-0.625543237,-0.112508789,-0.12852402,-0.210680857,-0.086929135,-0.321633756,0.812250614,-0.32634443,-0.258198887,-0.232418686,-0.480384469,3.71682858,-0.444527596,-0.723746836,-0.454572886,-0.581199288,-0.217072383,-0.687965453,0.925282896,-0.323994398,-3.10912633,4.82103968,-0.235391095,-0.625543237,-0.533018887,-0.717740536,2.31283522,2.42828155,-0.22941573,-2.0317986,-0.484322101,0.654653668,-0.351561517,-0.151716515,-0.484322101,-1.32255089,2.36887527,-1.23436594,1.23436594,0.197385505,-0.197385505,1
-0.639192343,-0.243025079,0.919297576,1.0526886,1.18469083,-0.708575785,-0.411813855,-0.617812753,-0.610092342,3.91491127,-0.801692247,-0.204124153,4.35889912,-1.06191313,-0.319262236,-0.635223389,-0.569651902,-0.347056448,-0.112508789,-0.470504045,1.59861052,-0.112508789,-0.12852402,-0.210680857,-0.086929135,-0.321633756,-1.23114717,-0.32634443,-0.258198887,-0.232418686,2.08166599,-0.269046575,-0.444527596,-0.723746836,2.19986725,-0.581199288,-0.217072383,-0.687965453,0.925282896,-0.323994398,0.321633756,-0.207424134,-0.235391095,-0.625543237,-0.533018887,1.39326108,-0.432369769,2.42828155,-0.22941573,-2.0317986,-0.484322101,0.654653668,-0.351561517,-0.151716515,2.06474161,-1.32255089,-0.422141254,0.810132504,-0.810132504,0.197385505,-0.197385505,1
-0.660509765,-0.498616755,0.919297576,-0.782062769,0.396720946,-0.708575785,-0.411813855,-0.617812753,-0.610092342,-0.255433619,1.24736142,-0.204124153,-0.22941573,0.941696584,-0.319262236,-0.635223389,-0.569651902,-0.347056448,-0.112508789,-0.470504045,1.59861052,-0.112508789,-0.12852402,-0.210680857,-0.086929135,-0.321633756,-1.23114717,-0.32634443,-0.258198887,-0.232418686,2.08166599,-0.269046575,-0.444527596,1.38169861,-0.454572886,-0.581199288,-0.217072383,-0.687965453,-1.08075047,3.08647299,0.321633756,-0.207424134,-0.235391095,1.59861052,-0.533018887,-0.717740536,-0.432369769,-0.411813855,-0.22941573,0.492174804,2.06474161,-1.52752519,-0.351561517,-0.151716515,-0.484322101,0.756114542,-0.422141254,-1.23436594,1.23436594,0.197385505,-0.197385505,1
-0.999421,-1.26539171,0.919297576,1.0526886,-1.09166658,-0.708575785,-0.411813855,1.61861348,-0.610092342,-0.255433619,-0.801692247,-0.204124153,-0.22941573,0.941696584,-0.319262236,-0.635223389,-0.569651902,-0.347056448,-0.112508789,-0.470504045,-0.625543237,-0.112508789,-0.12852402,4.74651575,-0.086929135,-0.321633756,0.812250614,-0.32634443,-0.258198887,-0.232418686,-0.480384469,-0.269046575,2.24957919,-0.723746836,-0.454572886,-0.581199288,-0.217072383,1.45356131,-1.08075047,-0.323994398,0.321633756,-0.207424134,-0.235391095,-0.625543237,1.87610602,-0.717740536,-0.432369769,-0.411813855,-0.22941573,0.492174804,-0.484322101,0.654653668,-0.351561517,-0.151716515,-0.484322101,0.756114542,-0.422141254,0.810132504,-0.810132504,0.197385505,-0.197385505,0
1.28154564,-1.26539171,-1.75178492,0.135312915,0.834481955,1.0356108,2.42828155,-0.617812753,-0.610092342,-0.255433619,1.24736142,-0.204124153,-0.22941573,-1.06191313,-0.319262236,1.57424927,1.755458,-0.347056448,-0.112508789,-0.470504045,-0.625543237,-0.112508789,-0.12852402,-0.210680857,-0.086929135,-0.321633756,0.812250614,-0.32634443,-0.258198887,-0.232418686,-0.480384469,-0.269046575,-0.444527596,-0.723746836,2.19986725,-0.581199288,-0.217072383,-0.687965453,0.925282896,-0.323994398,0.321633756,-0.207424134,-0.235391095,-0.625543237,-0.533018887,-0.717740536,2.31283522,-0.411813855,-0.22941573,0.492174804,-0.484322101,0.654653668,-0.351561517,-0.151716515,-0.484322101,-1.32255089,2.36887527,-1.23436594,1.23436594,0.197385505,-0.197385505,1
0.157502055,-0.243025079,-1.75178492,1.0526886,-1.17921877,-0.708575785,-0.411813855,1.61861348,-0.610092342,-0.255433619,-0.801692247,-0.204124153,-0.22941573,0.941696584,-0.319262236,-0.635223389,-0.569651902,-0.347056448,-0.112508789,2.12538028,-0.625543237,-0.112508789,-0.12852402,-0.210680857,-0.086929135,-0.321633756,0.812250614,-0.32634443,-0.258198887,-0.232418686,-0.480384469,-0.269046575,2.24957919,-0.723746836,-0.454572886,-0.581199288,-0.217072383,1.45356131,-1.08075047,-0.323994398,0.321633756,-0.207424134,-0.235391095,-0.625543237,-0.533018887,1.39326108,-0.432369769,-0.411813855,-0.22941573,0.492174804,2.06474161,-1.52752519,-0.351561517,-0.151716515,-0.484322101,0.756114542,-0.422141254,0.810132504,-0.810132504,0.197385505,-0.197385505,1
-0.664845526,-1.26539171,-1.75178492,-0.782062769,0.0465121083,-0.708575785,-0.411813855,1.61861348,-0.610092342,-0.255433619,-0.801692247,-0.204124153,-0.22941573,0.941696584,-0.319262236,-0.635223389,-0.569651902,-0.347056448,-0.112508789,2.12538028,-0.625543237,-0.112508789,-0.12852402,-0.210680857,-0.086929135,-0.321633756,0.812250614,-0.32634443,-0.258198887,-0.232418686,-0.480384469,-0.269046575,-0.444527596,1.38169861,-0.454572886,-0.581199288,-0.217072383,-0.687965453,0.925282896,-0.323994398,0.321633756,-0.207424134,-0.235391095,1.59861052,-0.533018887,-0.717740536,-0.432369769,2.42828155,-0.22941573,-2.0317986,-0.484322101,0.654653668,-0.351561517,-0.151716515,2.06474161,-1.32255089,-0.422141254,-1.23436594,1.23436594,0.197385505,-0.197385505,1
-0.661954999,-1.26539171,-1.75178492,-1.69943845,-0.653905571,1.0356108,-0.411813855,-0.617812753,-0.610092342,-0.255433619,1.24736142,-0.204124153,-0.22941573,-1.06191313,-0.319262236,1.57424927,-0.569651902,-0.347056448,-0.112508789,-0.470504045,1.59861052,-0.112508789,-0.12852402,-0.210680857,-0.086929135,-0.321633756,0.812250614,-0.32634443,-0.258198887,-0.232418686,-0.480384469,-0.269046575,-0.444527596,1.38169861,-0.454572886,-0.581199288,-0.217072383,1.45356131,-1.08075047,-0.323994398,0.321633756,-0.207424134,-0.235391095,-0.625543237,-0.533018887,1.39326108,-0.432369769,-0.411813855,-0.22941573,0.492174804,-0.484322101,0.654653668,-0.351561517,-0.151716515,-0.484322101,0.756114542,-0.422141254,-1.23436594,1.23436594,0.197385505,-0.197385505,1
-0.0119535774,0.268158257,0.919297576,1.0526886,-0.82900995,-0.708575785,-0.411813855,-0.617812753,-0.610092342,-0.255433619,1.24736142,-0.204124153,-0.22941573,0.941696584,-0.319262236,-0.635223389,-0.569651902,-0.347056448,-0.112508789,-0.470504045,1.59861052,-0.112508789,-0.12852402,-0.210680857,-0.086929135,-0.321633756,0.812250614,-0.32634443,-0.258198887,-0.232418686,-0.480384469,-0.269046575,2.24957919,-0.723746836,-0.454572886,-0.581199288,-0.217072383,1.45356131,-1.08075047,-0.323994398,0.321633756,-0.207424134,-0.235391095,-0.625543237,1.87610602,-0.717740536,-0.432369769,-0.411813855,-0.22941573,0.492174804,-0.484322101,0.654653668,-0.351561517,-0.151716515,-0.484322101,0.756114542,-0.422141254,-1.23436594,1.23436594,0.197385505,-0.197385505,1
-0.698086262,0.268158257,0.919297576,-0.782062769,-0.303696722,-0.708575785,-0.411813855,1.61861348,-0.610092342,-0.255433619,-0.801692247,-0.204124153,-0.22941573,0.941696584,-0.319262236,-0.635223389,-0.569651902,-0.347056448,-0.112508789,-0.470504045,1.59861052,-0.112508789,-0.12852402,-0.210680857,-0.086929135,-0.321633756,-1.23114717,3.06424713,-0.258198887,-0.232418686,-0.480384469,-0.269046575,-0.444527596,1.38169861,-0.454572886,-0.581199288,-0.217072383,1.45356131,-1.08075047,-0.323994398,0.321633756,-0.207424134,-0.235391095,-0.625543237,-0.533018887,1.39326108,-0.432369769,-0.411813855,-0.22941573,0.492174804,-0.484322101,0.654653668,-0.351561517,-0.151716515,2.06474161,-1.32255089,-0.422141254,0.810132504,-0.810132504,0.197385505,-0.197385505,0
-0.561871409,0.268158257,0.919297576,-0.782062769,-0.566353321,-0.708575785,-0.411813855,1.61861348,-0.610092342,-0.255433619,-0.801692247,-0.204124153,-0.22941573,-1.06191313,3.13222146,-0.635223389,-0.569651902,-0.347056448,-0.112508789,-0.470504045,1.59861052,-0.112508789,-0.12852402,-0.210680857,-0.086929135,-0.321633756,0.812250614,-0.32634443,-0.258198887,-0.232418686,-0.480384469,-0.269046575,2.24957919,-0.723746836,-0.454572886,-0.581199288,-0.217072383,1.45356131,-1.08075047,-0.323994398,0.321633756,-0.207424134,-0.235391095,-0.625543237,-0.533018887,1.39326108,-0.432369769,-0.411813855,-0.22941573,0.492174804,2.06474161,-1.52752519,-0.351561517,-0.151716515,2.06474161,-1.32255089,-0.422141254,-1.23436594,1.23436594,0.197385505,-0.197385505,0
-0.696279705,-0.924602866,0.919297576,-0.782062769,0.834481955,-0.708575785,-0.411813855,-0.617812753,-0.610092342,-0.255433619,1.24736142,-0.204124153,-0.22941573,0.941696584,-0.319262236,-0.635223389,1.755458,-0.347056448,-0.112508789,-0.470504045,-0.625543237,-0.112508789,-0.12852402,-0.210680857,-0.086929135,-0.321633756,-1.23114717,-0.32634443,-0.258198887,-0.232418686,2.08166599,-0.269046575,-0.444527596,-0.723746836,-0.454572886,1.7205801,-0.217072383,-0.687965453,0.925282896,-0.323994398,-3.10912633,4.82103968,-0.235391095,-0.625543237,1.87610602,-0.717740536,-0.432369769,-0.411813855,-0.22941573,0.492174804,-0.484322101,0.654653668,-0.351561517,-0.151716515,2.06474161,-1.32255089,-0.422141254,0.810132504,-0.810132504,-5.06622791,5.06622791,1
-0.764567792,-0.243025079,0.919297576,1.0526886,2.58552623,1.0356108,-0.411813855,-0.617812753,-0.610092342,-0.255433619,1.24736142,-0.204124153,-0.22941573,-1.06191313,-0.319262236,1.57424927,-0.569651902,-0.347056448,-0.112508789,-0.470504045,1.59861052,-0.112508789,-0.12852402,-0.210680857,-0.086929135,-0.321633756,0.812250614,-0.32634443,-0.258198887,-0.232418686,-0.480384469,3.71682858,-0.444527596,-0.723746836,-0.454572886,-0.581199288,-0.217072383,1.45356131,-1.08075047,-0.323994398,0.321633756,-0.207424134,-0.235391095,-0.625543237,-0.533018887,1.39326108,-0.432369769,-0.411813855,-0.22941573,0.492174804,-0.484322101,0.654653668,-0.351561517,6.59123993,-0.484322101,-1.32255089,-0.422141254,0.810132504,-0.810132504,0.197385505,-0.197385505,1
-0.608480752,-0.243025079,0.028936727,-0.782062769,-0.303696722,1.0356108,-0.411813855,-0.617812753,-0.610092342,-0.255433619,1.24736142,-0.204124153,-0.22941573,-1.06191313,-0.319262236,1.57424927,1.755458,-0.347056448,-0.112508789,-0.470504045,-0.625543237,-0.112508789,-0.12852402,-0.210680857,-0.086929135,-0.321633756,0.812250614,-0.32634443,-0.258198887,-0.232418686,-0.480384469,-0.269046575,-0.444527596,1.38169861,-0.454572886,-0.581199288,-0.217072383,-0.687965453,0.925282896,-0.323994398,0.321633756,-0.207424134,-0.235391095,-0.625543237,1.87610602,-0.717740536,-0.432369769,2.42828155,-0.22941573,-2.0317986,-0.484322101,0.654653668,-0.351561517,-0.151716515,-0.484322101,0.756114542,-0.422141254,0.810132504,-0.810132504,0.197385505,-0.197385505,0
-0.402171224,-0.669011176,-0.861424148,1.0526886,-1.09166658,-0.708575785,-0.411813855,-0.617812753,1.63909602,-0.255433619,-0.801692247,-0.204124153,-0.22941573,0.941696584,-0.319262236,-0.635223389,-0.569651902,-0.347056448,-0.112508789,-0.470504045,1.59861052,-0.112508789,-0.12852402,-0.210680857,-0.086929135,-0.321633756,0.812250614,-0.32634443,-0.258198887,-0.232418686,-0.480384469,-0.269046575,2.24957919,-0.723746836,-0.454572886,-0.581199288,-0.217072383,1.45356131,-1.08075047,-0.323994398,-3.10912633,-0.207424134,4.24824905,-0.625543237,1.87610602,-0.717740536,-0.432369769,-0.411813855,-0.22941573,0.492174804,-0.484322101,0.654653668,-0.351561517,-0.151716515,2.06474161,-1.32255089,-0.422141254,0.810132504,-0.810132504,0.197385505,-0.197385505,1
-0.763483882,-0.754208446,0.028936727,-0.782062769,-0.74145776,1.0356108,-0.411813855,-0.617812753,-0.610092342,-0.255433619,1.24736142,-0.204124153,-0.22941573,0.941696584,-0.319262236,-0.635223389,1.755458,-0.347056448,-0.112508789,-0.470504045,-0.625543237,-0.112508789,-0.12852402,-0.210680857,-0.086929135,-0.321633756,0.812250614,-0.32634443,-0.258198887,-0.232418686,-0.480384469,-0.269046575,-0.444527596,1.38169861,-0.454572886,-0.581199288,-0.217072383,-0.687965453,-1.08075047,3.08647299,0.321633756,-0.207424134,-0.235391095,1.59861052,-0.533018887,-0.717740536,-0.432369769,-0.411813855,-0.22941573,0.492174804,-0.484322101,0.654653668,-0.351561517,-0.151716515,-0.484322101,0.756114542,-0.422141254,-1.23436594,1.23436594,0.197385505,-0.197385505,1
-1.00736988,-1.26539171,0.919297576,1.0526886,0.309168726,-0.708575785,-0.411813855,-0.617812753,-0.610092342,-0.255433619,1.24736142,4.89897966,-0.22941573,-1.06191313,-0.319262236,-0.635223389,-0.569651902,-0.347056448,-0.112508789,-0.470504045,1.59861052,-0.112508789,-0.12852402,-0.210680857,-0.086929135,-0.321633756,0.812250614,-0.32634443,-0.258198887,-0.232418686,-0.480384469,-0.269046575,-0.444527596,-0.723746836,-0.454572886,1.7205801,-0.217072383,-0.687965453,-1.08075047,3.08647299,0.321633756,-0.207424134,-0.235391095,-0.625543237,-0.533018887,1.39326108,-0.432369769,-0.411813855,-0.22941573,0.492174804,-0.484322101,0.654653668,-0.351561517,-0.151716515,2.06474161,-1.32255089,-0.422141254,0.810132504,-0.810132504,0.197385505,-0.197385505,1
-0.721571624,-0.243025079,0.919297576,0.135312915,1.00958633,-0.708575785,-0.411813855,1.61861348,-0.610092342,-0.255433619,-0.801692247,-0.204124153,-0.22941573,0.941696584,-0.319262236,-0.635223389,-0.569651902,-0.347056448,-0.112508789,-0.470504045,-0.625543237,8.88819408,-0.12852402,-0.210680857,-0.086929135,-0.321633756,0.812250614,-0.32634443,-0.258198887,-0.232418686,-0.480384469,-0.269046575,-0.444527596,1.38169861,-0.454572886,-0.581199288,-0.217072383,-0.687965453,-1.08075047,3.08647299,0.321633756,-0.207424134,-0.235391095,1.59861052,-0.533018887,-0.717740536,-0.432369769,-0.411813855,-0.22941573,0.492174804,-0.484322101,0.654653668,-0.351561517,-0.151716515,2.06474161,-1.32255089,-0.422141254,-1.23436594,1.23436594,0.197385505,-0.197385505,0
1.07415223,0.779341578,-1.75178492,1.0526886,-1.00411439,1.0356108,-0.411813855,1.61861348,-0.610092342,-0.255433619,-0.801692247,-0.204124153,-0.22941573,-1.06191313,-0.319262236,1.57424927,-0.569651902,2.88137555,-0.112508789,-0.470504045,-0.625543237,-0.112508789,-0.12852402,-0.210680857,-0.086929135,-0.321633756,-1.23114717,3.06424713,-0.258198887,-0.232418686,-0.480384469,-0.269046575,-0.444527596,-0.723746836,2.19986725,-0.581199288,-0.217072383,-0.687965453,-1.08075047,3.08647299,0.321633756,-0.207424134,-0.235391095,-0.625543237,-0.533018887,1.39326108,-0.432369769,-0.411813855,-0.22941573,0.492174804,2.06474161,-1.52752519,-0.351561517,-0.151716515,-0.484322101,0.756114542,-0.422141254,0.810132504,-0.810132504,0.197385505,-0.197385505,1
-0.588608563,0.268158257,0.919297576,0.135312915,0.396720946,1.0356108,-0.411813855,-0.617812753,-0.610092342,-0.255433619,1.24736142,-0.204124153,-0.22941573,-1.06191313,-0.319262236,1.57424927,-0.569651902,-0.347056448,-0.112508789,2.12538028,-0.625543237,-0.112508789,-0.12852402,-0.210680857,-0.086929135,-0.321633756,0.812250614,-0.32634443,-0.258198887,-0.232418686,-0.480384469,-0.269046575,-0.444527596,-0.723746836,2.19986725,-0.581199288,-0.217072383,-0.687965453,0.925282896,-0.323994398,0.321633756,-0.207424134,-0.235391095,-0.625543237,1.87610602,-0.717740536,-0.432369769,-0.411813855,-0.22941573,0.492174804,-0.484322101,0.654653668,-0.351561517,-0.151716515,-0.484322101,0.756114542,-0.422141254,0.810132504,-0.810132504,0.197385505,-0.197385505,1
-0.720126331,-1.26539171,-1.75178492,-0.782062769,-0.74145776,1.0356108,-0.411813855,-0.617812753,-0.610092342,-0.255433619,1.24736142,-0.204124153,-0.22941573,-1.06191313,-0.319262236,1.57424927,-0.569651902,-0.347056448,-0.112508789,2.12538028,-0.625543237,-0.112508789,-0.12852402,-0.210680857,-0.086929135,-0.321633756,-1.23114717,-0.32634443,-0.258198887,-0.232418686,2.08166599,-0.269046575,-0.444527596,1.38169861,-0.454572886,-0.581199288,-0.217072383,-0.687965453,-1.08075047,3.08647299,0.321633756,-0.207424134,-0.235391095,-0.625543237,1.87610602,-0.717740536,-0.432369769,-0.411813855,-0.22941573,0.492174804,-0.484322101,0.654653668,-0.351561517,-0.151716515,-0.484322101,0.756114542,-0.422141254,0.810132504,-0.810132504,0.197385505,-0.197385505,1
-0.941249669,-1.26539171,0.919297576,0.135312915,0.134064317,1.0356108,-0.411813855,1.61861348,-0.610092342,-0.255433619,-0.801692247,-0.204124153,-0.22941573,-1.06191313,-0.319262236,1.57424927,1.755458,-0.347056448,-0.112508789,-0.470504045,-0.625543237,-0.112508789,-0.12852402,-0.210680857,-0.086929135,-0.321633756,0.812250614,-0.32634443,-0.258198887,-0.232418686,-0.480384469,-0.269046575,-0.444527596,-0.723746836,2.19986725,-0.581199288,-0.217072383,1.45356131,-1.08075047,-0.323994398,0.321633756,-0.207424134,-0.235391095,-0.625543237,1.87610602,-0.717740536,-0.432369769,-0.411813855,-0.22941573,0.492174804,-0.484322101,0.654653668,-0.351561517,-0.151716515,-0.484322101,0.756114542,-0.422141254,0.810132504,-0.810132504,-5.06622791,5.06622791,1
-0.716513216,0.268158257,0.919297576,1.0526886,1.88510847,1.0356108,-0.411813855,1.61861348,-0.610092342,-0.255433619,-0.801692247,-0.204124153,-0.22941573,-1.06191313,-0.319262236,1.57424927,-0.569651902,-0.347056448,-0.112508789,-0.470504045,1.59861052,-0.112508789,-0.12852402,-0.210680857,-0.086929135,-0.321633756,-1.23114717,-0.32634443,-0.258198887,4.30257988,-0.480384469,-0.269046575,-0.444527596,-0.723746836,-0.454572886,1.7205801,-0.217072383,1.45356131,-1.08075047,-0.323994398,0.321633756,-0.207424134,-0.235391095,-0.625543237,1.87610602,-0.717740536,-0.432369769,-0.411813855,-0.22941573,0.492174804,2.06474161,-1.52752519,-0.351561517,-0.151716515,-0.484322101,-1.32255089,2.36887527,-1.23436594,1.23436594,0.197385505,-0.197385505,1
-0.602699757,0.268158257,0.919297576,1.0526886,-1.00411439,-0.708575785,-0.411813855,1.61861348,-0.610092342,-0.255433619,-0.801692247,-0.204124153,4.35889912,-1.06191313,-0.319262236,-0.635223389,-0.569651902,-0.347056448,-0.112508789,-0.470504045,1.59861052,-0.112508789,-0.12852402,-0.210680857,-0.086929135,-0.321633756,0.812250614,-0.32634443,-0.258198887,-0.232418686,-0.480384469,-0.269046575,-0.444527596,-0.723746836,2.19986725,-0.581199288,-0.217072383,-0.687965453,0.925282896,-0.323994398,-3.10912633,-0.207424134,4.24824905,-0.625543237,-0.533018887,1.39326108,-0.432369769,2.42828155,-0.22941573,-2.0317986,2.06474161,-1.52752519,-0.351561517,-0.151716515,2.06474161,-1.32255089,-0.422141254,0.810132504,-0.810132504,0.197385505,-0.197385505,0
4.22082424,-1.26539171,-1.75178492,1.0526886,2.84818268,-0.708575785,-0.411813855,1.61861348,-0.610092342,-0.255433619,-0.801692247,-0.204124153,-0.22941573,0.941696584,-0.319262236,-0.635223389,1.755458,-0.347056448,-0.112508789,-0.470504045,-0.625543237,-0.112508789,-0.12852402,-0.210680857,-0.086929135,-0.321633756,0.812250614,-0.32634443,-0.258198887,-0.232418686,-0.480384469,-0.269046575,-0.444527596,-0.723746836,-0.454572886,1.7205801,-0.217072383,-0.687965453,0.925282896,-0.323994398,0.321633756,-0.207424134,-0.235391095,-0.625543237,-0.533018887,-0.717740536,2.31283522,2.42828155,-0.22941573,-2.0317986,-0.484322101,0.654653668,-0.351561517,-0.151716515,-0.484322101,-1.32255089,2.36887527,-1.23436594,1.23436594,0.197385505,-0.197385505,0
0.579153895,0.268158257,-0.861424148,0.135312915,-0.391248912,-0.708575785,-0.411813855,1.61861348,-0.610092342,-0.255433619,-0.801692247,-0.204124153,-0.22941573,0.941696584,-0.319262236,-0.635223389,1.755458,-0.347056448,-0.112508789,-0.470504045,-0.625543237,-0.112508789,-0.12852402,-0.210680857,-0.086929135,-0.321633756,0.812250614,-0.32634443,-0.258198887,-0.232418686,-0.480384469,-0.269046575,-0.444527596,-0.723746836,2.19986725,-0.581199288,-0.217072383,-0.687965453,0.925282896,-0.323994398,-3.10912633,4.82103968,-0.235391095,-0.625543237,1.87610602,-0.717740536,-0.432369769,-0.411813855,-0.22941573,0.492174804,-0.484322101,0.654653668,-0.351561517,-0.151716515,-0.484322101,0.756114542,-0.422141254,-1.23436594,1.23436594,0.197385505,-0.197385505,0
1.5030303,-0.243025079,0.919297576,1.0526886,0.396720946,1.0356108,-0.411813855,-0.617812753,1.63909602,-0.255433619,-0.801692247,-0.204124153,-0.22941573,-1.06191313,-0.319262236,1.57424927,-0.569651902,-0.347056448,-0.112508789,2.12538028,-0.625543237,-0.112508789,-0.12852402,-0.210680857,-0.086929135,-0.321633756,0.812250614,-0.32634443,-0.258198887,-0.232418686,-0.480384469,3.71682858,-0.444527596,-0.723746836,-0.454572886,-0.581199288,-0.217072383,-0.687965453,0.925282896,-0.323994398,0.321633756,-0.207424134,-0.235391095,-0.625543237,1.87610602,-0.717740536,-0.432369769,-0.411813855,4.35889912,-2.0317986,-0.484322101,0.654653668,-0.351561517,-0.151716515,-0.484322101,-1.32255089,2.36887527,-1.23436594,1.23436594,0.197385505,-0.197385505,1
-0.897530854,-1.1801945,0.919297576,-0.782062769,0.922034204,1.0356108,-0.411813855,-0.617812753,-0.610092342,-0.255433619,1.24736142,-0.204124153,-0.22941573,-1.06191313,-0.319262236,1.57424927,-0.569651902,-0.347056448,-0.112508789,-0.470504045,1.59861052,-0.112508789,-0.12852402,-0.210680857,-0.086929135,-0.321633756,-1.23114717,-0.32634443,-0.258198887,-0.232418686,2.08166599,-0.269046575,-0.444527596,-0.723746836,-0.454572886,1.7205801,-0.217072383,-0.687965453,0.925282896,-0.323994398,0.321633756,-0.207424134,-0.235391095,-0.625543237,1.87610602,-0.717740536,-0.432369769,-0.411813855,-0.22941573,0.492174804,2.06474161,-1.52752519,-0.351561517,-0.151716515,2.06474161,-1.32255089,-0.422141254,-1.23436594,1.23436594,0.197385505,-0.197385505,1
1.13304615,0.779341578,0.919297576,1.0526886,-0.391248912,-0.708575785,-0.411813855,1.61861348,-0.610092342,-0.255433619,-0.801692247,-0.204124153,-0.22941573,0.941696584,-0.319262236,-0.635223389,-0.569651902,-0.347056448,-0.112508789,2.12538028,-0.625543237,-0.112508789,-0.12852402,-0.210680857,-0.086929135,-0.321633756,-1.23114717,-0.32634443,-0.258198887,-0.232418686,2.08166599,-0.269046575,-0.444527596,-0.723746836,-0.454572886,1.7205801,-0.217072383,-0.687965453,0.925282896,-0.323994398,0.321633756,-0.207424134,-0.235391095,-0.625543237,1.87610602,-0.717740536,-0.432369769,-0.411813855,-0.22941573,0.492174804,-0.484322101,0.654653668,-0.351561517,-0.151716515,-0.484322101,0.756114542,-0.422141254,0.810132504,-0.810132504,0.197385505,-0.197385505,0
0.249636769,-0.839405656,-0.861424148,-0.782062769,0.0465121083,1.0356108,2.42828155,1.61861348,-0.610092342,-0.255433619,-0.801692247,-0.204124153,-0.22941573,-1.06191313,-0.319262236,1.57424927,1.755458,-0.347056448,-0.112508789,-0.470504045,-0.625543237,-0.112508789,-0.12852402,-0.210680857,-0.086929135,-0.321633756,0.812250614,-0.32634443,-0.258198887,-0.232418686,-0.480384469,-0.269046575,-0.444527596,1.38169861,-0.454572886,-0.581199288,-0.217072383,-0.687965453,0.925282896,-0.323994398,0.321633756,-0.207424134,-0.235391095,1.59861052,-0.533018887,-0.717740536,-0.432369769,-0.411813855,-0.22941573,0.492174804,2.06474161,-1.52752519,-0.351561517,-0.151716515,-0.484322101,0.756114542,-0.422141254,0.810132504,-0.810132504,0.197385505,-0.197385505,1
-0.445890069,-1.00980008,-0.861424148,-0.782062769,-1.44187546,1.0356108,-0.411813855,-0.617812753,-0.610092342,-0.255433619,1.24736142,-0.204124153,-0.22941573,0.941696584,-0.319262236,-0.635223389,-0.569651902,-0.347056448,-0.112508789,2.12538028,-0.625543237,-0.112508789,-0.12852402,-0.210680857,-0.086929135,-0.321633756,0.812250614,-0.32634443,-0.258198887,-0.232418686,-0.480384469,-0.269046575,2.24957919,-0.723746836,-0.454572886,-0.581199288,-0.217072383,1.45356131,-1.08075047,-0.323994398,-3.10912633,4.82103968,-0.235391095,-0.625543237,-0.533018887,1.39326108,-0.432369769,-0.411813855,-0.22941573,0.492174804,2.06474161,-1.52752519,-0.351561517,-0.151716515,-0.484322101,0.756114542,-0.422141254,0.810132504,-0.810132504,0.197385505,-0.197385505,0
2.93166041,0.268158257,-0.861424148,0.135312915,-0.566353321,1.0356108,-0.411813855,-0.617812753,1.63909602,-0.255433619,-0.801692247,-0.204124153,-0.22941573,0.941696584,-0.319262236,-0.635223389,-0.569651902,-0.347056448,8.88819408,-0.470504045,-0.625543237,-0.112508789,-0.12852402,-0.210680857,-0.086929135,-0.321633756,0.812250614,-0.32634443,-0.258198887,-0.232418686,-0.480384469,-0.269046575,-0.444527596,1.38169861,-0.454572886,-0.581199288,-0.217072383,-0.687965453,0.925282896,-0.323994398,-3.10912633,4.82103968,-0.235391095,-0.625543237,-0.533018887,1.39326108,-0.432369769,2.42828155,-0.22941573,-2.0317986,-0.484322101,0.654653668,-0.351561517,-0.151716515,-0.484322101,-1.32255089,2.36887527,-1.23436594,1.23436594,0.197385505,-0.197385505,0
-0.64208281,-1.00980008,-0.861424148,0.135312915,-0.566353321,-0.708575785,-0.411813855,-0.617812753,1.63909602,-0.255433619,-0.801692247,-0.204124153,4.35889912,-1.06191313,-0.319262236,-0.635223389,1.755458,-0.347056448,-0.112508789,-0.470504045,-0.625543237,-0.112508789,-0.12852402,-0.210680857,-0.086929135,-0.321633756,-1.23114717,3.06424713,-0.258198887,-0.232418686,-0.480384469,-0.269046575,-0.444527596,-0.723746836,2.19986725,-0.581199288,-0.217072383,-0.687965453,0.925282896,-0.323994398,0.321633756,-0.207424134,-0.235391095,-0.625543237,-0.533018887,-0.717740536,2.31283522,-0.411813855,-0.22941573,0.492174804,-0.484322101,0.654653668,-0.351561517,-0.151716515,-0.484322101,0.756114542,-0.422141254,0.810132504,-0.810132504,0.197385505,-0.197385505,0
1.7602849,1.29052496,-0.861424148,1.0526886,0.571825325,4.52398396,-0.411813855,-0.617812753,1.63909602,-0.255433619,-0.801692247,-0.204124153,-0.22941573,-1.06191313,3.13222146,-0.635223389,1.755458,-0.347056448,-0.112508789,-0.470504045,-0.625543237,-0.112508789,-0.12852402,-0.210680857,-0.086929135,-0.321633756,-1.23114717,3.06424713,-0.258198887,-0.232418686,-0.480384469,-0.269046575,-0.444527596,-0.723746836,-0.454572886,1.7205801,-0.217072383,-0.687965453,0.925282896,-0.323994398,0.321633756,-0.207424134,-0.235391095,-0.625543237,-0.533018887,1.39326108,-0.432369769,-0.411813855,-0.22941573,0.492174804,-0.484322101,0.654653668,-0.351561517,-0.151716515,-0.484322101,-1.32255089,2.36887527,-1.23436594,1.23436594,0.197385505,-0.197385505,0
1.15689278,2.31289172,0.919297576,0.135312915,2.06021285,-0.708575785,-0.411813855,-0.617812753,1.63909602,-0.255433619,-0.801692247,-0.204124153,4.35889912,-1.06191313,-0.319262236,-0.635223389,-0.569651902,-0.347056448,-0.112508789,-0.470504045,-0.625543237,-0.112508789,-0.12852402,-0.210680857,-0.086929135,3.10912633,0.812250614,-0.32634443,-0.258198887,-0.232418686,-0.480384469,-0.269046575,-0.444527596,-0.723746836,-0.454572886,1.7205801,-0.217072383,1.45356131,-1.08075047,-0.323994398,0.321633756,-0.207424134,-0.235391095,-0.625543237,-0.533018887,-0.717740536,2.31283522,-0.411813855,-0.22941573,0.492174804,2.06474161,-1.52752519,-0.351561517,-0.151716515,-0.484322101,0.756114542,-0.422141254,0.810132504,-0.810132504,0.197385505,-0.197385505,0
-0.716513216,-0.924602866,0.028936727,1.0526886,-0.303696722,1.0356108,2.42828155,-0.617812753,-0.610092342,-0.255433619,1.24736142,-0.204124153,-0.22941573,-1.06191313,-0.319262236,1.57424927,1.755458,-0.347056448,-0.112508789,-0.470504045,-0.625543237,-0.112508789,-0.12852402,-0.210680857,-0.086929135,-0.321633756,0.812250614,-0.32634443,-0.258198887,-0.232418686,-0.480384469,-0.269046575,-0.444527596,-0.723746836,-0.454572886,1.7205801,-0.217072383,-0.687965453,0.925282896,-0.323994398,0.321633756,-0.207424134,-0.235391095,1.59861052,-0.533018887,-0.717740536,-0.432369769,-0.411813855,-0.22941573,0.492174804,-0.484322101,0.654653668,-0.351561517,-0.151716515,2.06474161,-1.32255089,-0.422141254,0.810132504,-0.810132504,-5.06622791,5.06622791,1
-0.650754333,-0.754208446,0.028936727,-0.782062769,1.71000409,-0.708575785,-0.411813855,-0.617812753,-0.610092342,-0.255433619,1.24736142,-0.204124153,-0.22941573,0.941696584,-0.319262236,-0.635223389,-0.569651902,2.88137555,-0.112508789,-0.470504045,-0.625543237,-0.112508789,-0.12852402,-0.210680857,-0.086929135,-0.321633756,-1.23114717,-0.32634443,-0.258198887,4.30257988,-0.480384469,-0.269046575,-0.444527596,-0.723746836,2.19986725,-0.581199288,-0.217072383,-0.687965453,0.925282896,-0.323994398,0.321633756,-0.207424134,-0.235391095,-0.625543237,1.87610602,-0.717740536,-0.432369769,-0.411813855,-0.22941573,0.492174804,-0.484322101,0.654653668,-0.351561517,-0.151716515,-0.484322101,0.756114542,-0.422141254,0.810132504,-0.810132504,-5.06622791,5.06622791,1
-0.905479729,-0.754208446,-0.861424148,0.135312915,0.221616521,-0.708575785,2.42828155,1.61861348,-0.610092342,-0.255433619,-0.801692247,-0.204124153,-0.22941573,0.941696584,-0.319262236,-0.635223389,-0.569651902,-0.347056448,-0.112508789,2.12538028,-0.625543237,-0.112508789,-0.12852402,-0.210680857,-0.086929135,-0.321633756,0.812250614,-0.32634443,-0.258198887,-0.232418686,-0.480384469,-0.269046575,-0.444527596,1.38169861,-0.454572886,-0.581199288,-0.217072383,-0.687965453,0.925282896,-0.323994398,-3.10912633,-0.207424134,4.24824905,-0.625543237,1.87610602,-0.717740536,-0.432369769,-0.411813855,-0.22941573,0.492174804,-0.484322101,0.654653668,-0.351561517,-0.151716515,2.06474161,-1.32255089,-0.422141254,0.810132504,-0.810132504,0.197385505,-0.197385505,1
-0.219708353,0.0125665907,0.919297576,1.0526886,-0.653905571,-0.708575785,-0.411813855,1.61861348,-0.610092342,-0.255433619,-0.801692247,-0.204124153,-0.22941573,0.941696584,-0.319262236,-0.635223389,-0.569651902,-0.347056448,-0.112508789,-0.470504045,1.59861052,-0.112508789,-0.12852402,-0.210680857,-0.086929135,-0.321633756,0.812250614,-0.32634443,-0.258198887,-0.232418686,-0.480384469,-0.269046575,2.24957919,-0.723746836,-0.454572886,-0.581199288,-0.217072383,1.45356131,-1.08075047,-0.323994398,0.321633756,-0.207424134,-0.235391095,-0.625543237,1.87610602,-0.717740536,-0.432369769,-0.411813855,-0.22941573,0.492174804,2.06474161,-1.52752519,-0.351561517,-0.151716515,-0.484322101,-1.32255089,2.36887527,-1.23436594,1.23436594,0.197385505,-0.197385505,1
-0.949921191,-0.754208446,0.919297576,1.0526886,-1.35432315,1.0356108,-0.411813855,-0.617812753,1.63909602,-0.255433619,-0.801692247,-0.204124153,-0.22941573,-1.06191313,3.13222146,-0.635223389,-0.569651902,-0.347056448,-0.112508789,-0.470504045,1.59861052,-0.112508789,-0.12852402,-0.210680857,-0.086929135,-0.321633756,0.812250614,-0.32634443,-0.258198887,-0.232418686,-0.480384469,-0.269046575,-0.444527596,1.38169861,-0.454572886,-0.581199288,-0.217072383,-0.687965453,-1.08075047,3.08647299,-3.10912633,4.82103968,-0.235391095,1.59861052,-0.533018887,-0.717740536,-0.432369769,-0.411813855,-0.22941573,0.492174804,2.06474161,-1.52752519,-0.351561517,-0.151716515,-0.484322101,0.756114542,-0.422141254,0.810132504,-0.810132504,0.197385505,-0.197385505,1
-0.913789928,-0.754208446,-0.861424148,0.135312915,-0.9165622,-0.708575785,-0.411813855,-0.617812753,1.63909602,-0.255433619,-0.801692247,-0.204124153,-0.22941573,0.941696584,-0.319262236,-0.635223389,1.755458,-0.347056448,-0.112508789,-0.470504045,-0.625543237,-0.112508789,-0.12852402,-0.210680857,-0.086929135,-0.321633756,0.812250614,-0.32634443,-0.258198887,-0.232418686,-0.480384469,-0.269046575,-0.444527596,-0.723746836,2.19986725,-0.581199288,-0.217072383,-0.687965453,-1.08075047,3.08647299,0.321633756,-0.207424134,-0.235391095,-0.625543237,-0.533018887,1.39326108,-0.432369769,2.42828155,-0.22941573,-2.0317986,-0.484322101,0.654653668,-0.351561517,-0.151716515,2.06474161,-1.32255089,-0.422141254,0.810132504,-0.810132504,0.197385505,-0.197385505,0
-0.0394133367,0.268158257,0.919297576,-0.782062769,-0.9165622,1.0356108,-0.411813855,-0.617812753,-0.610092342,-0.255433619,1.24736142,-0.204124153,-0.22941573,0.941696584,-0.319262236,-0.635223389,-0.569651902,-0.347056448,-0.112508789,-0.470504045,1.59861052,-0.112508789,-0.12852402,-0.210680857,-0.086929135,-0.321633756,-1.23114717,-0.32634443,-0.258198887,-0.232418686,2.08166599,-0.269046575,2.24957919,-0.723746836,-0.454572886,-0.581199288,-0.217072383,-0.687965453,0.925282896,-0.323994398,0.321633756,-0.207424134,-0.235391095,-0.625543237,-0.533018887,1.39326108,-0.432369769,-0.411813855,-0.22941573,0.492174804,-0.484322101,0.654653668,-0.351561517,-0.151716515,-0.484322101,0.756114542,-0.422141254,0.810132504,-0.810132504,0.197385505,-0.197385505,1
1.25264072,2.31289172,0.919297576,1.0526886,0.221616521,-0.708575785,2.42828155,-0.617812753,1.63909602,-0.255433619,-0.801692247,-0.204124153,-0.22941573,-1.06191313,3.13222146,-0.635223389,-0.569651902,-0.347056448,-0.112508789,-0.470504045,-0.625543237,-0.112508789,-0.12852402,-0.210680857,-0.086929135,3.10912633,-1.23114717,-0.32634443,-0.258198887,-0.232418686,2.08166599,-0.269046575,-0.444527596,1.38169861,-0.454572886,-0.581199288,-0.217072383,-0.687965453,0.925282896,-0.323994398,0.321633756,-0.207424134,-0.235391095,-0.625543237,-0.533018887,-0.717740536,2.31283522,-0.411813855,-0.22941573,0.492174804,-0.484322101,-1.52752519,2.84445238,-0.151716515,-0.484322101,0.756114542,-0.422141254,-1.23436594,1.23436594,0.197385505,-0.197385505,1
0.154972866,-0.498616755,-1.75178492,1.0526886,-0.74145776,1.0356108,-0.411813855,1.61861348,-0.610092342,-0.255433619,-0.801692247,-0.204124153,-0.22941573,-1.06191313,3.13222146,-0.635223389,-0.569651902,-0.347056448,-0.112508789,2.12538028,-0.625543237,-0.112508789,-0.12852402,-0.210680857,-0.086929135,-0.321633756,0.812250614,-0.32634443,-0.258198887,-0.232418686,-0.480384469,-0.269046575,-0.444527596,-0.723746836,-0.454572886,1.7205801,-0.217072383,1.45356131,-1.08075047,-0.323994398,0.321633756,-0.207424134,-0.235391095,-0.625543237,1.87610602,-0.717740536,-0.432369769,-0.411813855,-0.22941573,0.492174804,-0.484322101,0.654653668,-0.351561517,-0.151716515,2.06474161,-1.32255089,-0.422141254,0.810132504,-0.810132504,0.197385505,-0.197385505,1
1.3491112,1.29052496,-0.861424148,-0.782062769,-0.0410400964,-0.708575785,-0.411813855,-0.617812753,1.63909602,-0.255433619,-0.801692247,-0.204124153,-0.22941573,0.941696584,-0.319262236,-0.635223389,-0.569651902,2.88137555,-0.112508789,-0.470504045,-0.625543237,-0.112508789,-0.12852402,-0.210680857,-0.086929135,-0.321633756,0.812250614,-0.32634443,-0.258198887,-0.232418686,-0.480384469,-0.269046575,-0.444527596,1.38169861,-0.454572886,-0.581199288,-0.217072383,-0.687965453,0.925282896,-0.323994398,0.321633756,-0.207424134,-0.235391095,-0.625543237,-0.533018887,1.39326108,-0.432369769,-0.411813855,-0.22941573,0.492174804,2.06474161,-1.52752519,-0.351561517,-0.151716515,-0.484322101,-1.32255089,2.36887527,-1.23436594,1.23436594,0.197385505,-0.197385505,1
-0.454200238,-1.26539171,-1.75178492,1.0526886,-0.391248912,-0.708575785,-0.411813855,1.61861348,-0.610092342,-0.255433619,-0.801692247,-0.204124153,-0.22941573,-1.06191313,-0.319262236,1.57424927,-0.569651902,-0.347056448,-0.112508789,-0.470504045,1.59861052,-0.112508789,-0.12852402,-0.210680857,-0.086929135,-0.321633756,0.812250614,-0.32634443,-0.258198887,-0.232418686,-0.480384469,-0.269046575,-0.444527596,-0.723746836,2.19986725,-0.581199288,-0.217072383,1.45356131,-1.08075047,-0.323994398,0.321633756,-0.207424134,-0.235391095,-0.625543237,-0.533018887,1.39326108,-0.432369769,-0.411813855,-0.22941573,0.492174804,-0.484322101,0.654653668,-0.351561517,-0.151716515,-0.484322101,0.756114542,-0.422141254,0.810132504,-0.810132504,0.197385505,-0.197385505,1
0.57120502,1.29052496,0.919297576,-1.69943845,-0.478801131,-0.708575785,-0.411813855,-0.617812753,1.63909602,-0.255433619,-0.801692247,-0.204124153,-0.22941573,0.941696584,-0.319262236,-0.635223389,-0.569651902,-0.347056448,-0.112508789,-0.470504045,1.59861052,-0.112508789,-0.12852402,-0.210680857,-0.086929135,-0.321633756,0.812250614,-0.32634443,-0.258198887,-0.232418686,-0.480384469,-0.269046575,2.24957919,-0.723746836,-0.454572886,-0.581199288,-0.217072383,1.45356131,-1.08075047,-0.323994398,0.321633756,-0.207424134,-0.235391095,-0.625543237,-0.533018887,-0.717740536,2.31283522,-0.411813855,-0.22941573,0.492174804,-0.484322101,0.654653668,-0.351561517,-0.151716515,-0.484322101,-1.32255089,2.36887527,-1.23436594,1.23436594,0.197385505,-0.197385505,1
-0.693389237,-0.243025079,0.919297576,-1.69943845,-0.74145776,1.0356108,-0.411813855,-0.617812753,1.63909602,-0.255433619,-0.801692247,-0.204124153,-0.22941573,-1.06191313,-0.319262236,1.57424927,-0.569651902,-0.347056448,-0.112508789,2.12538028,-0.625543237,-0.112508789,-0.12852402,-0.210680857,-0.086929135,-0.321633756,0.812250614,-0.32634443,-0.258198887,-0.232418686,-0.480384469,-0.269046575,2.24957919,-0.723746836,-0.454572886,-0.581199288,-0.217072383,1.45356131,-1.08075047,-0.323994398,0.321633756,-0.207424134,-0.235391095,-0.625543237,1.87610602,-0.717740536,-0.432369769,-0.411813855,-0.22941573,0.492174804,-0.484322101,0.654653668,-0.351561517,-0.151716515,-0.484322101,0.756114542,-0.422141254,0.810132504,-0.810132504,0.197385505,-0.197385505,1
-0.362788141,-0.924602866,-0.861424148,-0.782062769,-0.9165622,-0.708575785,-0.411813855,-0.617812753,-0.610092342,-0.255433619,1.24736142,-0.204124153,-0.22941573,0.941696584,-0.319262236,-0.635223389,-0.569651902,-0.347056448,-0.112508789,2.12538028,-0.625543237,-0.112508789,-0.12852402,-0.210680857,-0.086929135,-0.321633756,0.812250614,-0.32634443,-0.258198887,-0.232418686,-0.480384469,-0.269046575,-0.444527596,1.38169861,-0.454572886,-0.581199288,-0.217072383,-0.687965453,0.925282896,-0.323994398,0.321633756,-0.207424134,-0.235391095,1.59861052,-0.533018887,-0.717740536,-0.432369769,2.42828155,-0.22941573,-2.0317986,2.06474161,-1.52752519,-0.351561517,-0.151716515,2.06474161,-1.32255089,-0.422141254,0.810132504,-0.810132504,0.197385505,-0.197385505,0
-0.786607862,-0.754208446,0.028936727,1.0526886,0.309168726,-0.708575785,-0.411813855,-0.617812753,1.63909602,-0.255433619,-0.801692247,-0.204124153,-0.22941573,0.941696584,-0.319262236,-0.635223389,-0.569651902,-0.347056448,-0.112508789,-0.470504045,-0.625543237,-0.112508789,-0.12852402,-0.210680857,-0.086929135,3.10912633,-1.23114717,3.06424713,-0.258198887,-0.232418686,-0.480384469,-0.269046575,-0.444527596,-0.723746836,2.19986725,-0.581199288,-0.217072383,-0.687965453,0.925282896,-0.323994398,0.321633756,-0.207424134,-0.235391095,1.59861052,-0.533018887,-0.717740536,-0.432369769,-0.411813855,-0.22941573,0.492174804,-0.484322101,0.654653668,-0.351561517,-0.151716515,2.06474161,-1.32255089,-0.422141254,0.810132504,-0.810132504,0.197385505,-0.197385505,1
-0.721932948,0.268158257,0.919297576,1.0526886,0.221616521,1.0356108,2.42828155,-0.617812753,1.63909602,-0.255433619,-0.801692247,-0.204124153,-0.22941573,-1.06191313,-0.319262236,1.57424927,-0.569651902,-0.347056448,-0.112508789,-0.470504045,1.59861052,-0.112508789,-0.12852402,-0.210680857,-0.086929135,-0.321633756,-1.23114717,3.06424713,-0.258198887,-0.232418686,-0.480384469,-0.269046575,2.24957919,-0.723746836,-0.454572886,-0.581199288,-0.217072383,-0.687965453,0.925282896,-0.323994398,0.321633756,-0.207424134,-0.235391095,-0.625543237,-0.533018887,-0.717740536,2.31283522,2.42828155,-0.22941573,-2.0317986,-0.484322101,0.654653668,-0.351561517,-0.151716515,-0.484322101,0.756114542,-0.422141254,0.810132504,-0.810132504,0.197385505,-0.197385505,0
0.923846185,0.779341578,0.919297576,-0.782062769,-0.9165622,1.0356108,-0.411813855,-0.617812753,-0.610092342,-0.255433619,1.24736142,-0.204124153,-0.22941573,-1.06191313,-0.319262236,1.57424927,-0.569651902,-0.347056448,-0.112508789,-0.470504045,1.59861052,-0.112508789,-0.12852402,-0.210680857,-0.086929135,-0.321633756,0.812250614,-0.32634443,-0.258198887,-0.232418686,-0.480384469,-0.269046575,-0.444527596,-0.723746836,2.19986725,-0.581199288,-0.217072383,1.45356131,-1.08075047,-0.323994398,0.321633756,-0.207424134,-0.235391095,-0.625543237,-0.533018887,1.39326108,-0.432369769,-0.411813855,-0.22941573,0.492174804,-0.484322101,0.654653668,-0.351561517,-0.151716515,-0.484322101,0.756114542,-0.422141254,0.810132504,-0.810132504,0.197385505,-0.197385505,1
-0.824545681,-1.26539171,-1.75178492,0.135312915,0.309168726,1.0356108,-0.411813855,-0.617812753,1.63909602,-0.255433619,-0.801692247,-0.204124153,-0.22941573,-1.06191313,-0.319262236,1.57424927,-0.569651902,-0.347056448,-0.112508789,-0.470504045,-0.625543237,-0.112508789,-0.12852402,-0.210680857,11.503623,-0.321633756,-1.23114717,-0.32634443,-0.258198887,-0.232418686,2.08166599,-0.269046575,-0.444527596,-0.723746836,2.19986725,-0.581199288,-0.217072383,1.45356131,-1.08075047,-0.323994398,0.321633756,-0.207424134,-0.235391095,-0.625543237,1.87610602,-0.717740536,-0.432369769,-0.411813855,-0.22941573,0.492174804,-0.484322101,0.654653668,-0.351561517,-0.151716515,2.06474161,-1.32255089,-0.422141254,0.810132504,-0.810132504,0.197385505,-0.197385505,1
-0.779742956,-0.243025079,0.028936727,0.135312915,-0.478801131,1.0356108,-0.411813855,-0.617812753,1.63909602,-0.255433619,-0.801692247,-0.204124153,-0.22941573,-1.06191313,-0.319262236,1.57424927,1.755458,-0.347056448,-0.112508789,-0.470504045,-0.625543237,-0.112508789,-0.12852402,-0.210680857,-0.086929135,-0.321633756,0.812250614,-0.32634443,-0.258198887,-0.232418686,-0.480384469,-0.269046575,-0.444527596,-0.723746836,-0.454572886,1.7205801,-0.217072383,-0.687965453,0.925282896,-0.323994398,-3.10912633,-0.207424134,4.24824905,1.59861052,-0.533018887,-0.717740536,-0.432369769,2.42828155,-0.22941573,-2.0317986,-0.484322101,0.654653668,-0.351561517,-0.151716515,-0.484322101,0.756114542,-0.422141254,0.810132504,-0.810132504,0.197385505,-0.197385505,0
-0.914512575,-1.26539171,-0.861424148,-1.69943845,-0.566353321,-0.708575785,-0.411813855,-0.617812753,-0.610092342,3.91491127,-0.801692247,-0.204124153,-0.22941573,-1.06191313,3.13222146,-0.635223389,-0.569651902,-0.347056448,-0.112508789,-0.470504045,1.59861052,-0.112508789,-0.12852402,-0.210680857,-0.086929135,-0.321633756,0.812250614,-0.32634443,-0.258198887,-0.232418686,-0.480384469,-0.269046575,2.24957919,-0.723746836,-0.454572886,-0.581199288,-0.217072383,1.45356131,-1.08075047,-0.323994398,0.321633756,-0.207424134,-0.235391095,-0.625543237,1.87610602,-0.717740536,-0.432369769,2.42828155,-0.22941573,-2.0317986,-0.484322101,0.654653668,-0.351561517,-0.151716515,-0.484322101,0.756114542,-0.422141254,0.810132504,-0.810132504,0.197385505,-0.197385505,1
-0.719403744,-0.754208446,-1.75178492,-1.69943845,0.922034204,1.0356108,-0.411813855,-0.617812753,1.63909602,-0.255433619,-0.801692247,-0.204124153,-0.22941573,0.941696584,-0.319262236,-0.635223389,1.755458,-0.347056448,-0.112508789,-0.470504045,-0.625543237,-0.112508789,-0.12852402,-0.210680857,-0.086929135,-0.321633756,0.812250614,-0.32634443,-0.258198887,-0.232418686,-0.480384469,-0.269046575,-0.444527596,-0.723746836,-0.454572886,1.7205801,4.60675812,-0.687965453,-1.08075047,-0.323994398,0.321633756,-0.207424134,-0.235391095,1.59861052,-0.533018887,-0.717740536,-0.432369769,-0.411813855,-0.22941573,0.492174804,2.06474161,-1.52752519,-0.351561517,-0.151716515,-0.484322101,0.756114542,-0.422141254,0.810132504,-0.810132504,0.197385505,-0.197385505,0
-0.909454167,-0.754208446,0.919297576,-0.782062769,0.922034204,1.0356108,-0.411813855,1.61861348,-0.610092342,-0.255433619,-0.801692247,-0.204124153,4.35889912,-1.06191313,-0.319262236,-0.635223389,1.755458,-0.347056448,-0.112508789,-0.470504045,-0.625543237,-0.112508789,-0.12852402,-0.210680857,-0.086929135,-0.321633756,0.812250614,-0.32634443,-0.258198887,-0.232418686,-0.480384469,-0.269046575,2.24957919,-0.723746836,-0.454572886,-0.581199288,-0.217072383,-0.687965453,0.925282896,-0.323994398,0.321633756,-0.207424134,-0.235391095,-0.625543237,-0.533018887,1.39326108,-0.432369769,2.42828155,-0.22941573,-2.0317986,-0.484322101,0.654653668,-0.351561517,-0.151716515,-0.484322101,0.756114542,-0.422141254,-1.23436594,1.23436594,0.197385505,-0.197385505,0
0.588548064,-0.754208446,0.028936727,1.0526886,0.659377575,1.0356108,-0.411813855,1.61861348,-0.610092342,-0.255433619,-0.801692247,-0.204124153,-0.22941573,-1.06191313,-0.319262236,1.57424927,1.755458,-0.347056448,-0.112508789,-0.470504045,-0.625543237,-0.112508789,-0.12852402,-0.210680857,-0.086929135,-0.321633756,0.812250614,-0.32634443,-0.258198887,-0.232418686,-0.480384469,-0.269046575,-0.444527596,-0.723746836,-0.454572886,1.7205801,-0.217072383,-0.687965453,0.925282896,-0.323994398,-3.10912633,4.82103968,-0.235391095,-0.625543237,1.87610602,-0.717740536,-0.432369769,-0.411813855,-0.22941573,0.492174804,2.06474161,-1.52752519,-0.351561517,-0.151716515,-0.484322101,0.756114542,-0.422141254,-1.23436594,1.23436594,0.197385505,-0.197385505,0
-0.462510437,-0.754208446,-0.861424148,-0.782062769,-0.82900995,1.0356108,-0.411813855,-0.617812753,-0.610092342,-0.255433619,1.24736142,-0.204124153,-0.22941573,-1.06191313,-0.319262236,1.57424927,-0.569651902,-0.347056448,-0.112508789,-0.470504045,1.59861052,-0.112508789,-0.12852402,-0.210680857,-0.086929135,-0.321633756,0.812250614,-0.32634443,-0.258198887,-0.232418686,-0.480384469,-0.269046575,-0.444527596,-0.723746836,-0.454572886,1.7205801,-0.217072383,-0.687965453,0.925282896,-0.323994398,0.321633756,-0.207424134,-0.235391095,-0.625543237,-0.533018887,-0.717740536,2.31283522,-0.411813855,-0.22941573,0.492174804,-0.484322101,0.654653668,-0.351561517,-0.151716515,-0.484322101,0.756114542,-0.422141254,0.810132504,-0.810132504,0.197385505,-0.197385505,1
-0.384466916,0.779341578,0.919297576,-0.782062769,-1.00411439,-0.708575785,-0.411813855,-0.617812753,1.63909602,-0.255433619,-0.801692247,-0.204124153,-0.22941573,0.941696584,-0.319262236,-0.635223389,1.755458,-0.347056448,-0.112508789,-0.470504045,-0.625543237,-0.112508789,-0.12852402,-0.210680857,-0.086929135,-0.321633756,0.812250614,-0.32634443,-0.258198887,-0.232418686,-0.480384469,-0.269046575,-0.444527596,1.38169861,-0.454572886,-0.581199288,-0.217072383,1.45356131,-1.08075047,-0.323994398,-3.10912633,-0.207424134,4.24824905,-0.625543237,-0.533018887,-0.717740536,2.31283522,2.42828155,-0.22941573,-2.0317986,-0.484322101,0.654653668,-0.351561517,-0.151716515,-0.484322101,0.756114542,-0.422141254,0.810132504,-0.810132504,0.197385505,-0.197385505,0
0.179542124,1.29052496,-0.861424148,-0.782062769,-0.74145776,-0.708575785,-0.411813855,-0.617812753,1.63909602,-0.255433619,-0.801692247,-0.204124153,-0.22941573,0.941696584,-0.319262236,-0.635223389,-0.569651902,-0.347056448,-0.112508789,-0.470504045,-0.625543237,-0.112508789,-0.12852402,4.74651575,-0.086929135,-0.321633756,-1.23114717,-0.32634443,-0.258198887,-0.232418686,2.08166599,-0.269046575,-0.444527596,1.38169861,-0.454572886,-0.581199288,-0.217072383,-0.687965453,-1.08075047,3.08647299,0.321633756,-0.207424134,-0.235391095,-0.625543237,-0.533018887,1.39326108,-0.432369769,-0.411813855,-0.22941573,0.492174804,-0.484322101,0.654653668,-0.351561517,-0.151716515,-0.484322101,0.756114542,-0.422141254,0.810132504,-0.810132504,0.197385505,-0.197385505,1
-0.162620947,1.03493321,-0.861424148,-0.782062769,-0.82900995,1.0356108,-0.411813855,-0.617812753,-0.610092342,-0.255433619,1.24736142,-0.204124153,-0.22941573,-1.06191313,3.13222146,-0.635223389,-0.569651902,-0.347056448,-0.112508789,-0.470504045,-0.625543237,-0.112508789,-0.12852402,-0.210680857,-0.086929135,3.10912633,0.812250614,-0.32634443,-0.258198887,-0.232418686,-0.480384469,-0.269046575,-0.444527596,1.38169861,-0.454572886,-0.581199288,-0.217072383,1.45356131,-1.08075047,-0.323994398,0.321633756,-0.207424134,-0.235391095,-0.625543237,-0.533018887,1.39326108,-0.432369769,-0.411813855,-0.22941573,0.492174804,-0.484322101,0.654653668,-0.351561517,-0.151716515,-0.484322101,0.756114542,-0.422141254,-1.23436594,1.23436594,0.197385505,-0.197385505,1
-0.0191798303,0.268158257,0.919297576,-0.782062769,-0.391248912,-0.708575785,-0.411813855,1.61861348,-0.610092342,-0.255433619,-0.801692247,-0.204124153,4.35889912,-1.06191313,-0.319262236,-0.635223389,-0.569651902,-0.347056448,-0.112508789,-0.470504045,-0.625543237,-0.112508789,-0.12852402,-0.210680857,-0.086929135,3.10912633,0.812250614,-0.32634443,-0.258198887,-0.232418686,-0.480384469,-0.269046575,-0.444527596,1.38169861,-0.454572886,-0.581199288,-0.217072383,-0.687965453,0.925282896,-0.323994398,0.321633756,-0.207424134,-0.235391095,-0.625543237,1.87610602,-0.717740536,-0.432369769,-0.411813855,-0.22941573,0.492174804,2.06474161,-1.52752519,-0.351561517,-0.151716515,-0.484322101,0.756114542,-0.422141254,-1.23436594,1.23436594,0.197385505,-0.197385505,0
0.451249242,1.29052496,0.919297576,-0.782062769,-0.82900995,1.0356108,-0.411813855,-0.617812753,-0.610092342,-0.255433619,1.24736142,-0.204124153,-0.22941573,-1.06191313,3.13222146,-0.635223389,-0.569651902,-0.347056448,-0.112508789,-0.470504045,1.59861052,-0.112508789,-0.12852402,-0.210680857,-0.086929135,-0.321633756,0.812250614,-0.32634443,-0.258198887,-0.232418686,-0.480384469,-0.269046575,-0.444527596,1.38169861,-0.454572886,-0.581199288,-0.217072383,-0.687965453,0.925282896,-0.323994398,0.321633756,-0.207424134,-0.235391095,-0.625543237,-0.533018887,1.39326108,-0.432369769,-0.411813855,-0.22941573,0.492174804,-0.484322101,0.654653668,-0.351561517,-0.151716515,-0.484322101,-1.32255089,2.36887527,-1.23436594,1.23436594,0.197385505,-0.197385505,0
-0.427824438,-1.00980008,-0.861424148,-1.69943845,-1.00411439,-0.708575785,-0.411813855,-0.617812753,1.63909602,-0.255433619,-0.801692247,-0.204124153,-0.22941573,0.941696584,-0.319262236,-0.635223389,-0.569651902,-0.347056448,-0.112508789,2.12538028,-0.625543237,-0.112508789,-0.12852402,-0.210680857,-0.086929135,-0.321633756,-1.23114717,-0.32634443,-0.258198887,-0.232418686,2.08166599,-0.269046575,-0.444527596,-0.723746836,2.19986725,-0.581199288,-0.217072383,-0.687965453,0.925282896,-0.323994398,0.321633756,-0.207424134,-0.235391095,-0.625543237,-0.533018887,1.39326108,-0.432369769,-0.411813855,-0.22941573,0.492174804,-0.484322101,0.654653668,-0.351561517,-0.151716515,-0.484322101,0.756114542,-0.422141254,-1.23436594,1.23436594,0.197385505,-0.197385505,1
-0.292693496,-0.243025079,-0.861424148,-0.782062769,-0.82900995,1.0356108,-0.411813855,-0.617812753,-0.610092342,-0.255433619,1.24736142,-0.204124153,-0.22941573,-1.06191313,-0.319262236,1.57424927,-0.569651902,-0.347056448,-0.112508789,-0.470504045,1.59861052,-0.112508789,-0.12852402,-0.210680857,-0.086929135,-0.321633756,0.812250614,-0.32634443,-0.258198887,-0.232418686,-0.480384469,-0.269046575,-0.444527596,1.38169861,-0.454572886,-0.581199288,-0.217072383,1.45356131,-1.08075047,-0.323994398,0.321633756,-0.207424134,-0.235391095,-0.625543237,-0.533018887,1.39326108,-0.432369769,-0.411813855,-0.22941573,0.492174804,-0.484322101,0.654653668,-0.351561517,-0.151716515,-0.484322101,0.756114542,-0.422141254,0.810132504,-0.810132504,0.197385505,-0.197385505,1
-0.452032387,-0.754208446,0.919297576,-0.782062769,-0.391248912,1.0356108,2.42828155,-0.617812753,-0.610092342,-0.255433619,1.24736142,-0.204124153,-0.22941573,0.941696584,-0.319262236,-0.635223389,-0.569651902,-0.347056448,-0.112508789,-0.470504045,1.59861052,-0.112508789,-0.12852402,-0.210680857,-0.086929135,-0.321633756,0.812250614,-0.32634443,-0.258198887,-0.232418686,-0.480384469,-0.269046575,-0.444527596,-0.723746836,2.19986725,-0.581199288,-0.217072383,-0.687965453,0.925282896,-0.323994398,0.321633756,-0.207424134,-0.235391095,-0.625543237,-0.533018887,1.39326108,-0.432369769,-0.411813855,-0.22941573,0.492174804,2.06474161,-1.52752519,-0.351561517,-0.151716515,-0.484322101,-1.32255089,2.36887527,-1.23436594,1.23436594,0.197385505,-0.197385505,1
-0.592583001,-0.754208446,0.919297576,-0.782062769,1.27224302,-0.708575785,-0.411813855,-0.617812753,-0.610092342,-0.255433619,1.24736142,-0.204124153,-0.22941573,0.941696584,-0.319262236,-0.635223389,-0.569651902,-0.347056448,-0.112508789,2.12538028,-0.625543237,-0.112508789,-0.12852402,-0.210680857,-0.086929135,-0.321633756,0.812250614,-0.32634443,-0.258198887,-0.232418686,-0.480384469,-0.269046575,-0.444527596,1.38169861,-0.454572886,-0.581199288,-0.217072383,-0.687965453,0.925282896,-0.323994398,0.321633756,-0.207424134,-0.235391095,1.59861052,-0.533018887,-0.717740536,-0.432369769,-0.411813855,-0.22941573,0.492174804,-0.484322101,0.654653668,-0.351561517,-0.151716515,-0.484322101,0.756114542,-0.422141254,0.810132504,-0.810132504,0.197385505,-0.197385505,1
-0.503700078,-0.243025079,-0.861424148,-0.782062769,-0.478801131,-0.708575785,-0.411813855,-0.617812753,-0.610092342,-0.255433619,1.24736142,-0.204124153,-0.22941573,0.941696584,-0.319262236,-0.635223389,1.755458,-0.347056448,-0.112508789,-0.470504045,-0.625543237,-0.112508789,-0.12852402,-0.210680857,-0.086929135,-0.321633756,0.812250614,-0.32634443,-0.258198887,-0.232418686,-0.480384469,-0.269046575,-0.444527596,1.38169861,-0.454572886,-0.581199288,-0.217072383,-0.687965453,-1.08075047,3.08647299,0.321633756,-0.207424134,-0.235391095,-0.625543237,1.87610602,-0.717740536,-0.432369769,-0.411813855,-0.22941573,0.492174804,-0.484322101,0.654653668,-0.351561517,-0.151716515,-0.484322101,-1.32255089,2.36887527,-1.23436594,1.23436594,0.197385505,-0.197385505,1
-0.650754333,0.268158257,0.919297576,-0.782062769,-0.653905571,-0.708575785,-0.411813855,-0.617812753,-0.610092342,-0.255433619,1.24736142,-0.204124153,-0.22941573,0.941696584,-0.319262236,-0.635223389,-0.569651902,-0.347056448,-0.112508789,-0.470504045,1.59861052,-0.112508789,-0.12852402,-0.210680857,-0.086929135,-0.321633756,0.812250614,-0.32634443,-0.258198887,-0.232418686,-0.480384469,-0.269046575,-0.444527596,1.38169861,-0.454572886,-0.581199288,-0.217072383,-0.687965453,-1.08075047,3.08647299,0.321633756,-0.207424134,-0.235391095,-0.625543237,1.87610602,-0.717740536,-0.432369769,-0.411813855,-0.22941573,0.492174804,-0.484322101,0.654653668,-0.351561517,-0.151716515,-0.484322101,0.756114542,-0.422141254,0.810132504,-0.810132504,0.197385505,-0.197385505,1
-0.0668730959,-0.498616755,-0.861424148,-0.782062769,-0.216144517,-0.708575785,-0.411813855,-0.617812753,-0.610092342,-0.255433619,1.24736142,-0.204124153,-0.22941573,0.941696584,-0.319262236,-0.635223389,-0.569651902,2.88137555,-0.112508789,-0.470504045,-0.625543237,-0.112508789,-0.12852402,-0.210680857,-0.086929135,-0.321633756,0.812250614,-0.32634443,-0.258198887,-0.232418686,-0.480384469,-0.269046575,-0.444527596,-0.723746836,2.19986725,-0.581199288,-0.217072383,-0.687965453,0.925282896,-0.323994398,0.321633756,-0.207424134,-0.235391095,-0.625543237,-0.533018887,1.39326108,-0.432369769,-0.411813855,-0.22941573,0.492174804,-0.484322101,0.654653668,-0.351561517,-0.151716515,-0.484322101,0.756114542,-0.422141254,0.810132504,-0.810132504,0.197385505,-0.197385505,1
-0.299919754,1.29052496,0.919297576,-1.69943845,-0.216144517,-0.708575785,-0.411813855,-0.617812753,1.63909602,-0.255433619,-0.801692247,-0.204124153,-0.22941573,0.941696584,-0.319262236,-0.635223389,-0.569651902,-0.347056448,-0.112508789,-0.470504045,-0.625543237,-0.112508789,7.7806468,-0.210680857,-0.086929135,-0.321633756,0.812250614,-0.32634443,-0.258198887,-0.232418686,-0.480384469,-0.269046575,2.24957919,-0.723746836,-0.454572886,-0.581199288,-0.217072383,-0.687965453,0.925282896,-0.323994398,0.321633756,-0.207424134,-0.235391095,-0.625543237,-0.533018887,-0.717740536,2.31283522,-0.411813855,-0.22941573,0.492174804,2.06474161,-1.52752519,-0.351561517,-0.151716515,2.06474161,-1.32255089,-0.422141254,0.810132504,-0.810132504,0.197385505,-0.197385505,0
-0.730243087,0.268158257,-1.75178492,1.0526886,-0.566353321,1.0356108,-0.411813855,1.61861348,-0.610092342,-0.255433619,-0.801692247,-0.204124153,4.35889912,-1.06191313,-0.319262236,-0.635223389,1.755458,-0.347056448,-0.112508789,-0.470504045,-0.625543237,-0.112508789,-0.12852402,-0.210680857,-0.086929135,-0.321633756,0.812250614,-0.32634443,-0.258198887,-0.232418686,-0.480384469,3.71682858,-0.444527596,-0.723746836,-0.454572886,-0.581199288,-0.217072383,1.45356131,-1.08075047,-0.323994398,-3.10912633,4.82103968,-0.235391095,-0.625543237,-0.533018887,-0.717740536,2.31283522,-0.411813855,-0.22941573,0.492174804,2.06474161,-1.52752519,-0.351561517,6.59123993,-0.484322101,-1.32255089,-0.422141254,0.810132504,-0.810132504,0.197385505,-0.197385505,0
0.102943845,-0.754208446,0.028936727,-0.782062769,-0.566353321,1.0356108,-0.411813855,1.61861348,-0.610092342,-0.255433619,-0.801692247,-0.204124153,-0.22941573,-1.06191313,-0.319262236,1.57424927,1.755458,-0.347056448,-0.112508789,-0.470504045,-0.625543237,-0.112508789,-0.12852402,-0.210680857,-0.086929135,-0.321633756,0.812250614,-0.32634443,-0.258198887,-0.232418686,-0.480384469,-0.269046575,-0.444527596,1.38169861,-0.454572886,-0.581199288,-0.217072383,1.45356131,-1.08075047,-0.323994398,-3.10912633,4.82103968,-0.235391095,1.59861052,-0.533018887,-0.717740536,-0.432369769,-0.411813855,-0.22941573,0.492174804,-0.484322101,0.654653668,-0.351561517,-0.151716515,-0.484322101,0.756114542,-0.422141254,0.810132504,-0.810132504,0.197385505,-0.197385505,0
-0.334605753,0.0125665907,0.919297576,1.0526886,-1.09166658,-0.708575785,-0.411813855,-0.617812753,-0.610092342,-0.255433619,1.24736142,-0.204124153,-0.22941573,-1.06191313,-0.319262236,1.57424927,-0.569651902,-0.347056448,-0.112508789,2.12538028,-0.625543237,-0.112508789,-0.12852402,-0.210680857,-0.086929135,-0.321633756,0.812250614,-0.32634443,-0.258198887,-0.232418686,-0.480384469,-0.269046575,2.24957919,-0.723746836,-0.454572886,-0.581199288,-0.217072383,1.45356131,-1.08075047,-0.323994398,0.321633756,-0.207424134,-0.235391095,-0.625543237,1.87610602,-0.717740536,-0.432369769,-0.411813855,-0.22941573,0.492174804,-0.484322101,0.654653668,-0.351561517,-0.151716515,-0.484322101,0.756114542,-0.422141254,-1.23436594,1.23436594,0.197385505,-0.197385505,1
-0.532605112,-1.26539171,-0.861424148,-0.782062769,-0.478801131,1.0356108,-0.411813855,-0.617812753,-0.610092342,-0.255433619,1.24736142,-0.204124153,-0.22941573,-1.06191313,-0.319262236,1.57424927,-0.569651902,-0.347056448,-0.112508789,-0.470504045,1.59861052,-0.112508789,-0.12852402,-0.210680857,-0.086929135,-0.321633756,0.812250614,-0.32634443,-0.258198887,-0.232418686,-0.480384469,-0.269046575,-0.444527596,-0.723746836,-0.454572886,1.7205801,-0.217072383,-0.687965453,-1.08075047,3.08647299,0.321633756,-0.207424134,-0.235391095,1.59861052,-0.533018887,-0.717740536,-0.432369769,-0.411813855,-0.22941573,0.492174804,2.06474161,-1.52752519,-0.351561517,-0.151716515,-0.484322101,0.756114542,-0.422141254,0.810132504,-0.810132504,0.197385505,-0.197385505,1
-0.710009575,0.268158257,0.919297576,-0.782062769,-0.653905571,-0.708575785,-0.411813855,-0.617812753,-0.610092342,-0.255433619,1.24736142,-0.204124153,-0.22941573,0.941696584,-0.319262236,-0.635223389,1.755458,-0.347056448,-0.112508789,-0.470504045,-0.625543237,-0.112508789,-0.12852402,-0.210680857,-0.086929135,-0.321633756,0.812250614,-0.32634443,-0.258198887,-0.232418686,-0.480384469,-0.269046575,2.24957919,-0.723746836,-0.454572886,-0.581199288,-0.217072383,-0.687965453,-1.08075047,3.08647299,0.321633756,-0.207424134,-0.235391095,1.59861052,-0.533018887,-0.717740536,-0.432369769,-0.411813855,-0.22941573,0.492174804,-0.484322101,0.654653668,-0.351561517,-0.151716515,-0.484322101,0.756114542,-0.422141254,0.810132504,-0.810132504,0.197385505,-0.197385505,1
1.72198582,1.29052496,0.919297576,1.0526886,-0.74145776,1.0356108,-0.411813855,-0.617812753,-0.610092342,-0.255433619,1.24736142,-0.204124153,-0.22941573,-1.06191313,3.13222146,-0.635223389,-0.569651902,-0.347056448,-0.112508789,-0.470504045,-0.625543237,-0.112508789,-0.12852402,-0.210680857,-0.086929135,3.10912633,-1.23114717,-0.32634443,-0.258198887,-0.232418686,2.08166599,-0.269046575,2.24957919,-0.723746836,-0.454572886,-0.581199288,-0.217072383,-0.687965453,0.925282896,-0.323994398,0.321633756,-0.207424134,-0.235391095,-0.625543237,-0.533018887,1.39326108,-0.432369769,-0.411813855,-0.22941573,0.492174804,2.06474161,-1.52752519,-0.351561517,-0.151716515,-0.484322101,0.756114542,-0.422141254,-1.23436594,1.23436594,0.197385505,-0.197385505,0
1.5832417,0.779341578,-1.75178492,1.0526886,2.41042161,1.0356108,-0.411813855,-0.617812753,-0.610092342,-0.255433619,1.24736142,-0.204124153,-0.22941573,-1.06191313,-0.319262236,1.57424927,-0.569651902,2.88137555,-0.112508789,-0.470504045,-0.625543237,-0.112508789,-0.12852402,-0.210680857,-0.086929135,-0.321633756,-1.23114717,-0.32634443,-0.258198887,-0.232418686,2.08166599,-0.269046575,-0.444527596,-0.723746836,-0.454572886,1.7205801,-0.217072383,-0.687965453,0.925282896,-0.323994398,0.321633756,-0.207424134,-0.235391095,-0.625543237,-0.533018887,1.39326108,-0.432369769,-0.411813855,-0.22941573,0.492174804,-0.484322101,0.654653668,-0.351561517,-0.151716515,-0.484322101,0.756114542,-0.422141254,0.810132504,-0.810132504,0.197385505,-0.197385505,1
-0.761316001,-0.754208446,-0.861424148,-0.782062769,-1.35432315,-0.708575785,2.42828155,1.61861348,-0.610092342,-0.255433619,-0.801692247,-0.204124153,-0.22941573,0.941696584,-0.319262236,-0.635223389,-0.569651902,-0.347056448,-0.112508789,-0.470504045,1.59861052,-0.112508789,-0.12852402,-0.210680857,-0.086929135,-0.321633756,0.812250614,-0.32634443,-0.258198887,-0.232418686,-0.480384469,-0.269046575,-0.444527596,1.38169861,-0.454572886,-0.581199288,-0.217072383,-0.687965453,0.925282896,-0.323994398,0.321633756,-0.207424134,-0.235391095,1.59861052,-0.533018887,-0.717740536,-0.432369769,-0.411813855,-0.22941573,0.492174804,2.06474161,-1.52752519,-0.351561517,-0.151716515,-0.484322101,-1.32255089,2.36887527,-1.23436594,1.23436594,0.197385505,-0.197385505,1
-0.113121115,-0.924602866,-1.75178492,1.0526886,-0.391248912,-0.708575785,-0.411813855,-0.617812753,-0.610092342,-0.255433619,1.24736142,-0.204124153,-0.22941573,0.941696584,-0.319262236,-0.635223389,-0.569651902,2.88137555,-0.112508789,-0.470504045,-0.625543237,-0.112508789,-0.12852402,-0.210680857,-0.086929135,-0.321633756,-1.23114717,-0.32634443,-0.258198887,-0.232418686,2.08166599,-0.269046575,2.24957919,-0.723746836,-0.454572886,-0.581199288,-0.217072383,1.45356131,-1.08075047,-0.323994398,0.321633756,-0.207424134,-0.235391095,1.59861052,-0.533018887,-0.717740536,-0.432369769,-0.411813855,-0.22941573,0.492174804,2.06474161,-1.52752519,-0.351561517,-0.151716515,-0.484322101,0.756114542,-0.422141254,0.810132504,-0.810132504,0.197385505,-0.197385505,1
-0.740721166,-1.09499729,0.028936727,1.0526886,1.35979521,1.0356108,2.42828155,1.61861348,-0.610092342,-0.255433619,-0.801692247,-0.204124153,-0.22941573,-1.06191313,-0.319262236,1.57424927,-0.569651902,-0.347056448,8.88819408,-0.470504045,-0.625543237,-0.112508789,-0.12852402,-0.210680857,-0.086929135,-0.321633756,0.812250614,-0.32634443,-0.258198887,-0.232418686,-0.480384469,-0.269046575,-0.444527596,-0.723746836,-0.454572886,1.7205801,-0.217072383,-0.687965453,0.925282896,-0.323994398,0.321633756,-0.207424134,-0.235391095,-0.625543237,-0.533018887,-0.717740536,2.31283522,2.42828155,-0.22941573,-2.0317986,-0.484322101,-1.52752519,2.84445238,-0.151716515,-0.484322101,-1.32255089,2.36887527,-1.23436594,1.23436594,0.197385505,-0.197385505,1
0.137268543,-0.498616755,-1.75178492,-0.782062769,0.922034204,1.0356108,-0.411813855,-0.617812753,-0.610092342,-0.255433619,1.24736142,-0.204124153,-0.22941573,-1.06191313,3.13222146,-0.635223389,-0.569651902,2.88137555,-0.112508789,-0.470504045,-0.625543237,-0.112508789,-0.12852402,-0.210680857,-0.086929135,-0.321633756,0.812250614,-0.32634443,-0.258198887,-0.232418686,-0.480384469,-0.269046575,2.24957919,-0.723746836,-0.454572886,-0.581199288,-0.217072383,1.45356131,-1.08075047,-0.323994398,0.321633756,-0.207424134,-0.235391095,-0.625543237,1.87610602,-0.717740536,-0.432369769,-0.411813855,-0.22941573,0.492174804,-0.484322101,0.654653668,-0.351561517,-0.151716515,2.06474161,-1.32255089,-0.422141254,0.810132504,-0.810132504,0.197385505,-0.197385505,1
-0.502616167,0.268158257,0.919297576,-0.782062769,-0.478801131,-0.708575785,2.42828155,1.61861348,-0.610092342,-0.255433619,-0.801692247,-0.204124153,-0.22941573,0.941696584,-0.319262236,-0.635223389,-0.569651902,-0.347056448,-0.112508789,-0.470504045,1.59861052,-0.112508789,-0.12852402,-0.210680857,-0.086929135,-0.321633756,0.812250614,-0.32634443,-0.258198887,-0.232418686,-0.480384469,3.71682858,-0.444527596,-0.723746836,-0.454572886,-0.581199288,-0.217072383,-0.687965453,0.925282896,-0.323994398,0.321633756,-0.207424134,-0.235391095,-0.625543237,-0.533018887,1.39326108,-0.432369769,-0.411813855,4.35889912,-2.0317986,-0.484322101,0.654653668,-0.351561517,-0.151716515,-0.484322101,-1.32255089,2.36887527,0.810132504,-0.810132504,0.197385505,-0.197385505,0
-0.402532548,-0.243025079,0.919297576,-0.782062769,0.134064317,-0.708575785,-0.411813855,-0.617812753,-0.610092342,3.91491127,-0.801692247,-0.204124153,-0.22941573,0.941696584,-0.319262236,-0.635223389,-0.569651902,-0.347056448,-0.112508789,-0.470504045,1.59861052,-0.112508789,-0.12852402,-0.210680857,-0.086929135,-0.321633756,0.812250614,-0.32634443,-0.258198887,-0.232418686,-0.480384469,-0.269046575,-0.444527596,1.38169861,-0.454572886,-0.581199288,-0.217072383,-0.687965453,0.925282896,-0.323994398,-3.10912633,4.82103968,-0.235391095,1.59861052,-0.533018887,-0.717740536,-0.432369769,-0.411813855,4.35889912,-2.0317986,-0.484322101,0.654653668,-0.351561517,-0.151716515,-0.484322101,0.756114542,-0.422141254,0.810132504,-0.810132504,0.197385505,-0.197385505,0
1.31370246,-0.498616755,-1.75178492,-0.782062769,-0.128592297,-0.708575785,2.42828155,-0.617812753,1.63909602,-0.255433619,-0.801692247,-0.204124153,4.35889912,-1.06191313,-0.319262236,-0.635223389,1.755458,-0.347056448,-0.112508789,-0.470504045,-0.625543237,-0.112508789,-0.12852402,-0.210680857,-0.086929135,-0.321633756,-1.23114717,3.06424713,-0.258198887,-0.232418686,-0.480384469,3.71682858,-0.444527596,-0.723746836,-0.454572886,-0.581199288,-0.217072383,-0.687965453,0.925282896,-0.323994398,0.321633756,-0.207424134,-0.235391095,-0.625543237,1.87610602,-0.717740536,-0.432369769,-0.411813855,-0.22941573,0.492174804,-0.484322101,0.654653668,-0.351561517,-0.151716515,-0.484322101,-1.32255089,2.36887527,-1.23436594,1.23436594,0.197385505,-0.197385505,0
4.56804562,1.29052496,-0.861424148,0.135312915,0.659377575,-0.708575785,-0.411813855,1.61861348,-0.610092342,-0.255433619,-0.801692247,-0.204124153,-0.22941573,0.941696584,-0.319262236,-0.635223389,-0.569651902,-0.347056448,8.88819408,-0.470504045,-0.625543237,-0.112508789,-0.12852402,-0.210680857,-0.086929135,-0.321633756,0.812250614,-0.32634443,-0.258198887,-0.232418686,-0.480384469,3.71682858,-0.444527596,-0.723746836,-0.454572886,-0.581199288,4.60675812,-0.687965453,-1.08075047,-0.323994398,-3.10912633,4.82103968,-0.235391095,-0.625543237,-0.533018887,1.39326108,-0.432369769,-0.411813855,-0.22941573,0.492174804,-0.484322101,0.654653668,-0.351561517,-0.151716515,-0.484322101,-1.32255089,2.36887527,0.810132504,-0.810132504,0.197385505,-0.197385505,1
-0.164427519,-0.754208446,-0.861424148,1.0526886,-0.128592297,1.0356108,-0.411813855,-0.617812753,-0.610092342,-0.255433619,1.24736142,4.89897966,-0.22941573,-1.06191313,-0.319262236,-0.635223389,-0.569651902,-0.347056448,-0.112508789,2.12538028,-0.625543237,-0.112508789,-0.12852402,-0.210680857,-0.086929135,-0.321633756,0.812250614,-0.32634443,-0.258198887,-0.232418686,-0.480384469,-0.269046575,-0.444527596,-0.723746836,-0.454572886,1.7205801,-0.217072383,-0.687965453,0.925282896,-0.323994398,0.321633756,-0.207424134,-0.235391095,-0.625543237,1.87610602,-0.717740536,-0.432369769,-0.411813855,-0.22941573,0.492174804,-0.484322101,0.654653668,-0.351561517,-0.151716515,-0.484322101,0.756114542,-0.422141254,0.810132504,-0.810132504,0.197385505,-0.197385505,1
0.0837942734,1.29052496,0.919297576,-0.782062769,0.571825325,-0.708575785,2.42828155,1.61861348,-0.610092342,-0.255433619,-0.801692247,-0.204124153,-0.22941573,0.941696584,-0.319262236,-0.635223389,-0.569651902,-0.347056448,-0.112508789,2.12538028,-0.625543237,-0.112508789,-0.12852402,-0.210680857,-0.086929135,-0.321633756,0.812250614,-0.32634443,-0.258198887,-0.232418686,-0.480384469,-0.269046575,-0.444527596,-0.723746836,-0.454572886,1.7205801,-0.217072383,-0.687965453,0.925282896,-0.323994398,0.321633756,-0.207424134,-0.235391095,-0.625543237,-0.533018887,1.39326108,-0.432369769,-0.411813855,-0.22941573,0.492174804,-0.484322101,0.654653668,-0.351561517,-0.151716515,-0.484322101,0.756114542,-0.422141254,0.810132504,-0.810132504,0.197385505,-0.197385505,0
0.502555609,2.31289172,0.028936727,1.0526886,-1.00411439,1.0356108,2.42828155,1.61861348,-0.610092342,-0.255433619,-0.801692247,4.89897966,-0.22941573,-1.06191313,-0.319262236,-0.635223389,-0.569651902,2.88137555,-0.112508789,-0.470504045,-0.625543237,-0.112508789,-0.12852402,-0.210680857,-0.086929135,-0.321633756,0.812250614,-0.32634443,-0.258198887,-0.232418686,-0.480384469,-0.269046575,-0.444527596,-0.723746836,-0.454572886,1.7205801,-0.217072383,-0.687965453,0.925282896,-0.323994398,0.321633756,-0.207424134,-0.235391095,-0.625543237,-0.533018887,-0.717740536,2.31283522,-0.411813855,-0.22941573,0.492174804,-0.484322101,-1.52752519,2.84445238,-0.151716515,-0.484322101,0.756114542,-0.422141254,0.810132504,-0.810132504,0.197385505,-0.197385505,0
-0.675684929,-0.754208446,0.919297576,-0.782062769,0.659377575,1.0356108,2.42828155,1.61861348,-0.610092342,-0.255433619,-0.801692247,-0.204124153,-0.22941573,-1.06191313,3.13222146,-0.635223389,1.755458,-0.347056448,-0.112508789,-0.470504045,-0.625543237,-0.112508789,-0.12852402,-0.210680857,-0.086929135,-0.321633756,0.812250614,-0.32634443,-0.258198887,-0.232418686,-0.480384469,-0.269046575,-0.444527596,1.38169861,-0.454572886,-0.581199288,-0.217072383,-0.687965453,0.925282896,-0.323994398,0.321633756,-0.207424134,-0.235391095,1.59861052,-0.533018887,-0.717740536,-0.432369769,-0.411813855,-0.22941573,0.492174804,-0.484322101,0.654653668,-0.351561517,-0.151716515,2.06474161,-1.32255089,-0.422141254,0.810132504,-0.810132504,0.197385505,-0.197385505,1
0.754390538,-0.243025079,-0.861424148,1.0526886,0.0465121083,2.77979732,-0.411813855,1.61861348,-0.610092342,-0.255433619,-0.801692247,-0.204124153,-0.22941573,-1.06191313,-0.319262236,1.57424927,1.755458,-0.347056448,-0.112508789,-0.470504045,-0.625543237,-0.112508789,-0.12852402,-0.210680857,-0.086929135,-0.321633756,0.812250614,-0.32634443,-0.258198887,-0.232418686,-0.480384469,-0.269046575,-0.444527596,-0.723746836,-0.454572886,1.7205801,-0.217072383,-0.687965453,0.925282896,-0.323994398,0.321633756,-0.207424134,-0.235391095,-0.625543237,-0.533018887,-0.717740536,2.31283522,-0.411813855,-0.22941573,0.492174804,-0.484322101,-1.52752519,2.84445238,-0.151716515,-0.484322101,-1.32255089,2.36887527,-1.23436594,1.23436594,0.197385505,-0.197385505,1
-0.833578527,-1.09499729,0.028936727,-0.782062769,-0.82900995,-0.708575785,-0.411813855,-0.617812753,1.63909602,-0.255433619,-0.801692247,-0.204124153,-0.22941573,0.941696584,-0.319262236,-0.635223389,-0.569651902,-0.347056448,-0.112508789,-0.470504045,-0.625543237,-0.112508789,-0.12852402,-0.210680857,-0.086929135,3.10912633,0.812250614,-0.32634443,-0.258198887,-0.232418686,-0.480384469,-0.269046575,2.24957919,-0.723746836,-0.454572886,-0.581199288,-0.217072383,-0.687965453,-1.08075047,3.08647299,0.321633756,-0.207424134,-0.235391095,1.59861052,-0.533018887,-0.717740536,-0.432369769,-0.411813855,-0.22941573,0.492174804,-0.484322101,0.654653668,-0.351561517,-0.151716515,-0.484322101,0.756114542,-0.422141254,-1.23436594,1.23436594,0.197385505,-0.197385505,1
-0.908008933,-0.754208446,0.919297576,-0.782062769,-0.303696722,1.0356108,-0.411813855,-0.617812753,-0.610092342,-0.255433619,1.24736142,-0.204124153,-0.22941573,-1.06191313,-0.319262236,1.57424927,-0.569651902,-0.347056448,-0.112508789,-0.470504045,-0.625543237,-0.112508789,-0.12852402,4.74651575,-0.086929135,-0.321633756,0.812250614,-0.32634443,-0.258198887,-0.232418686,-0.480384469,-0.269046575,-0.444527596,1.38169861,-0.454572886,-0.581199288,-0.217072383,-0.687965453,0.925282896,-0.323994398,0.321633756,-0.207424134,-0.235391095,-0.625543237,-0.533018887,1.39326108,-0.432369769,-0.411813855,-0.22941573,0.492174804,-0.484322101,0.654653668,-0.351561517,-0.151716515,-0.484322101,0.756114542,-0.422141254,0.810132504,-0.810132504,0.197385505,-0.197385505,1
-0.41228798,-0.754208446,0.919297576,-0.782062769,-0.653905571,-0.708575785,-0.411813855,-0.617812753,-0.610092342,-0.255433619,1.24736142,-0.204124153,-0.22941573,0.941696584,-0.319262236,-0.635223389,-0.569651902,-0.347056448,-0.112508789,-0.470504045,1.59861052,-0.112508789,-0.12852402,-0.210680857,-0.086929135,-0.321633756,-1.23114717,3.06424713,-0.258198887,-0.232418686,-0.480384469,-0.269046575,-0.444527596,1.38169861,-0.454572886,-0.581199288,-0.217072383,1.45356131,-1.08075047,-0.323994398,-3.10912633,4.82103968,-0.235391095,1.59861052,-0.533018887,-0.717740536,-0.432369769,-0.411813855,-0.22941573,0.492174804,-0.484322101,0.654653668,-0.351561517,-0.151716515,-0.484322101,0.756114542,-0.422141254,0.810132504,-0.810132504,0.197385505,-0.197385505,1
-0.495751202,1.29052496,0.919297576,1.0526886,-0.128592297,-0.708575785,-0.411813855,1.61861348,-0.610092342,-0.255433619,-0.801692247,-0.204124153,-0.22941573,0.941696584,-0.319262236,-0.635223389,1.755458,-0.347056448,-0.112508789,-0.470504045,-0.625543237,-0.112508789,-0.12852402,-0.210680857,-0.086929135,-0.321633756,0.812250614,-0.32634443,-0.258198887,-0.232418686,-0.480384469,-0.269046575,2.24957919,-0.723746836,-0.454572886,-0.581199288,-0.217072383,1.45356131,-1.08075047,-0.323994398,0.321633756,-0.207424134,-0.235391095,-0.625543237,-0.533018887,1.39326108,-0.432369769,-0.411813855,-0.22941573,0.492174804,-0.484322101,0.654653668,-0.351561517,-0.151716515,-0.484322101,0.756114542,-0.422141254,-1.23436594,1.23436594,0.197385505,-0.197385505,0
0.0729548931,0.523749948,0.028936727,-0.782062769,-0.74145776,-0.708575785,-0.411813855,1.61861348,-0.610092342,-0.255433619,-0.801692247,-0.204124153,-0.22941573,0.941696584,-0.319262236,-0.635223389,-0.569651902,-0.347056448,-0.112508789,-0.470504045,1.59861052,-0.112508789,-0.12852402,-0.210680857,-0.086929135,-0.321633756,0.812250614,-0.32634443,-0.258198887,-0.232418686,-0.480384469,-0.269046575,-0.444527596,1.38169861,-0.454572886,-0.581199288,-0.217072383,-0.687965453,0.925282896,-0.323994398,0.321633756,-0.207424134,-0.235391095,-0.625543237,-0.533018887,1.39326108,-0.432369769,-0.411813855,-0.22941573,0.492174804,-0.484322101,0.654653668,-0.351561517,-0.151716515,-0.484322101,-1.32255089,2.36887527,0.810132504,-0.810132504,0.197385505,-0.197385505,1
1.42787731,1.80170822,-0.861424148,1.0526886,-0.566353321,-0.708575785,-0.411813855,-0.617812753,-0.610092342,-0.255433619,1.24736142,-0.204124153,-0.22941573,0.941696584,-0.319262236,-0.635223389,-0.569651902,-0.347056448,-0.112508789,-0.470504045,1.59861052,-0.112508789,-0.12852402,-0.210680857,-0.086929135,-0.321633756,-1.23114717,-0.32634443,-0.258198887,-0.232418686,2.08166599,-0.269046575,-0.444527596,-0.723746836,2.19986725,-0.581199288,-0.217072383,-0.687965453,-1.08075047,3.08647299,0.321633756,-0.207424134,-0.235391095,-0.625543237,1.87610602,-0.717740536,-0.432369769,-0.411813855,-0.22941573,0.492174804,2.06474161,-1.52752519,-0.351561517,-0.151716515,-0.484322101,0.756114542,-0.422141254,-1.23436594,1.23436594,0.197385505,-0.197385505,1
-0.634133935,-0.498616755,0.919297576,-0.782062769,0.659377575,-0.708575785,-0.411813855,-0.617812753,-0.610092342,-0.255433619,1.24736142,-0.204124153,-0.22941573,-1.06191313,-0.319262236,1.57424927,-0.569651902,-0.347056448,-0.112508789,-0.470504045,1.59861052,-0.112508789,-0.12852402,-0.210680857,-0.086929135,-0.321633756,0.812250614,-0.32634443,-0.258198887,-0.232418686,-0.480384469,-0.269046575,-0.444527596,1.38169861,-0.454572886,-0.581199288,-0.217072383,1.45356131,-1.08075047,-0.323994398,0.321633756,-0.207424134,-0.235391095,-0.625543237,-0.533018887,1.39326108,-0.432369769,-0.411813855,-0.22941573,0.492174804,-0.484322101,0.654653668,-0.351561517,-0.151716515,2.06474161,-1.32255089,-0.422141254,0.810132504,-0.810132504,0.197385505,-0.197385505,1
1.50989532,0.268158257,-1.75178492,1.0526886,0.659377575,-0.708575785,2.42828155,-0.617812753,-0.610092342,-0.255433619,1.24736142,-0.204124153,-0.22941573,0.941696584,-0.319262236,-0.635223389,1.755458,-0.347056448,-0.112508789,-0.470504045,-0.625543237,-0.112508789,-0.12852402,-0.210680857,-0.086929135,-0.321633756,0.812250614,-0.32634443,-0.258198887,-0.232418686,-0.480384469,-0.269046575,-0.444527596,1.38169861,-0.454572886,-0.581199288,-0.217072383,-0.687965453,0.925282896,-0.323994398,0.321633756,-0.207424134,-0.235391095,-0.625543237,1.87610602,-0.717740536,-0.432369769,-0.411813855,-0.22941573,0.492174804,-0.484322101,0.654653668,-0.351561517,-0.151716515,2.06474161,-1.32255089,-0.422141254,0.810132504,-0.810132504,0.197385505,-0.197385505,1
-0.444444805,-0.243025079,0.919297576,1.0526886,1.00958633,1.0356108,-0.411813855,-0.617812753,-0.610092342,-0.255433619,1.24736142,-0.204124153,-0.22941573,0.941696584,-0.319262236,-0.635223389,-0.569651902,-0.347056448,-0.112508789,2.12538028,-0.625543237,-0.112508789,-0.12852402,-0.210680857,-0.086929135,-0.321633756,0.812250614,-0.32634443,-0.258198887,-0.232418686,-0.480384469,-0.269046575,-0.444527596,1.38169861,-0.454572886,-0.581199288,-0.217072383,-0.687965453,0.925282896,-0.323994398,0.321633756,-0.207424134,-0.235391095,-0.625543237,-0.533018887,-0.717740536,2.31283522,2.42828155,-0.22941573,-2.0317986,-0.484322101,-1.52752519,2.84445238,-0.151716515,-0.484322101,0.756114542,-0.422141254,0.810132504,-0.810132504,0.197385505,-0.197385505,1
-0.277879685,-0.754208446,-0.861424148,1.0526886,-0.82900995,-0.708575785,-0.411813855,-0.617812753,-0.610092342,-0.255433619,1.24736142,-0.204124153,-0.22941573,0.941696584,-0.319262236,-0.635223389,-0.569651902,2.88137555,-0.112508789,-0.470504045,-0.625543237,-0.112508789,-0.12852402,-0.210680857,-0.086929135,-0.321633756,-1.23114717,-0.32634443,-0.258198887,-0.232418686,2.08166599,-0.269046575,2.24957919,-0.723746836,-0.454572886,-0.581199288,-0.217072383,-0.687965453,-1.08075047,3.08647299,0.321633756,-0.207424134,-0.235391095,-0.625543237,-0.533018887,1.39326108,-0.432369769,-0.411813855,-0.22941573,0.492174804,2.06474161,-1.52752519,-0.351561517,-0.151716515,-0.484322101,0.756114542,-0.422141254,-1.23436594,1.23436594,0.197385505,-0.197385505,1
-0.136967748,0.268158257,0.028936727,1.0526886,1.53489959,-0.708575785,-0.411813855,-0.617812753,-0.610092342,-0.255433619,1.24736142,-0.204124153,-0.22941573,0.941696584,-0.319262236,-0.635223389,-0.569651902,-0.347056448,-0.112508789,2.12538028,-0.625543237,-0.112508789,-0.12852402,-0.210680857,-0.086929135,-0.321633756,-1.23114717,-0.32634443,3.87298346,-0.232418686,-0.480384469,-0.269046575,-0.444527596,-0.723746836,-0.454572886,1.7205801,-0.217072383,-0.687965453,0.925282896,-0.323994398,0.321633756,-0.207424134,-0.235391095,-0.625543237,1.87610602,-0.717740536,-0.432369769,-0.411813855,-0.22941573,0.492174804,-0.484322101,0.654653668,-0.351561517,-0.151716515,-0.484322101,0.756114542,-0.422141254,0.810132504,-0.810132504,0.197385505,-0.197385505,1
-0.319791943,-1.1801945,-1.75178492,-1.69943845,0.834481955,-0.708575785,-0.411813855,-0.617812753,1.63909602,-0.255433619,-0.801692247,-0.204124153,-0.22941573,0.941696584,-0.319262236,-0.635223389,-0.569651902,-0.347056448,-0.112508789,-0.470504045,1.59861052,-0.112508789,-0.12852402,-0.210680857,-0.086929135,-0.321633756,0.812250614,-0.32634443,-0.258198887,-0.232418686,-0.480384469,-0.269046575,2.24957919,-0.723746836,-0.454572886,-0.581199288,-0.217072383,1.45356131,-1.08075047,-0.323994398,-3.10912633,-0.207424134,4.24824905,1.59861052,-0.533018887,-0.717740536,-0.432369769,-0.411813855,-0.22941573,0.492174804,-0.484322101,0.654653668,-0.351561517,-0.151716515,-0.484322101,0.756114542,-0.422141254,0.810132504,-0.810132504,0.197385505,-0.197385505,1
2.10280943,1.29052496,0.919297576,-1.69943845,-0.566353321,-0.708575785,-0.411813855,-0.617812753,1.63909602,-0.255433619,-0.801692247,-0.204124153,-0.22941573,0.941696584,-0.319262236,-0.635223389,-0.569651902,-0.347056448,-0.112508789,2.12538028,-0.625543237,-0.112508789,-0.12852402,-0.210680857,-0.086929135,-0.321633756,-1.23114717,3.06424713,-0.258198887,-0.232418686,-0.480384469,-0.269046575,2.24957919,-0.723746836,-0.454572886,-0.581199288,-0.217072383,-0.687965453,0.925282896,-0.323994398,-3.10912633,4.82103968,-0.235391095,-0.625543237,-0.533018887,-0.717740536,2.31283522,-0.411813855,-0.22941573,0.492174804,2.06474161,-1.52752519,-0.351561517,-0.151716515,-0.484322101,-1.32255089,2.36887527,-1.23436594,1.23436594,0.197385505,-0.197385505,0
-0.663761556,0.268158257,0.919297576,-0.782062769,1.00958633,-0.708575785,-0.411813855,-0.617812753,-0.610092342,3.91491127,-0.801692247,-0.204124153,-0.22941573,0.941696584,-0.319262236,-0.635223389,-0.569651902,-0.347056448,-0.112508789,-0.470504045,1.59861052,-0.112508789,-0.12852402,-0.210680857,-0.086929135,-0.321633756,-1.23114717,3.06424713,-0.258198887,-0.232418686,-0.480384469,-0.269046575,-0.444527596,-0.723746836,-0.454572886,1.7205801,-0.217072383,1.45356131,-1.08075047,-0.323994398,0.321633756,-0.207424134,-0.235391095,-0.625543237,-0.533018887,-0.717740536,2.31283522,-0.411813855,-0.22941573,0.492174804,-0.484322101,-1.52752519,2.84445238,-0.151716515,-0.484322101,0.756114542,-0.422141254,-1.23436594,1.23436594,0.197385505,-0.197385505,1
-0.924990654,-1.00980008,0.919297576,0.135312915,-0.653905571,-0.708575785,-0.411813855,1.61861348,-0.610092342,-0.255433619,-0.801692247,-0.204124153,-0.22941573,0.941696584,-0.319262236,-0.635223389,1.755458,-0.347056448,-0.112508789,-0.470504045,-0.625543237,-0.112508789,-0.12852402,-0.210680857,-0.086929135,-0.321633756,0.812250614,-0.32634443,-0.258198887,-0.232418686,-0.480384469,-0.269046575,-0.444527596,1.38169861,-0.454572886,-0.581199288,-0.217072383,-0.687965453,0.925282896,-0.323994398,0.321633756,-0.207424134,-0.235391095,-0.625543237,-0.533018887,1.39326108,-0.432369769,-0.411813855,-0.22941573,0.492174804,-0.484322101,0.654653668,-0.351561517,-0.151716515,2.06474161,-1.32255089,-0.422141254,0.810132504,-0.810132504,0.197385505,-0.197385505,0
-0.158646509,-0.243025079,-0.861424148,-0.782062769,-0.391248912,1.0356108,-0.411813855,-0.617812753,-0.610092342,-0.255433619,1.24736142,-0.204124153,-0.22941573,-1.06191313,-0.319262236,1.57424927,1.755458,-0.347056448,-0.112508789,-0.470504045,-0.625543237,-0.112508789,-0.12852402,-0.210680857,-0.086929135,-0.321633756,0.812250614,-0.32634443,-0.258198887,-0.232418686,-0.480384469,-0.269046575,-0.444527596,-0.723746836,2.19986725,-0.581199288,-0.217072383,-0.687965453,0.925282896,-0.323994398,0.321633756,-0.207424134,-0.235391095,-0.625543237,1.87610602,-0.717740536,-0.432369769,2.42828155,-0.22941573,-2.0317986,-0.484322101,0.654653668,-0.351561517,-0.151716515,-0.484322101,0.756114542,-0.422141254,0.810132504,-0.810132504,0.197385505,-0.197385505,0
-0.754451036,-1.00980008,-0.861424148,1.0526886,1.18469083,-0.708575785,-0.411813855,-0.617812753,-0.610092342,3.91491127,-0.801692247,-0.204124153,-0.22941573,0.941696584,-0.319262236,-0.635223389,-0.569651902,-0.347056448,-0.112508789,-0.470504045,1.59861052,-0.112508789,-0.12852402,-0.210680857,-0.086929135,-0.321633756,-1.23114717,3.06424713,-0.258198887,-0.232418686,-0.480384469,-0.269046575,-0.444527596,-0.723746836,-0.454572886,1.7205801,4.60675812,-0.687965453,-1.08075047,-0.323994398,0.321633756,-0.207424134,-0.235391095,1.59861052,-0.533018887,-0.717740536,-0.432369769,-0.411813855,-0.22941573,0.492174804,-0.484322101,0.654653668,-0.351561517,-0.151716515,-0.484322101,0.756114542,-0.422141254,0.810132504,-0.810132504,0.197385505,-0.197385505,1
-0.417707682,0.268158257,0.919297576,-0.782062769,-0.216144517,1.0356108,-0.411813855,-0.617812753,-0.610092342,-0.255433619,1.24736142,-0.204124153,-0.22941573,-1.06191313,-0.319262236,1.57424927,-0.569651902,-0.347056448,-0.112508789,-0.470504045,-0.625543237,-0.112508789,7.7806468,-0.210680857,-0.086929135,-0.321633756,0.812250614,-0.32634443,-0.258198887,-0.232418686,-0.480384469,-0.269046575,-0.444527596,1.38169861,-0.454572886,-0.581199288,4.60675812,-0.687965453,-1.08075047,-0.323994398,0.321633756,-0.207424134,-0.235391095,1.59861052,-0.533018887,-0.717740536,-0.432369769,-0.411813855,-0.22941573,0.492174804,-0.484322101,0.654653668,-0.351561517,-0.151716515,-0.484322101,0.756114542,-0.422141254,-1.23436594,1.23436594,0.197385505,-0.197385505,1
-0.306423396,-0.754208446,0.028936727,0.135312915,0.0465121083,-0.708575785,-0.411813855,-0.617812753,1.63909602,-0.255433619,-0.801692247,-0.204124153,-0.22941573,-1.06191313,-0.319262236,1.57424927,1.755458,-0.347056448,-0.112508789,-0.470504045,-0.625543237,-0.112508789,-0.12852402,-0.210680857,-0.086929135,-0.321633756,-1.23114717,-0.32634443,3.87298346,-0.232418686,-0.480384469,-0.269046575,-0.444527596,-0.723746836,2.19986725,-0.581199288,4.60675812,-0.687965453,-1.08075047,-0.323994398,0.321633756,-0.207424134,-0.235391095,-0.625543237,-0.533018887,1.39326108,-0.432369769,-0.411813855,-0.22941573,0.492174804,-0.484322101,0.654653668,-0.351561517,-0.151716515,-0.484322101,-1.32255089,2.36887527,-1.23436594,1.23436594,0.197385505,-0.197385505,1
1.62840581,0.268158257,-1.75178492,-0.782062769,-0.478801131,-0.708575785,-0.411813855,1.61861348,-0.610092342,-0.255433619,-0.801692247,-0.204124153,-0.22941573,0.941696584,-0.319262236,-0.635223389,-0.569651902,-0.347056448,-0.112508789,2.12538028,-0.625543237,-0.112508789,-0.12852402,-0.210680857,-0.086929135,-0.321633756,-1.23114717,-0.32634443,-0.258198887,-0.232418686,2.08166599,-0.269046575,2.24957919,-0.723746836,-0.454572886,-0.581199288,-0.217072383,1.45356131,-1.08075047,-0.323994398,0.321633756,-0.207424134,-0.235391095,-0.625543237,1.87610602,-0.717740536,-0.432369769,-0.411813855,-0.22941573,0.492174804,-0.484322101,0.654653668,-0.351561517,-0.151716515,-0.484322101,0.756114542,-0.422141254,-1.23436594,1.23436594,-5.06622791,5.06622791,1
-0.660509765,-0.754208446,-0.861424148,-0.782062769,-0.82900995,-0.708575785,-0.411813855,-0.617812753,-0.610092342,-0.255433619,1.24736142,-0.204124153,-0.22941573,0.941696584,-0.319262236,-0.635223389,1.755458,-0.347056448,-0.112508789,-0.470504045,-0.625543237,-0.112508789,-0.12852402,-0.210680857,-0.086929135,-0.321633756,-1.23114717,-0.32634443,3.87298346,-0.232418686,-0.480384469,-0.269046575,-0.444527596,1.38169861,-0.454572886,-0.581199288,-0.217072383,1.45356131,-1.08075047,-0.323994398,0.321633756,-0.207424134,-0.235391095,-0.625543237,1.87610602,-0.717740536,-0.432369769,-0.411813855,-0.22941573,0.492174804,-0.484322101,0.654653668,-0.351561517,-0.151716515,-0.484322101,0.756114542,-0.422141254,0.810132504,-0.810132504,0.197385505,-0.197385505,0
-0.349780887,-0.754208446,0.028936727,0.135312915,2.14776516,1.0356108,-0.411813855,1.61861348,-0.610092342,-0.255433619,-0.801692247,-0.204124153,-0.22941573,-1.06191313,-0.319262236,1.57424927,-0.569651902,-0.347056448,-0.112508789,2.12538028,-0.625543237,-0.112508789,-0.12852402,-0.210680857,-0.086929135,-0.321633756,0.812250614,-0.32634443,-0.258198887,-0.232418686,-0.480384469,-0.269046575,-0.444527596,-0.723746836,-0.454572886,1.7205801,-0.217072383,-0.687965453,0.925282896,-0.323994398,0.321633756,-0.207424134,-0.235391095,-0.625543237,1.87610602,-0.717740536,-0.432369769,-0.411813855,-0.22941573,0.492174804,-0.484322101,0.654653668,-0.351561517,-0.151716515,-0.484322101,0.756114542,-0.422141254,0.810132504,-0.810132504,0.197385505,-0.197385505,0
4.17963457,3.33525825,0.028936727,1.0526886,2.14776516,1.0356108,-0.411813855,-0.617812753,1.63909602,-0.255433619,-0.801692247,-0.204124153,4.35889912,-1.06191313,-0.319262236,-0.635223389,-0.569651902,-0.347056448,8.88819408,-0.470504045,-0.625543237,-0.112508789,-0.12852402,-0.210680857,-0.086929135,-0.321633756,-1.23114717,3.06424713,-0.258198887,-0.232418686,-0.480384469,-0.269046575,-0.444527596,-0.723746836,-0.454572886,1.7205801,-0.217072383,1.45356131,-1.08075047,-0.323994398,0.321633756,-0.207424134,-0.235391095,-0.625543237,-0.533018887,-0.717740536,2.31283522,2.42828155,-0.22941573,-2.0317986,-0.484322101,-1.52752519,2.84445238,-0.151716515,-0.484322101,-1.32255089,2.36887527,-1.23436594,1.23436594,0.197385505,-0.197385505,0
0.447997421,1.29052496,0.919297576,1.0526886,-0.128592297,1.0356108,-0.411813855,-0.617812753,-0.610092342,-0.255433619,1.24736142,-0.204124153,-0.22941573,-1.06191313,3.13222146,-0.635223389,-0.569651902,-0.347056448,-0.112508789,-0.470504045,1.59861052,-0.112508789,-0.12852402,-0.210680857,-0.086929135,-0.321633756,0.812250614,-0.32634443,-0.258198887,-0.232418686,-0.480384469,-0.269046575,-0.444527596,1.38169861,-0.454572886,-0.581199288,-0.217072383,1.45356131,-1.08075047,-0.323994398,0.321633756,-0.207424134,-0.235391095,1.59861052,-0.533018887,-0.717740536,-0.432369769,-0.411813855,-0.22941573,0.492174804,-0.484322101,0.654653668,-0.351561517,-0.151716515,-0.484322101,0.756114542,-0.422141254,0.810132504,-0.810132504,0.197385505,-0.197385505,1
-0.0238768943,0.268158257,0.028936727,-0.782062769,-0.391248912,1.0356108,-0.411813855,-0.617812753,-0.610092342,3.91491127,-0.801692247,-0.204124153,-0.22941573,-1.06191313,-0.319262236,1.57424927,-0.569651902,-0.347056448,-0.112508789,-0.470504045,1.59861052,-0.112508789,-0.12852402,-0.210680857,-0.086929135,-0.321633756,-1.23114717,-0.32634443,-0.258198887,-0.232418686,2.08166599,-0.269046575,-0.444527596,1.38169861,-0.454572886,-0.581199288,-0.217072383,-0.687965453,0.925282896,-0.323994398,0.321633756,-0.207424134,-0.235391095,-0.625543237,-0.533018887,1.39326108,-0.432369769,-0.411813855,-0.22941573,0.492174804,-0.484322101,0.654653668,-0.351561517,-0.151716515,-0.484322101,0.756114542,-0.422141254,-1.23436594,1.23436594,0.197385505,-0.197385505,1
3.96176291,1.54611659,0.919297576,1.0526886,-0.478801131,1.0356108,-0.411813855,1.61861348,-0.610092342,-0.255433619,-0.801692247,-0.204124153,-0.22941573,-1.06191313,-0.319262236,1.57424927,-0.569651902,-0.347056448,-0.112508789,2.12538028,-0.625543237,-0.112508789,-0.12852402,-0.210680857,-0.086929135,-0.321633756,-1.23114717,-0.32634443,-0.258198887,-0.232418686,2.08166599,-0.269046575,-0.444527596,-0.723746836,2.19986725,-0.581199288,-0.217072383,-0.687965453,0.925282896,-0.323994398,0.321633756,-0.207424134,-0.235391095,-0.625543237,1.87610602,-0.717740536,-0.432369769,-0.411813855,-0.22941573,0.492174804,-0.484322101,0.654653668,-0.351561517,-0.151716515,-0.484322101,-1.32255089,2.36887527,-1.23436594,1.23436594,0.197385505,-0.197385505,1
-0.394583672,-0.754208446,0.028936727,-0.782062769,0.309168726,1.0356108,2.42828155,1.61861348,-0.610092342,-0.255433619,-0.801692247,-0.204124153,-0.22941573,-1.06191313,-0.319262236,1.57424927,1.755458,-0.347056448,-0.112508789,-0.470504045,-0.625543237,-0.112508789,-0.12852402,-0.210680857,-0.086929135,-0.321633756,0.812250614,-0.32634443,-0.258198887,-0.232418686,-0.480384469,-0.269046575,-0.444527596,1.38169861,-0.454572886,-0.581199288,-0.217072383,-0.687965453,0.925282896,-0.323994398,0.321633756,-0.207424134,-0.235391095,1.59861052,-0.533018887,-0.717740536,-0.432369769,-0.411813855,-0.22941573,0.492174804,2.06474161,-1.52752519,-0.351561517,-0.151716515,2.06474161,-1.32255089,-0.422141254,0.810132504,-0.810132504,-5.06622791,5.06622791,1
-0.113843739,-0.243025079,0.919297576,1.0526886,0.659377575,-0.708575785,2.42828155,-0.617812753,1.63909602,-0.255433619,-0.801692247,-0.204124153,-0.22941573,-1.06191313,3.13222146,-0.635223389,1.755458,-0.347056448,-0.112508789,-0.470504045,-0.625543237,-0.112508789,-0.12852402,-0.210680857,-0.086929135,-0.321633756,-1.23114717,-0.32634443,-0.258198887,-0.232418686,2.08166599,-0.269046575,-0.444527596,-0.723746836,-0.454572886,1.7205801,-0.217072383,-0.687965453,0.925282896,-0.323994398,0.321633756,-0.207424134,-0.235391095,-0.625543237,-0.533018887,1.39326108,-0.432369769,-0.411813855,-0.22941573,0.492174804,-0.484322101,0.654653668,-0.351561517,-0.151716515,-0.484322101,0.756114542,-0.422141254,0.810132504,-0.810132504,0.197385505,-0.197385505,1
3.17373991,0.779341578,-1.75178492,-1.69943845,-0.128592297,-0.708575785,-0.411813855,1.61861348,-0.610092342,-0.255433619,-0.801692247,-0.204124153,-0.22941573,0.941696584,-0.319262236,-0.635223389,-0.569651902,-0.347056448,-0.112508789,-0.470504045,-0.625543237,-0.112508789,7.7806468,-0.210680857,-0.086929135,-0.321633756,0.812250614,-0.32634443,-0.258198887,-0.232418686,-0.480384469,-0.269046575,2.24957919,-0.723746836,-0.454572886,-0.581199288,4.60675812,-0.687965453,-1.08075047,-0.323994398,0.321633756,-0.207424134,-0.235391095,-0.625543237,-0.533018887,-0.717740536,2.31283522,-0.411813855,-0.22941573,0.492174804,-0.484322101,0.654653668,-0.351561517,-0.151716515,2.06474161,-1.32255089,-0.422141254,-1.23436594,1.23436594,0.197385505,-0.197385505,0
2.24805689,2.82407498,-0.861424148,-0.782062769,0.309168726,-0.708575785,2.42828155,-0.617812753,-0.610092342,-0.255433619,1.24736142,4.89897966,-0.22941573,-1.06191313,-0.319262236,-0.635223389,-0.569651902,2.88137555,-0.112508789,-0.470504045,-0.625543237,-0.112508789,-0.12852402,-0.210680857,-0.086929135,-0.321633756,-1.23114717,-0.32634443,-0.258198887,-0.232418686,2.08166599,-0.269046575,-0.444527596,1.38169861,-0.454572886,-0.581199288,-0.217072383,-0.687965453,0.925282896,-0.323994398,0.321633756,-0.207424134,-0.235391095,-0.625543237,1.87610602,-0.717740536,-0.432369769,-0.411813855,-0.22941573,0.492174804,-0.484322101,0.654653668,-0.351561517,-0.151716515,2.06474161,-1.32255089,-0.422141254,0.810132504,-0.810132504,0.197385505,-0.197385505,1
-1.00484073,-1.26539171,0.919297576,-0.782062769,-1.00411439,-0.708575785,2.42828155,-0.617812753,1.63909602,-0.255433619,-0.801692247,-0.204124153,4.35889912,-1.06191313,-0.319262236,-0.635223389,-0.569651902,-0.347056448,-0.112508789,-0.470504045,-0.625543237,-0.112508789,-0.12852402,4.74651575,-0.086929135,-0.321633756,-1.23114717,-0.32634443,-0.258198887,4.30257988,-0.480384469,-0.269046575,2.24957919,-0.723746836,-0.454572886,-0.581199288,-0.217072383,1.45356131,-1.08075047,-0.323994398,0.321633756,-0.207424134,-0.235391095,-0.625543237,1.87610602,-0.717740536,-0.432369769,2.42828155,-0.22941573,-2.0317986,2.06474161,-1.52752519,-0.351561517,-0.151716515,-0.484322101,0.756114542,-0.422141254,0.810132504,-0.810132504,0.197385505,-0.197385505,0
-0.482021332,-0.243025079,0.919297576,-1.69943845,-0.303696722,1.0356108,-0.411813855,1.61861348,-0.610092342,-0.255433619,-0.801692247,-0.204124153,-0.22941573,-1.06191313,-0.319262236,1.57424927,-0.569651902,-0.347056448,-0.112508789,-0.470504045,1.59861052,-0.112508789,-0.12852402,-0.210680857,-0.086929135,-0.321633756,0.812250614,-0.32634443,-0.258198887,-0.232418686,-0.480384469,-0.269046575,-0.444527596,-0.723746836,2.19986725,-0.581199288,-0.217072383,-0.687965453,-1.08075047,3.08647299,0.321633756,-0.207424134,-0.235391095,-0.625543237,1.87610602,-0.717740536,-0.432369769,-0.411813855,-0.22941573,0.492174804,-0.484322101,0.654653668,-0.351561517,-0.151716515,-0.484322101,-1.32255089,2.36887527,-1.23436594,1.23436594,0.197385505,-0.197385505,1
-0.508035839,-0.243025079,0.919297576,-1.69943845,-1.17921877,-0.708575785,-0.411813855,-0.617812753,-0.610092342,-0.255433619,1.24736142,-0.204124153,-0.22941573,-1.06191313,3.13222146,-0.635223389,-0.569651902,-0.347056448,-0.112508789,2.12538028,-0.625543237,-0.112508789,-0.12852402,-0.210680857,-0.086929135,-0.321633756,0.812250614,-0.32634443,-0.258198887,-0.232418686,-0.480384469,-0.269046575,-0.444527596,-0.723746836,2.19986725,-0.581199288,-0.217072383,1.45356131,-1.08075047,-0.323994398,0.321633756,-0.207424134,-0.235391095,1.59861052,-0.533018887,-0.717740536,-0.432369769,-0.411813855,-0.22941573,0.492174804,-0.484322101,0.654653668,-0.351561517,-0.151716515,-0.484322101,0.756114542,-0.422141254,0.810132504,-0.810132504,0.197385505,-0.197385505,0
-0.661954999,0.268158257,0.919297576,-1.69943845,-0.82900995,1.0356108,-0.411813855,1.61861348,-0.610092342,-0.255433619,-0.801692247,-0.204124153,-0.22941573,-1.06191313,-0.319262236,1.57424927,-0.569651902,-0.347056448,-0.112508789,-0.470504045,-0.625543237,-0.112508789,-0.12852402,-0.210680857,-0.086929135,3.10912633,-1.23114717,3.06424713,-0.258198887,-0.232418686,-0.480384469,-0.269046575,-0.444527596,-0.723746836,2.19986725,-0.581199288,-0.217072383,-0.687965453,0.925282896,-0.323994398,0.321633756,-0.207424134,-0.235391095,1.59861052,-0.533018887,-0.717740536,-0.432369769,-0.411813855,-0.22941573,0.492174804,-0.484322101,0.654653668,-0.351561517,-0.151716515,-0.484322101,0.756114542,-0.422141254,-1.23436594,1.23436594,0.197385505,-0.197385505,1
-0.210675538,-0.498616755,0.028936727,-0.782062769,-0.9165622,-0.708575785,-0.411813855,-0.617812753,1.63909602,-0.255433619,-0.801692247,-0.204124153,-0.22941573,0.941696584,-0.319262236,-0.635223389,-0.569651902,-0.347056448,-0.112508789,-0.470504045,-0.625543237,-0.112508789,7.7806468,-0.210680857,-0.086929135,-0.321633756,-1.23114717,3.06424713,-0.258198887,-0.232418686,-0.480384469,-0.269046575,-0.444527596,1.38169861,-0.454572886,-0.581199288,-0.217072383,1.45356131,-1.08075047,-0.323994398,0.321633756,-0.207424134,-0.235391095,1.59861052,-0.533018887,-0.717740536,-0.432369769,-0.411813855,-0.22941573,0.492174804,-0.484322101,0.654653668,-0.351561517,-0.151716515,2.06474161,-1.32255089,-0.422141254,0.810132504,-0.810132504,0.197385505,-0.197385505,1
-0.937997878,-0.754208446,0.919297576,1.0526886,1.79755628,-0.708575785,-0.411813855,-0.617812753,-0.610092342,-0.255433619,1.24736142,-0.204124153,-0.22941573,-1.06191313,-0.319262236,1.57424927,-0.569651902,-0.347056448,-0.112508789,-0.470504045,1.59861052,-0.112508789,-0.12852402,-0.210680857,-0.086929135,-0.321633756,0.812250614,-0.32634443,-0.258198887,-0.232418686,-0.480384469,-0.269046575,-0.444527596,-0.723746836,-0.454572886,1.7205801,-0.217072383,-0.687965453,0.925282896,-0.323994398,0.321633756,-0.207424134,-0.235391095,1.59861052,-0.533018887,-0.717740536,-0.432369769,-0.411813855,-0.22941573,0.492174804,-0.484322101,0.654653668,-0.351561517,-0.151716515,-0.484322101,0.756114542,-0.422141254,0.810132504,-0.810132504,0.197385505,-0.197385505,1
-0.321959823,1.29052496,0.919297576,1.0526886,-1.00411439,-0.708575785,-0.411813855,-0.617812753,1.63909602,-0.255433619,-0.801692247,-0.204124153,-0.22941573,0.941696584,-0.319262236,-0.635223389,-0.569651902,-0.347056448,-0.112508789,-0.470504045,1.59861052,-0.112508789,-0.12852402,-0.210680857,-0.086929135,-0.321633756,0.812250614,-0.32634443,-0.258198887,-0.232418686,-0.480384469,-0.269046575,-0.444527596,-0.723746836,2.19986725,-0.581199288,-0.217072383,-0.687965453,0.925282896,-0.323994398,0.321633756,-0.207424134,-0.235391095,-0.625543237,-0.533018887,1.39326108,-0.432369769,-0.411813855,-0.22941573,0.492174804,2.06474161,-1.52752519,-0.351561517,-0.151716515,-0.484322101,0.756114542,-0.422141254,0.810132504,-0.810132504,0.197385505,-0.197385505,1
-0.685079038,-0.754208446,0.919297576,1.0526886,1.62245178,-0.708575785,-0.411813855,-0.617812753,1.63909602,-0.255433619,-0.801692247,-0.204124153,-0.22941573,0.941696584,-0.319262236,-0.635223389,1.755458,-0.347056448,-0.112508789,-0.470504045,-0.625543237,-0.112508789,-0.12852402,-0.210680857,-0.086929135,-0.321633756,-1.23114717,-0.32634443,-0.258198887,4.30257988,-0.480384469,-0.269046575,-0.444527596,-0.723746836,-0.454572886,1.7205801,-0.217072383,-0.687965453,0.925282896,-0.323994398,0.321633756,-0.207424134,-0.235391095,1.59861052,-0.533018887,-0.717740536,-0.432369769,-0.411813855,-0.22941573,0.492174804,-0.484322101,0.654653668,-0.351561517,-0.151716515,-0.484322101,0.756114542,-0.422141254,-1.23436594,1.23436594,0.197385505,-0.197385505,1
-0.465039641,0.268158257,0.028936727,-0.782062769,-0.216144517,1.0356108,-0.411813855,-0.617812753,-0.610092342,-0.255433619,1.24736142,-0.204124153,-0.22941573,-1.06191313,-0.319262236,1.57424927,-0.569651902,-0.347056448,-0.112508789,-0.470504045,-0.625543237,-0.112508789,-0.12852402,4.74651575,-0.086929135,-0.321633756,-1.23114717,-0.32634443,-0.258198887,-0.232418686,2.08166599,-0.269046575,-0.444527596,1.38169861,-0.454572886,-0.581199288,-0.217072383,1.45356131,-1.08075047,-0.323994398,0.321633756,-0.207424134,-0.235391095,-0.625543237,-0.533018887,1.39326108,-0.432369769,-0.411813855,-0.22941573,0.492174804,-0.484322101,0.654653668,-0.351561517,-0.151716515,-0.484322101,0.756114542,-0.422141254,-1.23436594,1.23436594,0.197385505,-0.197385505,1
0.14377217,-0.243025079,0.028936727,1.0526886,0.134064317,-0.708575785,-0.411813855,-0.617812753,1.63909602,-0.255433619,-0.801692247,-0.204124153,-0.22941573,-1.06191313,-0.319262236,1.57424927,-0.569651902,-0.347056448,-0.112508789,2.12538028,-0.625543237,-0.112508789,-0.12852402,-0.210680857,-0.086929135,-0.321633756,0.812250614,-0.32634443,-0.258198887,-0.232418686,-0.480384469,-0.269046575,-0.444527596,-0.723746836,-0.454572886,1.7205801,-0.217072383,1.45356131,-1.08075047,-0.323994398,0.321633756,-0.207424134,-0.235391095,-0.625543237,1.87610602,-0.717740536,-0.432369769,-0.411813855,-0.22941573,0.492174804,-0.484322101,0.654653668,-0.351561517,-0.151716515,-0.484322101,0.756114542,-0.422141254,-1.23436594,1.23436594,0.197385505,-0.197385505,1
-0.742889047,-0.754208446,0.028936727,-1.69943845,-0.82900995,-0.708575785,-0.411813855,-0.617812753,1.63909602,-0.255433619,-0.801692247,-0.204124153,-0.22941573,0.941696584,-0.319262236,-0.635223389,-0.569651902,-0.347056448,-0.112508789,-0.470504045,1.59861052,-0.112508789,-0.12852402,-0.210680857,-0.086929135,-0.321633756,-1.23114717,-0.32634443,3.87298346,-0.232418686,-0.480384469,-0.269046575,-0.444527596,1.38169861,-0.454572886,-0.581199288,4.60675812,-0.687965453,-1.08075047,-0.323994398,0.321633756,-0.207424134,-0.235391095,-0.625543237,-0.533018887,1.39326108,-0.432369769,-0.411813855,-0.22941573,0.492174804,-0.484322101,0.654653668,-0.351561517,-0.151716515,-0.484322101,0.756114542,-0.422141254,-1.23436594,1.23436594,0.197385505,-0.197385505,1
-0.196584344,0.268158257,0.919297576,1.0526886,-0.0410400964,-0.708575785,-0.411813855,-0.617812753,-0.610092342,-0.255433619,1.24736142,-0.204124153,-0.22941573,0.941696584,-0.319262236,-0.635223389,-0.569651902,2.88137555,-0.112508789,-0.470504045,-0.625543237,-0.112508789,-0.12852402,-0.210680857,-0.086929135,-0.321633756,0.812250614,-0.32634443,-0.258198887,-0.232418686,-0.480384469,-0.269046575,-0.444527596,-0.723746836,-0.454572886,1.7205801,-0.217072383,-0.687965453,0.925282896,-0.323994398,0.321633756,-0.207424134,-0.235391095,-0.625543237,-0.533018887,1.39326108,-0.432369769,-0.411813855,-0.22941573,0.492174804,-0.484322101,0.654653668,-0.351561517,-0.151716515,-0.484322101,-1.32255089,2.36887527,-1.23436594,1.23436594,0.197385505,-0.197385505,1
-0.534050345,-0.754208446,0.028936727,1.0526886,-0.391248912,-0.708575785,-0.411813855,-0.617812753,-0.610092342,-0.255433619,1.24736142,-0.204124153,-0.22941573,0.941696584,-0.319262236,-0.635223389,-0.569651902,-0.347056448,-0.112508789,2.12538028,-0.625543237,-0.112508789,-0.12852402,-0.210680857,-0.086929135,-0.321633756,0.812250614,-0.32634443,-0.258198887,-0.232418686,-0.480384469,-0.269046575,-0.444527596,-0.723746836,2.19986725,-0.581199288,-0.217072383,1.45356131,-1.08075047,-0.323994398,0.321633756,-0.207424134,-0.235391095,1.59861052,-0.533018887,-0.717740536,-0.432369769,-0.411813855,-0.22941573,0.492174804,-0.484322101,0.654653668,-0.351561517,-0.151716515,2.06474161,-1.32255089,-0.422141254,0.810132504,-0.810132504,0.197385505,-0.197385505,1
-0.750115335,-1.00980008,0.919297576,1.0526886,-0.9165622,1.0356108,-0.411813855,1.61861348,-0.610092342,-0.255433619,-0.801692247,-0.204124153,-0.22941573,-1.06191313,-0.319262236,1.57424927,-0.569651902,-0.347056448,-0.112508789,-0.470504045,1.59861052,-0.112508789,-0.12852402,-0.210680857,-0.086929135,-0.321633756,0.812250614,-0.32634443,-0.258198887,-0.232418686,-0.480384469,-0.269046575,-0.444527596,1.38169861,-0.454572886,-0.581199288,-0.217072383,-0.687965453,0.925282896,-0.323994398,0.321633756,-0.207424134,-0.235391095,1.59861052,-0.533018887,-0.717740536,-0.432369769,-0.411813855,-0.22941573,0.492174804,-0.484322101,0.654653668,-0.351561517,-0.151716515,2.06474161,-1.32255089,-0.422141254,0.810132504,-0.810132504,0.197385505,-0.197385505,1
-0.628714263,-0.754208446,0.919297576,-1.69943845,-0.216144517,-0.708575785,-0.411813855,-0.617812753,-0.610092342,3.91491127,-0.801692247,-0.204124153,-0.22941573,0.941696584,-0.319262236,-0.635223389,-0.569651902,-0.347056448,-0.112508789,2.12538028,-0.625543237,-0.112508789,-0.12852402,-0.210680857,-0.086929135,-0.321633756,0.812250614,-0.32634443,-0.258198887,-0.232418686,-0.480384469,-0.269046575,2.24957919,-0.723746836,-0.454572886,-0.581199288,-0.217072383,1.45356131,-1.08075047,-0.323994398,0.321633756,-0.207424134,-0.235391095,-0.625543237,1.87610602,-0.717740536,-0.432369769,2.42828155,-0.22941573,-2.0317986,-0.484322101,0.654653668,-0.351561517,-0.151716515,-0.484322101,-1.32255089,2.36887527,-1.23436594,1.23436594,0.197385505,-0.197385505,1
0.417647153,1.80170822,0.028936727,-0.782062769,-0.82900995,1.0356108,2.42828155,1.61861348,-0.610092342,-0.255433619,-0.801692247,-0.204124153,-0.22941573,-1.06191313,3.13222146,-0.635223389,-0.569651902,-0.347056448,-0.112508789,-0.470504045,1.59861052,-0.112508789,-0.12852402,-0.210680857,-0.086929135,-0.321633756,0.812250614,-0.32634443,-0.258198887,-0.232418686,-0.480384469,-0.269046575,-0.444527596,-0.723746836,2.19986725,-0.581199288,-0.217072383,-0.687965453,0.925282896,-0.323994398,0.321633756,-0.207424134,-0.235391095,-0.625543237,1.87610602,-0.717740536,-0.432369769,2.42828155,-0.22941573,-2.0317986,-0.484322101,0.654653668,-0.351561517,-0.151716515,-0.484322101,0.756114542,-0.422141254,-1.23436594,1.23436594,0.197385505,-0.197385505,0
0.553500712,2.05729985,0.919297576,-0.782062769,-0.9165622,1.0356108,-0.411813855,-0.617812753,1.63909602,-0.255433619,-0.801692247,-0.204124153,-0.22941573,-1.06191313,-0.319262236,1.57424927,-0.569651902,-0.347056448,-0.112508789,-0.470504045,1.59861052,-0.112508789,-0.12852402,-0.210680857,-0.086929135,-0.321633756,0.812250614,-0.32634443,-0.258198887,-0.232418686,-0.480384469,-0.269046575,2.24957919,-0.723746836,-0.454572886,-0.581199288,-0.217072383,-0.687965453,0.925282896,-0.323994398,0.321633756,-0.207424134,-0.235391095,-0.625543237,1.87610602,-0.717740536,-0.432369769,-0.411813855,-0.22941573,0.492174804,-0.484322101,0.654653668,-0.351561517,-0.151716515,2.06474161,-1.32255089,-0.422141254,0.810132504,-0.810132504,0.197385505,-0.197385505,0
0.779321134,1.29052496,0.028936727,-0.782062769,-0.653905571,1.0356108,-0.411813855,1.61861348,-0.610092342,-0.255433619,-0.801692247,-0.204124153,-0.22941573,-1.06191313,-0.319262236,1.57424927,-0.569651902,-0.347056448,-0.112508789,2.12538028,-0.625543237,-0.112508789,-0.12852402,-0.210680857,-0.086929135,-0.321633756,0.812250614,-0.32634443,-0.258198887,-0.232418686,-0.480384469,-0.269046575,-0.444527596,1.38169861,-0.454572886,-0.581199288,-0.217072383,-0.687965453,0.925282896,-0.323994398,-3.10912633,-0.207424134,4.24824905,-0.625543237,1.87610602,-0.717740536,-0.432369769,-0.411813855,-0.22941573,0.492174804,-0.484322101,0.654653668,-0.351561517,-0.151716515,-0.484322101,0.756114542,-0.422141254,0.810132504,-0.810132504,0.197385505,-0.197385505,1
-0.193332523,0.268158257,0.919297576,-1.69943845,-0.566353321,-0.708575785,-0.411813855,-0.617812753,-0.610092342,-0.255433619,1.24736142,-0.204124153,-0.22941573,0.941696584,-0.319262236,-0.635223389,-0.569651902,2.88137555,-0.112508789,-0.470504045,-0.625543237,-0.112508789,-0.12852402,-0.210680857,-0.086929135,-0.321633756,0.812250614,-0.32634443,-0.258198887,-0.232418686,-0.480384469,-0.269046575,2.24957919,-0.723746836,-0.454572886,-0.581199288,-0.217072383,1.45356131,-1.08075047,-0.323994398,0.321633756,-0.207424134,-0.235391095,-0.625543237,-0.533018887,-0.717740536,2.31283522,-0.411813855,-0.22941573,0.492174804,-0.484322101,0.654653668,-0.351561517,-0.151716515,-0.484322101,-1.32255089,2.36887527,-1.23436594,1.23436594,0.197385505,-0.197385505,1
-0.874045551,-0.754208446,0.919297576,1.0526886,1.53489959,-0.708575785,-0.411813855,1.61861348,-0.610092342,-0.255433619,-0.801692247,-0.204124153,-0.22941573,0.941696584,-0.319262236,-0.635223389,-0.569651902,-0.347056448,-0.112508789,-0.470504045,-0.625543237,-0.112508789,-0.12852402,4.74651575,-0.086929135,-0.321633756,0.812250614,-0.32634443,-0.258198887,-0.232418686,-0.480384469,-0.269046575,2.24957919,-0.723746836,-0.454572886,-0.581199288,-0.217072383,1.45356131,-1.08075047,-0.323994398,0.321633756,-0.207424134,-0.235391095,-0.625543237,1.87610602,-0.717740536,-0.432369769,-0.411813855,-0.22941573,0.492174804,-0.484322101,0.654653668,-0.351561517,-0.151716515,-0.484322101,0.756114542,-0.422141254,0.810132504,-0.810132504,0.197385505,-0.197385505,0
0.860255122,4.35762501,-0.861424148,-0.782062769,-1.00411439,-0.708575785,-0.411813855,-0.617812753,1.63909602,-0.255433619,-0.801692247,-0.204124153,-0.22941573,0.941696584,-0.319262236,-0.635223389,-0.569651902,-0.347056448,-0.112508789,-0.470504045,1.59861052,-0.112508789,-0.12852402,-0.210680857,-0.086929135,-0.321633756,-1.23114717,3.06424713,-0.258198887,-0.232418686,-0.480384469,-0.269046575,-0.444527596,1.38169861,-0.454572886,-0.581199288,-0.217072383,-0.687965453,-1.08075047,3.08647299,0.321633756,-0.207424134,-0.235391095,-0.625543237,-0.533018887,1.39326108,-0.432369769,-0.411813855,-0.22941573,0.492174804,-0.484322101,0.654653668,-0.351561517,-0.151716515,-0.484322101,0.756114542,-0.422141254,0.810132504,-0.810132504,0.197385505,-0.197385505,0
-0.0495300926,-0.754208446,-0.861424148,1.0526886,1.4473474,-0.708575785,-0.411813855,-0.617812753,-0.610092342,-0.255433619,1.24736142,-0.204124153,-0.22941573,0.941696584,-0.319262236,-0.635223389,-0.569651902,-0.347056448,-0.112508789,-0.470504045,1.59861052,-0.112508789,-0.12852402,-0.210680857,-0.086929135,-0.321633756,0.812250614,-0.32634443,-0.258198887,-0.232418686,-0.480384469,-0.269046575,-0.444527596,1.38169861,-0.454572886,-0.581199288,-0.217072383,-0.687965453,0.925282896,-0.323994398,0.321633756,-0.207424134,-0.235391095,-0.625543237,-0.533018887,1.39326108,-0.432369769,-0.411813855,-0.22941573,0.492174804,-0.484322101,0.654653668,-0.351561517,-0.151716515,-0.484322101,0.756114542,-0.422141254,-1.23436594,1.23436594,0.197385505,-0.197385505,1
1.19699848,3.33525825,0.919297576,1.0526886,-0.128592297,-0.708575785,2.42828155,-0.617812753,-0.610092342,-0.255433619,1.24736142,-0.204124153,-0.22941573,0.941696584,-0.319262236,-0.635223389,1.755458,-0.347056448,-0.112508789,-0.470504045,-0.625543237,-0.112508789,-0.12852402,-0.210680857,-0.086929135,-0.321633756,-1.23114717,-0.32634443,-0.258198887,-0.232418686,2.08166599,-0.269046575,-0.444527596,1.38169861,-0.454572886,-0.581199288,-0.217072383,-0.687965453,0.925282896,-0.323994398,0.321633756,-0.207424134,-0.235391095,-0.625543237,-0.533018887,-0.717740536,2.31283522,-0.411813855,-0.22941573,0.492174804,-0.484322101,-1.52752519,2.84445238,-0.151716515,-0.484322101,0.756114542,-0.422141254,-1.23436594,1.23436594,0.197385505,-0.197385505,1
-0.898614824,-0.754208446,0.919297576,0.135312915,-0.216144517,-0.708575785,-0.411813855,1.61861348,-0.610092342,-0.255433619,-0.801692247,-0.204124153,-0.22941573,0.941696584,-0.319262236,-0.635223389,-0.569651902,-0.347056448,-0.112508789,-0.470504045,1.59861052,-0.112508789,-0.12852402,-0.210680857,-0.086929135,-0.321633756,-1.23114717,3.06424713,-0.258198887,-0.232418686,-0.480384469,-0.269046575,2.24957919,-0.723746836,-0.454572886,-0.581199288,-0.217072383,-0.687965453,-1.08075047,3.08647299,0.321633756,-0.207424134,-0.235391095,-0.625543237,-0.533018887,-0.717740536,2.31283522,-0.411813855,-0.22941573,0.492174804,-0.484322101,0.654653668,-0.351561517,-0.151716515,2.06474161,-1.32255089,-0.422141254,-1.23436594,1.23436594,0.197385505,-0.197385505,0
-0.694834471,-0.754208446,0.919297576,-0.782062769,-0.0410400964,1.0356108,-0.411813855,-0.617812753,-0.610092342,-0.255433619,1.24736142,-0.204124153,-0.22941573,-1.06191313,-0.319262236,1.57424927,-0.569651902,-0.347056448,-0.112508789,-0.470504045,1.59861052,-0.112508789,-0.12852402,-0.210680857,-0.086929135,-0.321633756,0.812250614,-0.32634443,-0.258198887,-0.232418686,-0.480384469,-0.269046575,-0.444527596,1.38169861,-0.454572886,-0.581199288,-0.217072383,1.45356131,-1.08075047,-0.323994398,0.321633756,-0.207424134,-0.235391095,-0.625543237,1.87610602,-0.717740536,-0.432369769,-0.411813855,-0.22941573,0.492174804,-0.484322101,0.654653668,-0.351561517,-0.151716515,-0.484322101,0.756114542,-0.422141254,0.810132504,-0.810132504,0.197385505,-0.197385505,1
3.08774757,1.54611659,-0.861424148,0.135312915,-0.303696722,-0.708575785,-0.411813855,-0.617812753,1.63909602,-0.255433619,-0.801692247,-0.204124153,-0.22941573,-1.06191313,3.13222146,-0.635223389,-0.569651902,-0.347056448,-0.112508789,-0.470504045,-0.625543237,-0.112508789,-0.12852402,4.74651575,-0.086929135,-0.321633756,-1.23114717,3.06424713,-0.258198887,-0.232418686,-0.480384469,-0.269046575,-0.444527596,-0.723746836,2.19986725,-0.581199288,-0.217072383,-0.687965453,0.925282896,-0.323994398,0.321633756,-0.207424134,-0.235391095,-0.625543237,-0.533018887,-0.717740536,2.31283522,-0.411813855,-0.22941573,0.492174804,2.06474161,-1.52752519,-0.351561517,-0.151716515,-0.484322101,0.756114542,-0.422141254,-1.23436594,1.23436594,0.197385505,-0.197385505,1
0.0599476397,-1.43578625,-1.75178492,-1.69943845,0.134064317,-0.708575785,2.42828155,-0.617812753,-0.610092342,-0.255433619,1.24736142,-0.204124153,-0.22941573,-1.06191313,-0.319262236,1.57424927,1.755458,-0.347056448,-0.112508789,-0.470504045,-0.625543237,-0.112508789,-0.12852402,-0.210680857,-0.086929135,-0.321633756,0.812250614,-0.32634443,-0.258198887,-0.232418686,-0.480384469,-0.269046575,-0.444527596,-0.723746836,2.19986725,-0.581199288,-0.217072383,1.45356131,-1.08075047,-0.323994398,0.321633756,-0.207424134,-0.235391095,1.59861052,-0.533018887,-0.717740536,-0.432369769,-0.411813855,-0.22941573,0.492174804,-0.484322101,0.654653668,-0.351561517,-0.151716515,-0.484322101,0.756114542,-0.422141254,0.810132504,-0.810132504,0.197385505,-0.197385505,1
-0.18140921,1.29052496,-0.861424148,-0.782062769,0.484273136,-0.708575785,2.42828155,1.61861348,-0.610092342,-0.255433619,-0.801692247,-0.204124153,-0.22941573,0.941696584,-0.319262236,-0.635223389,-0.569651902,-0.347056448,-0.112508789,2.12538028,-0.625543237,-0.112508789,-0.12852402,-0.210680857,-0.086929135,-0.321633756,0.812250614,-0.32634443,-0.258198887,-0.232418686,-0.480384469,-0.269046575,-0.444527596,-0.723746836,-0.454572886,1.7205801,-0.217072383,-0.687965453,0.925282896,-0.323994398,0.321633756,-0.207424134,-0.235391095,-0.625543237,1.87610602,-0.717740536,-0.432369769,2.42828155,-0.22941573,-2.0317986,-0.484322101,0.654653668,-0.351561517,-0.151716515,-0.484322101,0.756114542,-0.422141254,0.810132504,-0.810132504,0.197385505,-0.197385505,0
2.31779027,1.29052496,0.919297576,1.0526886,-1.00411439,1.0356108,-0.411813855,1.61861348,-0.610092342,-0.255433619,-0.801692247,-0.204124153,-0.22941573,-1.06191313,-0.319262236,1.57424927,-0.569651902,2.88137555,-0.112508789,-0.470504045,-0.625543237,-0.112508789,-0.12852402,-0.210680857,-0.086929135,-0.321633756,0.812250614,-0.32634443,-0.258198887,-0.232418686,-0.480384469,-0.269046575,-0.444527596,-0.723746836,2.19986725,-0.581199288,-0.217072383,-0.687965453,0.925282896,-0.323994398,0.321633756,-0.207424134,-0.235391095,-0.625543237,-0.533018887,1.39326108,-0.432369769,-0.411813855,-0.22941573,0.492174804,-0.484322101,0.654653668,-0.351561517,-0.151716515,-0.484322101,0.756114542,-0.422141254,-1.23436594,1.23436594,0.197385505,-0.197385505,0
-0.456729442,-0.243025079,0.919297576,-1.69943845,-0.128592297,1.0356108,-0.411813855,-0.617812753,-0.610092342,-0.255433619,1.24736142,-0.204124153,-0.22941573,0.941696584,-0.319262236,-0.635223389,-0.569651902,-0.347056448,-0.112508789,-0.470504045,-0.625543237,-0.112508789,-0.12852402,-0.210680857,-0.086929135,3.10912633,0.812250614,-0.32634443,-0.258198887,-0.232418686,-0.480384469,-0.269046575,-0.444527596,-0.723746836,2.19986725,-0.581199288,-0.217072383,-0.687965453,0.925282896,-0.323994398,0.321633756,-0.207424134,-0.235391095,-0.625543237,-0.533018887,1.39326108,-0.432369769,-0.411813855,4.35889912,-2.0317986,-0.484322101,0.654653668,-0.351561517,-0.151716515,-0.484322101,0.756114542,-0.422141254,-1.23436594,1.23436594,0.197385505,-0.197385505,1
-0.67785275,-1.26539171,-1.75178492,1.0526886,2.32286954,-0.708575785,-0.411813855,-0.617812753,-0.610092342,-0.255433619,1.24736142,-0.204124153,-0.22941573,0.941696584,-0.319262236,-0.635223389,-0.569651902,-0.347056448,-0.112508789,-0.470504045,-0.625543237,8.88819408,-0.12852402,-0.210680857,-0.086929135,-0.321633756,-1.23114717,-0.32634443,3.87298346,-0.232418686,-0.480384469,-0.269046575,-0.444527596,1.38169861,-0.454572886,-0.581199288,4.60675812,-0.687965453,-1.08075047,-0.323994398,0.321633756,-0.207424134,-0.235391095,1.59861052,-0.533018887,-0.717740536,-0.432369769,-0.411813855,-0.22941573,0.492174804,-0.484322101,0.654653668,-0.351561517,-0.151716515,-0.484322101,0.756114542,-0.422141254,0.810132504,-0.810132504,0.197385505,-0.197385505,1
-0.329547375,1.29052496,0.919297576,1.0526886,-0.391248912,-0.708575785,-0.411813855,1.61861348,-0.610092342,-0.255433619,-0.801692247,-0.204124153,-0.22941573,0.941696584,-0.319262236,-0.635223389,-0.569651902,-0.347056448,-0.112508789,-0.470504045,1.59861052,-0.112508789,-0.12852402,-0.210680857,-0.086929135,-0.321633756,0.812250614,-0.32634443,-0.258198887,-0.232418686,-0.480384469,-0.269046575,-0.444527596,1.38169861,-0.454572886,-0.581199288,4.60675812,-0.687965453,-1.08075047,-0.323994398,0.321633756,-0.207424134,-0.235391095,-0.625543237,-0.533018887,1.39326108,-0.432369769,-0.411813855,-0.22941573,0.492174804,2.06474161,-1.52752519,-0.351561517,-0.151716515,-0.484322101,0.756114542,-0.422141254,0.810132504,-0.810132504,0.197385505,-0.197385505,0
1.75522661,0.779341578,-0.861424148,0.135312915,-0.9165622,2.77979732,-0.411813855,1.61861348,-0.610092342,-0.255433619,-0.801692247,4.89897966,-0.22941573,-1.06191313,-0.319262236,-0.635223389,-0.569651902,-0.347056448,-0.112508789,-0.470504045,-0.625543237,-0.112508789,-0.12852402,-0.210680857,-0.086929135,3.10912633,-1.23114717,-0.32634443,-0.258198887,-0.232418686,2.08166599,-0.269046575,2.24957919,-0.723746836,-0.454572886,-0.581199288,-0.217072383,-0.687965453,0.925282896,-0.323994398,0.321633756,-0.207424134,-0.235391095,-0.625543237,-0.533018887,1.39326108,-0.432369769,2.42828155,-0.22941573,-2.0317986,-0.484322101,0.654653668,-0.351561517,-0.151716515,-0.484322101,0.756114542,-0.422141254,0.810132504,-0.810132504,0.197385505,-0.197385505,1
-0.396028906,-1.00980008,-0.861424148,-0.782062769,0.134064317,-0.708575785,2.42828155,-0.617812753,1.63909602,-0.255433619,-0.801692247,-0.204124153,-0.22941573,0.941696584,-0.319262236,-0.635223389,-0.569651902,-0.347056448,-0.112508789,-0.470504045,1.59861052,-0.112508789,-0.12852402,-0.210680857,-0.086929135,-0.321633756,0.812250614,-0.32634443,-0.258198887,-0.232418686,-0.480384469,-0.269046575,-0.444527596,1.38169861,-0.454572886,-0.581199288,-0.217072383,-0.687965453,0.925282896,-0.323994398,0.321633756,-0.207424134,-0.235391095,1.59861052,-0.533018887,-0.717740536,-0.432369769,-0.411813855,-0.22941573,0.492174804,-0.484322101,0.654653668,-0.351561517,-0.151716515,2.06474161,-1.32255089,-0.422141254,0.810132504,-0.810132504,0.197385505,-0.197385505,1
-0.0488074683,1.29052496,0.919297576,1.0526886,0.0465121083,-0.708575785,-0.411813855,-0.617812753,-0.610092342,-0.255433619,1.24736142,-0.204124153,-0.22941573,0.941696584,-0.319262236,-0.635223389,1.755458,-0.347056448,-0.112508789,-0.470504045,-0.625543237,-0.112508789,-0.12852402,-0.210680857,-0.086929135,-0.321633756,-1.23114717,-0.32634443,-0.258198887,-0.232418686,2.08166599,-0.269046575,-0.444527596,1.38169861,-0.454572886,-0.581199288,-0.217072383,-0.687965453,0.925282896,-0.323994398,0.321633756,-0.207424134,-0.235391095,1.59861052,-0.533018887,-0.717740536,-0.432369769,-0.411813855,-0.22941573,0.492174804,-0.484322101,0.654653668,-0.351561517,-0.151716515,-0.484322101,0.756114542,-0.422141254,0.810132504,-0.810132504,0.197385505,-0.197385505,1
-0.584995449,-1.26539171,0.028936727,-0.782062769,1.35979521,-0.708575785,2.42828155,-0.617812753,-0.610092342,-0.255433619,1.24736142,-0.204124153,-0.22941573,0.941696584,-0.319262236,-0.635223389,-0.569651902,-0.347056448,-0.112508789,-0.470504045,1.59861052,-0.112508789,-0.12852402,-0.210680857,-0.086929135,-0.321633756,0.812250614,-0.32634443,-0.258198887,-0.232418686,-0.480384469,-0.269046575,-0.444527596,-0.723746836,2.19986725,-0.581199288,-0.217072383,-0.687965453,0.925282896,-0.323994398,0.321633756,-0.207424134,-0.235391095,-0.625543237,1.87610602,-0.717740536,-0.432369769,-0.411813855,-0.22941573,0.492174804,-0.484322101,0.654653668,-0.351561517,-0.151716515,-0.484322101,0.756114542,-0.422141254,0.810132504,-0.810132504,0.197385505,-0.197385505,1
-0.99725318,-1.26539171,0.028936727,-1.69943845,-1.17921877,-0.708575785,-0.411813855,-0.617812753,1.63909602,-0.255433619,-0.801692247,-0.204124153,-0.22941573,0.941696584,-0.319262236,-0.635223389,-0.569651902,-0.347056448,-0.112508789,-0.470504045,-0.625543237,-0.112508789,7.7806468,-0.210680857,-0.086929135,-0.321633756,0.812250614,-0.32634443,-0.258198887,-0.232418686,-0.480384469,-0.269046575,2.24957919,-0.723746836,-0.454572886,-0.581199288,-0.217072383,-0.687965453,-1.08075047,3.08647299,0.321633756,-0.207424134,-0.235391095,-0.625543237,1.87610602,-0.717740536,-0.432369769,-0.411813855,-0.22941573,0.492174804,-0.484322101,0.654653668,-0.351561517,-0.151716515,2.06474161,-1.32255089,-0.422141254,0.810132504,-0.810132504,0.197385505,-0.197385505,1
0.0621155128,-0.754208446,0.028936727,1.0526886,-0.0410400964,-0.708575785,-0.411813855,1.61861348,-0.610092342,-0.255433619,-0.801692247,-0.204124153,-0.22941573,0.941696584,-0.319262236,-0.635223389,-0.569651902,2.88137555,-0.112508789,-0.470504045,-0.625543237,-0.112508789,-0.12852402,-0.210680857,-0.086929135,-0.321633756,0.812250614,-0.32634443,-0.258198887,-0.232418686,-0.480384469,-0.269046575,-0.444527596,-0.723746836,-0.454572886,1.7205801,-0.217072383,-0.687965453,0.925282896,-0.323994398,0.321633756,-0.207424134,-0.235391095,-0.625543237,-0.533018887,-0.717740536,2.31283522,-0.411813855,-0.22941573,0.492174804,-0.484322101,-1.52752519,2.84445238,-0.151716515,-0.484322101,0.756114542,-0.422141254,-1.23436594,1.23436594,0.197385505,-0.197385505,0
0.713923514,0.523749948,0.919297576,1.0526886,1.09713864,4.52398396,2.42828155,-0.617812753,-0.610092342,-0.255433619,1.24736142,-0.204124153,-0.22941573,0.941696584,-0.319262236,-0.635223389,-0.569651902,-0.347056448,-0.112508789,-0.470504045,-0.625543237,-0.112508789,7.7806468,-0.210680857,-0.086929135,-0.321633756,-1.23114717,-0.32634443,-0.258198887,-0.232418686,2.08166599,-0.269046575,-0.444527596,-0.723746836,-0.454572886,1.7205801,-0.217072383,-0.687965453,0.925282896,-0.323994398,0.321633756,-0.207424134,-0.235391095,-0.625543237,1.87610602,-0.717740536,-0.432369769,-0.411813855,-0.22941573,0.492174804,-0.484322101,0.654653668,-0.351561517,-0.151716515,-0.484322101,0.756114542,-0.422141254,-1.23436594,1.23436594,0.197385505,-0.197385505,1
0.2275967,2.31289172,0.919297576,1.0526886,-0.128592297,-0.708575785,2.42828155,-0.617812753,1.63909602,-0.255433619,-0.801692247,4.89897966,-0.22941573,-1.06191313,-0.319262236,-0.635223389,-0.569651902,-0.347056448,-0.112508789,-0.470504045,-0.625543237,-0.112508789,-0.12852402,-0.210680857,-0.086929135,3.10912633,-1.23114717,3.06424713,-0.258198887,-0.232418686,-0.480384469,-0.269046575,-0.444527596,-0.723746836,2.19986725,-0.581199288,-0.217072383,-0.687965453,0.925282896,-0.323994398,0.321633756,-0.207424134,-0.235391095,-0.625543237,-0.533018887,-0.717740536,2.31283522,-0.411813855,-0.22941573,0.492174804,-0.484322101,-1.52752519,2.84445238,-0.151716515,2.06474161,-1.32255089,-0.422141254,0.810132504,-0.810132504,0.197385505,-0.197385505,0
-0.0928876102,0.268158257,0.919297576,1.0526886,2.41042161,1.0356108,-0.411813855,1.61861348,-0.610092342,-0.255433619,-0.801692247,-0.204124153,-0.22941573,-1.06191313,-0.319262236,1.57424927,-0.569651902,2.88137555,-0.112508789,-0.470504045,-0.625543237,-0.112508789,-0.12852402,-0.210680857,-0.086929135,-0.321633756,0.812250614,-0.32634443,-0.258198887,-0.232418686,-0.480384469,-0.269046575,-0.444527596,-0.723746836,-0.454572886,1.7205801,-0.217072383,-0.687965453,0.925282896,-0.323994398,0.321633756,-0.207424134,-0.235391095,-0.625543237,1.87610602,-0.717740536,-0.432369769,-0.411813855,-0.22941573,0.492174804,-0.484322101,0.654653668,-0.351561517,-0.151716515,-0.484322101,0.756114542,-0.422141254,-1.23436594,1.23436594,0.197385505,-0.197385505,1
-0.487802327,-0.243025079,0.919297576,-0.782062769,-0.478801131,1.0356108,-0.411813855,-0.617812753,-0.610092342,-0.255433619,1.24736142,-0.204124153,-0.22941573,-1.06191313,-0.319262236,1.57424927,-0.569651902,-0.347056448,-0.112508789,-0.470504045,-0.625543237,-0.112508789,-0.12852402,4.74651575,-0.086929135,-0.321633756,-1.23114717,3.06424713,-0.258198887,-0.232418686,-0.480384469,-0.269046575,-0.444527596,1.38169861,-0.454572886,-0.581199288,-0.217072383,1.45356131,-1.08075047,-0.323994398,0.321633756,-0.207424134,-0.235391095,1.59861052,-0.533018887,-0.717740536,-0.432369769,-0.411813855,-0.22941573,0.492174804,-0.484322101,0.654653668,-0.351561517,-0.151716515,-0.484322101,0.756114542,-0.422141254,0.810132504,-0.810132504,0.197385505,-0.197385505,0
-0.621849298,-0.754208446,0.919297576,0.135312915,-0.128592297,-0.708575785,2.42828155,-0.617812753,-0.610092342,-0.255433619,1.24736142,-0.204124153,-0.22941573,0.941696584,-0.319262236,-0.635223389,-0.569651902,-0.347056448,-0.112508789,-0.470504045,1.59861052,-0.112508789,-0.12852402,-0.210680857,-0.086929135,-0.321633756,0.812250614,-0.32634443,-0.258198887,-0.232418686,-0.480384469,-0.269046575,2.24957919,-0.723746836,-0.454572886,-0.581199288,-0.217072383,1.45356131,-1.08075047,-0.323994398,0.321633756,-0.207424134,-0.235391095,-0.625543237,-0.533018887,1.39326108,-0.432369769,-0.411813855,-0.22941573,0.492174804,-0.484322101,0.654653668,-0.351561517,-0.151716515,-0.484322101,0.756114542,-0.422141254,0.810132504,-0.810132504,0.197385505,-0.197385505,1
1.51892805,3.33525825,-1.75178492,-1.69943845,-0.74145776,-0.708575785,-0.411813855,-0.617812753,1.63909602,-0.255433619,-0.801692247,-0.204124153,-0.22941573,-1.06191313,3.13222146,-0.635223389,-0.569651902,-0.347056448,-0.112508789,-0.470504045,1.59861052,-0.112508789,-0.12852402,-0.210680857,-0.086929135,-0.321633756,-1.23114717,-0.32634443,-0.258198887,-0.232418686,2.08166599,-0.269046575,-0.444527596,1.38169861,-0.454572886,-0.581199288,-0.217072383,-0.687965453,0.925282896,-0.323994398,0.321633756,-0.207424134,-0.235391095,1.59861052,-0.533018887,-0.717740536,-0.432369769,-0.411813855,-0.22941573,0.492174804,-0.484322101,0.654653668,-0.351561517,-0.151716515,2.06474161,-1.32255089,-0.422141254,0.810132504,-0.810132504,0.197385505,-0.197385505,1
-0.0195411425,0.0125665907,0.919297576,0.135312915,0.484273136,-0.708575785,-0.411813855,-0.617812753,-0.610092342,-0.255433619,1.24736142,-0.204124153,-0.22941573,0.941696584,-0.319262236,-0.635223389,-0.569651902,-0.347056448,-0.112508789,-0.470504045,1.59861052,-0.112508789,-0.12852402,-0.210680857,-0.086929135,-0.321633756,-1.23114717,-0.32634443,-0.258198887,-0.232418686,2.08166599,-0.269046575,-0.444527596,-0.723746836,-0.454572886,1.7205801,-0.217072383,-0.687965453,0.925282896,-0.323994398,0.321633756,-0.207424134,-0.235391095,-0.625543237,1.87610602,-0.717740536,-0.432369769,-0.411813855,-0.22941573,0.492174804,-0.484322101,0.654653668,-0.351561517,-0.151716515,-0.484322101,0.756114542,-0.422141254,-1.23436594,1.23436594,0.197385505,-0.197385505,1
-0.691943944,-1.26539171,-1.75178492,-1.69943845,3.37349606,2.77979732,2.42828155,-0.617812753,-0.610092342,3.91491127,-0.801692247,-0.204124153,-0.22941573,-1.06191313,-0.319262236,1.57424927,1.755458,-0.347056448,-0.112508789,-0.470504045,-0.625543237,-0.112508789,-0.12852402,-0.210680857,-0.086929135,-0.321633756,0.812250614,-0.32634443,-0.258198887,-0.232418686,-0.480384469,-0.269046575,-0.444527596,1.38169861,-0.454572886,-0.581199288,-0.217072383,-0.687965453,0.925282896,-0.323994398,0.321633756,-0.207424134,-0.235391095,1.59861052,-0.533018887,-0.717740536,-0.432369769,-0.411813855,-0.22941573,0.492174804,-0.484322101,0.654653668,-0.351561517,6.59123993,-0.484322101,-1.32255089,-0.422141254,0.810132504,-0.810132504,-5.06622791,5.06622791,1
-0.702060699,-0.498616755,0.028936727,1.0526886,0.309168726,1.0356108,-0.411813855,-0.617812753,-0.610092342,3.91491127,-0.801692247,-0.204124153,-0.22941573,-1.06191313,-0.319262236,1.57424927,-0.569651902,-0.347056448,-0.112508789,-0.470504045,1.59861052,-0.112508789,-0.12852402,-0.210680857,-0.086929135,-0.321633756,-1.23114717,-0.32634443,-0.258198887,-0.232418686,2.08166599,-0.269046575,-0.444527596,1.38169861,-0.454572886,-0.581199288,-0.217072383,-0.687965453,0.925282896,-0.323994398,0.321633756,-0.207424134,-0.235391095,-0.625543237,-0.533018887,-0.717740536,2.31283522,-0.411813855,-0.22941573,0.492174804,-0.484322101,-1.52752519,2.84445238,-0.151716515,-0.484322101,0.756114542,-0.422141254,-1.23436594,1.23436594,0.197385505,-0.197385505,0
-0.386273474,1.29052496,-0.861424148,-1.69943845,-1.00411439,1.0356108,-0.411813855,1.61861348,-0.610092342,-0.255433619,-0.801692247,-0.204124153,-0.22941573,-1.06191313,3.13222146,-0.635223389,-0.569651902,-0.347056448,-0.112508789,-0.470504045,-0.625543237,-0.112508789,-0.12852402,-0.210680857,-0.086929135,3.10912633,0.812250614,-0.32634443,-0.258198887,-0.232418686,-0.480384469,-0.269046575,-0.444527596,-0.723746836,2.19986725,-0.581199288,-0.217072383,-0.687965453,0.925282896,-0.323994398,0.321633756,-0.207424134,-0.235391095,-0.625543237,-0.533018887,1.39326108,-0.432369769,-0.411813855,-0.22941573,0.492174804,-0.484322101,0.654653668,-0.351561517,-0.151716515,-0.484322101,0.756114542,-0.422141254,-1.23436594,1.23436594,0.197385505,-0.197385505,0
-0.46178782,-0.243025079,-0.861424148,1.0526886,-1.09166658,1.0356108,-0.411813855,1.61861348,-0.610092342,-0.255433619,-0.801692247,-0.204124153,-0.22941573,0.941696584,-0.319262236,-0.635223389,-0.569651902,-0.347056448,-0.112508789,-0.470504045,1.59861052,-0.112508789,-0.12852402,-0.210680857,-0.086929135,-0.321633756,-1.23114717,-0.32634443,-0.258198887,-0.232418686,2.08166599,-0.269046575,-0.444527596,-0.723746836,2.19986725,-0.581199288,-0.217072383,-0.687965453,-1.08075047,3.08647299,0.321633756,-0.207424134,-0.235391095,-0.625543237,-0.533018887,1.39326108,-0.432369769,-0.411813855,-0.22941573,0.492174804,2.06474161,-1.52752519,-0.351561517,-0.151716515,2.06474161,-1.32255089,-0.422141254,0.810132504,-0.810132504,0.197385505,-0.197385505,1
-0.888859332,-0.754208446,0.919297576,1.0526886,0.221616521,1.0356108,-0.411813855,-0.617812753,1.63909602,-0.255433619,-0.801692247,-0.204124153,-0.22941573,0.941696584,-0.319262236,-0.635223389,-0.569651902,-0.347056448,-0.112508789,-0.470504045,-0.625543237,-0.112508789,-0.12852402,-0.210680857,11.503623,-0.321633756,-1.23114717,-0.32634443,-0.258198887,-0.232418686,2.08166599,-0.269046575,-0.444527596,-0.723746836,-0.454572886,1.7205801,-0.217072383,-0.687965453,0.925282896,-0.323994398,0.321633756,-0.207424134,-0.235391095,-0.625543237,1.87610602,-0.717740536,-0.432369769,-0.411813855,-0.22941573,0.492174804,-0.484322101,0.654653668,-0.351561517,-0.151716515,-0.484322101,0.756114542,-0.422141254,0.810132504,-0.810132504,0.197385505,-0.197385505,1
-0.598002672,0.268158257,0.919297576,1.0526886,1.27224302,-0.708575785,-0.411813855,-0.617812753,-0.610092342,-0.255433619,1.24736142,-0.204124153,4.35889912,-1.06191313,-0.319262236,-0.635223389,-0.569651902,-0.347056448,-0.112508789,-0.470504045,-0.625543237,-0.112508789,-0.12852402,-0.210680857,-0.086929135,3.10912633,0.812250614,-0.32634443,-0.258198887,-0.232418686,-0.480384469,-0.269046575,-0.444527596,-0.723746836,2.19986725,-0.581199288,-0.217072383,-0.687965453,0.925282896,-0.323994398,0.321633756,-0.207424134,-0.235391095,-0.625543237,-0.533018887,1.39326108,-0.432369769,2.42828155,-0.22941573,-2.0317986,-0.484322101,0.654653668,-0.351561517,-0.151716515,-0.484322101,0.756114542,-0.422141254,-1.23436594,1.23436594,0.197385505,-0.197385505,1
-0.870071113,-0.498616755,0.919297576,1.0526886,-1.17921877,-0.708575785,-0.411813855,1.61861348,-0.610092342,-0.255433619,-0.801692247,-0.204124153,-0.22941573,0.941696584,-0.319262236,-0.635223389,-0.569651902,-0.347056448,-0.112508789,-0.470504045,-0.625543237,-0.112508789,-0.12852402,-0.210680857,-0.086929135,3.10912633,0.812250614,-0.32634443,-0.258198887,-0.232418686,-0.480384469,-0.269046575,-0.444527596,1.38169861,-0.454572886,-0.581199288,-0.217072383,1.45356131,-1.08075047,-0.323994398,0.321633756,-0.207424134,-0.235391095,-0.625543237,1.87610602,-0.717740536,-0.432369769,-0.411813855,-0.22941573,0.492174804,-0.484322101,0.654653668,-0.351561517,-0.151716515,2.06474161,-1.32255089,-0.422141254,0.810132504,-0.810132504,0.197385505,-0.197385505,1
-0.618236184,-1.43578625,-0.861424148,-1.69943845,0.571825325,1.0356108,2.42828155,-0.617812753,-0.610092342,-0.255433619,1.24736142,-0.204124153,-0.22941573,-1.06191313,-0.319262236,1.57424927,-0.569651902,-0.347056448,-0.112508789,-0.470504045,1.59861052,-0.112508789,-0.12852402,-0.210680857,-0.086929135,-0.321633756,0.812250614,-0.32634443,-0.258198887,-0.232418686,-0.480384469,-0.269046575,-0.444527596,-0.723746836,2.19986725,-0.581199288,-0.217072383,-0.687965453,0.925282896,-0.323994398,0.321633756,-0.207424134,-0.235391095,1.59861052,-0.533018887,-0.717740536,-0.432369769,-0.411813855,-0.22941573,0.492174804,-0.484322101,0.654653668,-0.351561517,-0.151716515,2.06474161,-1.32255089,-0.422141254,0.810132504,-0.810132504,0.197385505,-0.197385505,1
-0.313649625,0.268158257,0.919297576,0.135312915,-0.0410400964,1.0356108,-0.411813855,-0.617812753,-0.610092342,-0.255433619,1.24736142,-0.204124153,-0.22941573,-1.06191313,-0.319262236,1.57424927,-0.569651902,2.88137555,-0.112508789,-0.470504045,-0.625543237,-0.112508789,-0.12852402,-0.210680857,-0.086929135,-0.321633756,0.812250614,-0.32634443,-0.258198887,-0.232418686,-0.480384469,-0.269046575,-0.444527596,-0.723746836,2.19986725,-0.581199288,-0.217072383,-0.687965453,0.925282896,-0.323994398,0.321633756,-0.207424134,-0.235391095,-0.625543237,-0.533018887,1.39326108,-0.432369769,-0.411813855,-0.22941573,0.492174804,-0.484322101,0.654653668,-0.351561517,-0.151716515,-0.484322101,0.756114542,-0.422141254,-1.23436594,1.23436594,0.197385505,-0.197385505,1
0.0108091198,-0.243025079,-1.75178492,1.0526886,-0.216144517,1.0356108,-0.411813855,-0.617812753,1.63909602,-0.255433619,-0.801692247,4.89897966,-0.22941573,-1.06191313,-0.319262236,-0.635223389,-0.569651902,-0.347056448,-0.112508789,2.12538028,-0.625543237,-0.112508789,-0.12852402,-0.210680857,-0.086929135,-0.321633756,0.812250614,-0.32634443,-0.258198887,-0.232418686,-0.480384469,-0.269046575,-0.444527596,1.38169861,-0.454572886,-0.581199288,-0.217072383,1.45356131,-1.08075047,-0.323994398,0.321633756,-0.207424134,-0.235391095,-0.625543237,-0.533018887,1.39326108,-0.432369769,2.42828155,-0.22941573,-2.0317986,-0.484322101,0.654653668,-0.351561517,-0.151716515,-0.484322101,0.756114542,-0.422141254,-1.23436594,1.23436594,0.197385505,-0.197385505,1
1.41378605,1.29052496,-0.861424148,1.0526886,-1.09166658,1.0356108,-0.411813855,-0.617812753,-0.610092342,-0.255433619,1.24736142,-0.204124153,-0.22941573,-1.06191313,-0.319262236,1.57424927,-0.569651902,-0.347056448,-0.112508789,2.12538028,-0.625543237,-0.112508789,-0.12852402,-0.210680857,-0.086929135,-0.321633756,0.812250614,-0.32634443,-0.258198887,-0.232418686,-0.480384469,-0.269046575,2.24957919,-0.723746836,-0.454572886,-0.581199288,-0.217072383,1.45356131,-1.08075047,-0.323994398,0.321633756,-0.207424134,-0.235391095,-0.625543237,1.87610602,-0.717740536,-0.432369769,-0.411813855,-0.22941573,0.492174804,2.06474161,-1.52752519,-0.351561517,-0.151716515,-0.484322101,0.756114542,-0.422141254,-1.23436594,1.23436594,0.197385505,-0.197385505,0
0.159669921,0.779341578,0.919297576,1.0526886,1.18469083,1.0356108,-0.411813855,-0.617812753,-0.610092342,3.91491127,-0.801692247,-0.204124153,-0.22941573,-1.06191313,-0.319262236,1.57424927,-0.569651902,-0.347056448,-0.112508789,-0.470504045,1.59861052,-0.112508789,-0.12852402,-0.210680857,-0.086929135,-0.321633756,-1.23114717,-0.32634443,-0.258198887,-0.232418686,2.08166599,-0.269046575,-0.444527596,-0.723746836,-0.454572886,1.7205801,-0.217072383,-0.687965453,0.925282896,-0.323994398,0.321633756,-0.207424134,-0.235391095,-0.625543237,1.87610602,-0.717740536,-0.432369769,-0.411813855,4.35889912,-2.0317986,-0.484322101,0.654653668,-0.351561517,-0.151716515,2.06474161,-1.32255089,-0.422141254,0.810132504,-0.810132504,0.197385505,-0.197385505,1
-0.662316322,0.268158257,0.919297576,-0.782062769,-0.0410400964,-0.708575785,-0.411813855,1.61861348,-0.610092342,-0.255433619,-0.801692247,-0.204124153,-0.22941573,0.941696584,-0.319262236,-0.635223389,1.755458,-0.347056448,-0.112508789,-0.470504045,-0.625543237,-0.112508789,-0.12852402,-0.210680857,-0.086929135,-0.321633756,-1.23114717,-0.32634443,-0.258198887,-0.232418686,2.08166599,-0.269046575,-0.444527596,1.38169861,-0.454572886,-0.581199288,-0.217072383,1.45356131,-1.08075047,-0.323994398,0.321633756,-0.207424134,-0.235391095,-0.625543237,1.87610602,-0.717740536,-0.432369769,-0.411813855,-0.22941573,0.492174804,-0.484322101,0.654653668,-0.351561517,-0.151716515,-0.484322101,0.756114542,-0.422141254,0.810132504,-0.810132504,0.197385505,-0.197385505,0
0.913368106,1.29052496,-0.861424148,-0.782062769,-0.391248912,1.0356108,-0.411813855,-0.617812753,-0.610092342,-0.255433619,1.24736142,-0.204124153,-0.22941573,0.941696584,-0.319262236,-0.635223389,-0.569651902,-0.347056448,-0.112508789,-0.470504045,-0.625543237,-0.112508789,-0.12852402,-0.210680857,-0.086929135,3.10912633,-1.23114717,3.06424713,-0.258198887,-0.232418686,-0.480384469,-0.269046575,-0.444527596,-0.723746836,2.19986725,-0.581199288,-0.217072383,-0.687965453,0.925282896,-0.323994398,0.321633756,-0.207424134,-0.235391095,-0.625543237,-0.533018887,1.39326108,-0.432369769,-0.411813855,-0.22941573,0.492174804,-0.484322101,0.654653668,-0.351561517,-0.151716515,-0.484322101,0.756114542,-0.422141254,-1.23436594,1.23436594,0.197385505,-0.197385505,1
-0.464678317,-0.243025079,-0.861424148,-0.782062769,-0.391248912,1.0356108,-0.411813855,-0.617812753,1.63909602,-0.255433619,-0.801692247,-0.204124153,-0.22941573,-1.06191313,-0.319262236,1.57424927,-0.569651902,-0.347056448,-0.112508789,2.12538028,-0.625543237,-0.112508789,-0.12852402,-0.210680857,-0.086929135,-0.321633756,0.812250614,-0.32634443,-0.258198887,-0.232418686,-0.480384469,-0.269046575,2.24957919,-0.723746836,-0.454572886,-0.581199288,-0.217072383,-0.687965453,0.925282896,-0.323994398,0.321633756,-0.207424134,-0.235391095,1.59861052,-0.533018887,-0.717740536,-0.432369769,-0.411813855,-0.22941573,0.492174804,-0.484322101,0.654653668,-0.351561517,-0.151716515,2.06474161,-1.32255089,-0.422141254,0.810132504,-0.810132504,0.197385505,-0.197385505,0
-0.179241329,0.268158257,0.028936727,1.0526886,-1.35432315,-0.708575785,-0.411813855,-0.617812753,1.63909602,-0.255433619,-0.801692247,-0.204124153,-0.22941573,0.941696584,-0.319262236,-0.635223389,1.755458,-0.347056448,-0.112508789,-0.470504045,-0.625543237,-0.112508789,-0.12852402,-0.210680857,-0.086929135,-0.321633756,0.812250614,-0.32634443,-0.258198887,-0.232418686,-0.480384469,-0.269046575,-0.444527596,1.38169861,-0.454572886,-0.581199288,-0.217072383,1.45356131,-1.08075047,-0.323994398,0.321633756,-0.207424134,-0.235391095,-0.625543237,1.87610602,-0.717740536,-0.432369769,-0.411813855,-0.22941573,0.492174804,2.06474161,-1.52752519,-0.351561517,-0.151716515,2.06474161,-1.32255089,-0.422141254,-1.23436594,1.23436594,0.197385505,-0.197385505,0
0.216034696,-0.498616755,-1.75178492,1.0526886,-1.09166658,-0.708575785,-0.411813855,-0.617812753,-0.610092342,-0.255433619,1.24736142,-0.204124153,-0.22941573,0.941696584,-0.319262236,-0.635223389,-0.569651902,2.88137555,-0.112508789,-0.470504045,-0.625543237,-0.112508789,-0.12852402,-0.210680857,-0.086929135,-0.321633756,-1.23114717,3.06424713,-0.258198887,-0.232418686,-0.480384469,-0.269046575,2.24957919,-0.723746836,-0.454572886,-0.581199288,-0.217072383,1.45356131,-1.08075047,-0.323994398,0.321633756,-0.207424134,-0.235391095,-0.625543237,-0.533018887,1.39326108,-0.432369769,-0.411813855,-0.22941573,0.492174804,-0.484322101,0.654653668,-0.351561517,-0.151716515,-0.484322101,0.756114542,-0.422141254,-1.23436594,1.23436594,0.197385505,-0.197385505,1
1.3559761,0.268158257,0.919297576,1.0526886,0.0465121083,-0.708575785,-0.411813855,-0.617812753,1.63909602,-0.255433619,-0.801692247,-0.204124153,-0.22941573,-1.06191313,3.13222146,-0.635223389,-0.569651902,-0.347056448,-0.112508789,-0.470504045,-0.625543237,-0.112508789,-0.12852402,-0.210680857,-0.086929135,3.10912633,-1.23114717,3.06424713,-0.258198887,-0.232418686,-0.480384469,-0.269046575,-0.444527596,-0.723746836,2.19986725,-0.581199288,-0.217072383,-0.687965453,0.925282896,-0.323994398,0.321633756,-0.207424134,-0.235391095,-0.625543237,-0.533018887,1.39326108,-0.432369769,-0.411813855,-0.22941573,0.492174804,2.06474161,-1.52752519,-0.351561517,-0.151716515,-0.484322101,-1.32255089,2.36887527,-1.23436594,1.23436594,0.197385505,-0.197385505,1
0.0613928884,-1.26539171,-1.75178492,1.0526886,0.746929765,-0.708575785,-0.411813855,1.61861348,-0.610092342,-0.255433619,-0.801692247,-0.204124153,-0.22941573,-1.06191313,-0.319262236,1.57424927,-0.569651902,-0.347056448,-0.112508789,2.12538028,-0.625543237,-0.112508789,-0.12852402,-0.210680857,-0.086929135,-0.321633756,0.812250614,-0.32634443,-0.258198887,-0.232418686,-0.480384469,-0.269046575,-0.444527596,1.38169861,-0.454572886,-0.581199288,4.60675812,-0.687965453,-1.08075047,-0.323994398,0.321633756,-0.207424134,-0.235391095,1.59861052,-0.533018887,-0.717740536,-0.432369769,-0.411813855,-0.22941573,0.492174804,2.06474161,-1.52752519,-0.351561517,-0.151716515,-0.484322101,-1.32255089,2.36887527,-1.23436594,1.23436594,0.197385505,-0.197385505,0
-0.728075206,0.268158257,0.919297576,1.0526886,2.14776516,1.0356108,-0.411813855,1.61861348,-0.610092342,-0.255433619,-0.801692247,-0.204124153,-0.22941573,-1.06191313,-0.319262236,1.57424927,1.755458,-0.347056448,-0.112508789,-0.470504045,-0.625543237,-0.112508789,-0.12852402,-0.210680857,-0.086929135,-0.321633756,0.812250614,-0.32634443,-0.258198887,-0.232418686,-0.480384469,-0.269046575,-0.444527596,-0.723746836,-0.454572886,1.7205801,-0.217072383,-0.687965453,0.925282896,-0.323994398,0.321633756,-0.207424134,-0.235391095,-0.625543237,-0.533018887,1.39326108,-0.432369769,-0.411813855,-0.22941573,0.492174804,-0.484322101,0.654653668,-0.351561517,-0.151716515,2.06474161,-1.32255089,-0.422141254,0.810132504,-0.810132504,0.197385505,-0.197385505,0
0.549887598,0.268158257,-0.861424148,1.0526886,-0.9165622,-0.708575785,-0.411813855,-0.617812753,1.63909602,-0.255433619,-0.801692247,-0.204124153,-0.22941573,-1.06191313,-0.319262236,1.57424927,-0.569651902,-0.347056448,-0.112508789,2.12538028,-0.625543237,-0.112508789,-0.12852402,-0.210680857,-0.086929135,-0.321633756,0.812250614,-0.32634443,-0.258198887,-0.232418686,-0.480384469,-0.269046575,2.24957919,-0.723746836,-0.454572886,-0.581199288,-0.217072383,1.45356131,-1.08075047,-0.323994398,0.321633756,-0.207424134,-0.235391095,-0.625543237,-0.533018887,1.39326108,-0.432369769,2.42828155,-0.22941573,-2.0317986,-0.484322101,0.654653668,-0.351561517,-0.151716515,2.06474161,-1.32255089,-0.422141254,0.810132504,-0.810132504,0.197385505,-0.197385505,0
-0.695918381,-1.00980008,0.028936727,1.0526886,1.09713864,1.0356108,2.42828155,1.61861348,-0.610092342,-0.255433619,-0.801692247,-0.204124153,-0.22941573,-1.06191313,-0.319262236,1.57424927,-0.569651902,-0.347056448,-0.112508789,-0.470504045,-0.625543237,-0.112508789,7.7806468,-0.210680857,-0.086929135,-0.321633756,-1.23114717,3.06424713,-0.258198887,-0.232418686,-0.480384469,-0.269046575,-0.444527596,-0.723746836,-0.454572886,1.7205801,-0.217072383,-0.687965453,0.925282896,-0.323994398,-3.10912633,-0.207424134,4.24824905,1.59861052,-0.533018887,-0.717740536,-0.432369769,-0.411813855,-0.22941573,0.492174804,-0.484322101,0.654653668,-0.351561517,-0.151716515,-0.484322101,0.756114542,-0.422141254,0.810132504,-0.810132504,-5.06622791,5.06622791,1
-0.686885595,-1.00980008,-1.75178492,1.0526886,-1.35432315,-0.708575785,-0.411813855,-0.617812753,-0.610092342,-0.255433619,1.24736142,-0.204124153,-0.22941573,0.941696584,-0.319262236,-0.635223389,-0.569651902,-0.347056448,-0.112508789,2.12538028,-0.625543237,-0.112508789,-0.12852402,-0.210680857,-0.086929135,-0.321633756,0.812250614,-0.32634443,-0.258198887,-0.232418686,-0.480384469,-0.269046575,-0.444527596,-0.723746836,-0.454572886,1.7205801,-0.217072383,-0.687965453,0.925282896,-0.323994398,0.321633756,-0.207424134,-0.235391095,-0.625543237,-0.533018887,1.39326108,-0.432369769,-0.411813855,-0.22941573,0.492174804,-0.484322101,0.654653668,-0.351561517,-0.151716515,-0.484322101,0.756114542,-0.422141254,0.810132504,-0.810132504,0.197385505,-0.197385505,1
0.204472691,-0.243025079,0.028936727,-0.782062769,-0.0410400964,1.0356108,-0.411813855,-0.617812753,-0.610092342,-0.255433619,1.24736142,-0.204124153,-0.22941573,-1.06191313,-0.319262236,1.57424927,-0.569651902,-0.347056448,-0.112508789,2.12538028,-0.625543237,-0.112508789,-0.12852402,-0.210680857,-0.086929135,-0.321633756,0.812250614,-0.32634443,-0.258198887,-0.232418686,-0.480384469,-0.269046575,2.24957919,-0.723746836,-0.454572886,-0.581199288,4.60675812,-0.687965453,-1.08075047,-0.323994398,0.321633756,-0.207424134,-0.235391095,-0.625543237,-0.533018887,1.39326108,-0.432369769,-0.411813855,-0.22941573,0.492174804,-0.484322101,0.654653668,-0.351561517,-0.151716515,-0.484322101,-1.32255089,2.36887527,-1.23436594,1.23436594,0.197385505,-0.197385505,1
-0.607396841,0.268158257,0.919297576,0.135312915,0.221616521,-0.708575785,-0.411813855,-0.617812753,-0.610092342,-0.255433619,1.24736142,-0.204124153,-0.22941573,0.941696584,-0.319262236,-0.635223389,-0.569651902,-0.347056448,-0.112508789,-0.470504045,1.59861052,-0.112508789,-0.12852402,-0.210680857,-0.086929135,-0.321633756,0.812250614,-0.32634443,-0.258198887,-0.232418686,-0.480384469,-0.269046575,2.24957919,-0.723746836,-0.454572886,-0.581199288,-0.217072383,1.45356131,-1.08075047,-0.323994398,0.321633756,-0.207424134,-0.235391095,-0.625543237,-0.533018887,1.39326108,-0.432369769,-0.411813855,4.35889912,-2.0317986,-0.484322101,0.654653668,-0.351561517,-0.151716515,-0.484322101,0.756114542,-0.422141254,-1.23436594,1.23436594,0.197385505,-0.197385505,1
1.64358091,2.31289172,0.919297576,1.0526886,0.571825325,-0.708575785,-0.411813855,1.61861348,-0.610092342,-0.255433619,-0.801692247,-0.204124153,-0.22941573,0.941696584,-0.319262236,-0.635223389,1.755458,-0.347056448,-0.112508789,-0.470504045,-0.625543237,-0.112508789,-0.12852402,-0.210680857,-0.086929135,-0.321633756,0.812250614,-0.32634443,-0.258198887,-0.232418686,-0.480384469,-0.269046575,-0.444527596,-0.723746836,-0.454572886,1.7205801,-0.217072383,-0.687965453,0.925282896,-0.323994398,0.321633756,-0.207424134,-0.235391095,-0.625543237,-0.533018887,-0.717740536,2.31283522,2.42828155,-0.22941573,-2.0317986,-0.484322101,-1.52752519,2.84445238,-0.151716515,-0.484322101,-1.32255089,2.36887527,0.810132504,-0.810132504,0.197385505,-0.197385505,0
4.0976162,-1.26539171,-1.75178492,-0.782062769,-1.09166658,-0.708575785,-0.411813855,-0.617812753,1.63909602,-0.255433619,-0.801692247,-0.204124153,-0.22941573,0.941696584,-0.319262236,-0.635223389,1.755458,-0.347056448,-0.112508789,-0.470504045,-0.625543237,-0.112508789,-0.12852402,-0.210680857,-0.086929135,-0.321633756,-1.23114717,-0.32634443,-0.258198887,-0.232418686,2.08166599,3.71682858,-0.444527596,-0.723746836,-0.454572886,-0.581199288,-0.217072383,-0.687965453,0.925282896,-0.323994398,0.321633756,-0.207424134,-0.235391095,-0.625543237,1.87610602,-0.717740536,-0.432369769,-0.411813855,-0.22941573,0.492174804,-0.484322101,0.654653668,-0.351561517,6.59123993,-0.484322101,-1.32255089,-0.422141254,-1.23436594,1.23436594,0.197385505,-0.197385505,0
-0.494667262,-0.498616755,0.919297576,-1.69943845,0.922034204,-0.708575785,-0.411813855,1.61861348,-0.610092342,-0.255433619,-0.801692247,-0.204124153,-0.22941573,0.941696584,-0.319262236,-0.635223389,-0.569651902,-0.347056448,-0.112508789,2.12538028,-0.625543237,-0.112508789,-0.12852402,-0.210680857,-0.086929135,-0.321633756,0.812250614,-0.32634443,-0.258198887,-0.232418686,-0.480384469,-0.269046575,2.24957919,-0.723746836,-0.454572886,-0.581199288,-0.217072383,1.45356131,-1.08075047,-0.323994398,-3.10912633,-0.207424134,4.24824905,-0.625543237,1.87610602,-0.717740536,-0.432369769,-0.411813855,-0.22941573,0.492174804,2.06474161,-1.52752519,-0.351561517,-0.151716515,-0.484322101,0.756114542,-0.422141254,0.810132504,-0.810132504,0.197385505,-0.197385505,1
-0.62726903,-0.498616755,0.919297576,1.0526886,0.746929765,1.0356108,2.42828155,1.61861348,-0.610092342,-0.255433619,-0.801692247,-0.204124153,-0.22941573,-1.06191313,-0.319262236,1.57424927,-0.569651902,-0.347056448,-0.112508789,2.12538028,-0.625543237,-0.112508789,-0.12852402,-0.210680857,-0.086929135,-0.321633756,0.812250614,-0.32634443,-0.258198887,-0.232418686,-0.480384469,-0.269046575,-0.444527596,-0.723746836,-0.454572886,1.7205801,-0.217072383,-0.687965453,0.925282896,-0.323994398,0.321633756,-0.207424134,-0.235391095,-0.625543237,-0.533018887,1.39326108,-0.432369769,-0.411813855,-0.22941573,0.492174804,-0.484322101,0.654653668,-0.351561517,-0.151716515,-0.484322101,0.756114542,-0.422141254,-1.23436594,1.23436594,0.197385505,-0.197385505,1
-0.459981263,-0.243025079,0.919297576,-0.782062769,-0.0410400964,-0.708575785,-0.411813855,-0.617812753,1.63909602,-0.255433619,-0.801692247,-0.204124153,-0.22941573,0.941696584,-0.319262236,-0.635223389,-0.569651902,-0.347056448,-0.112508789,-0.470504045,-0.625543237,-0.112508789,-0.12852402,-0.210680857,-0.086929135,3.10912633,-1.23114717,-0.32634443,-0.258198887,4.30257988,-0.480384469,-0.269046575,-0.444527596,1.38169861,-0.454572886,-0.581199288,-0.217072383,-0.687965453,0.925282896,-0.323994398,0.321633756,-0.207424134,-0.235391095,-0.625543237,1.87610602,-0.717740536,-0.432369769,-0.411813855,-0.22941573,0.492174804,-0.484322101,0.654653668,-0.351561517,-0.151716515,2.06474161,-1.32255089,-0.422141254,-1.23436594,1.23436594,0.197385505,-0.197385505,1
0.135823295,-0.243025079,0.028936727,0.135312915,0.396720946,2.77979732,2.42828155,-0.617812753,1.63909602,-0.255433619,-0.801692247,-0.204124153,-0.22941573,-1.06191313,-0.319262236,1.57424927,-0.569651902,-0.347056448,-0.112508789,-0.470504045,-0.625543237,-0.112508789,-0.12852402,-0.210680857,-0.086929135,3.10912633,0.812250614,-0.32634443,-0.258198887,-0.232418686,-0.480384469,3.71682858,-0.444527596,-0.723746836,-0.454572886,-0.581199288,-0.217072383,-0.687965453,-1.08075047,3.08647299,0.321633756,-0.207424134,-0.235391095,-0.625543237,-0.533018887,1.39326108,-0.432369769,-0.411813855,-0.22941573,0.492174804,-0.484322101,0.654653668,-0.351561517,6.59123993,-0.484322101,-1.32255089,-0.422141254,-1.23436594,1.23436594,0.197385505,-0.197385505,1
1.08932734,1.29052496,0.919297576,1.0526886,-1.09166658,1.0356108,-0.411813855,1.61861348,-0.610092342,-0.255433619,-0.801692247,-0.204124153,-0.22941573,-1.06191313,-0.319262236,1.57424927,-0.569651902,-0.347056448,-0.112508789,2.12538028,-0.625543237,-0.112508789,-0.12852402,-0.210680857,-0.086929135,-0.321633756,0.812250614,-0.32634443,-0.258198887,-0.232418686,-0.480384469,-0.269046575,2.24957919,-0.723746836,-0.454572886,-0.581199288,-0.217072383,1.45356131,-1.08075047,-0.323994398,-3.10912633,4.82103968,-0.235391095,-0.625543237,-0.533018887,-0.717740536,2.31283522,-0.411813855,-0.22941573,0.492174804,2.06474161,-1.52752519,-0.351561517,-0.151716515,2.06474161,-1.32255089,-0.422141254,-1.23436594,1.23436594,0.197385505,-0.197385505,0
1.51567626,1.29052496,0.028936727,-0.782062769,0.134064317,1.0356108,-0.411813855,-0.617812753,-0.610092342,-0.255433619,1.24736142,-0.204124153,-0.22941573,0.941696584,-0.319262236,-0.635223389,-0.569651902,-0.347056448,-0.112508789,-0.470504045,-0.625543237,-0.112508789,-0.12852402,-0.210680857,-0.086929135,3.10912633,-1.23114717,-0.32634443,-0.258198887,-0.232418686,2.08166599,-0.269046575,-0.444527596,-0.723746836,-0.454572886,1.7205801,-0.217072383,-0.687965453,0.925282896,-0.323994398,0.321633756,-0.207424134,-0.235391095,-0.625543237,1.87610602,-0.717740536,-0.432369769,-0.411813855,-0.22941573,0.492174804,-0.484322101,0.654653668,-0.351561517,-0.151716515,-0.484322101,0.756114542,-0.422141254,0.810132504,-0.810132504,0.197385505,-0.197385505,1
1.543136,0.779341578,0.919297576,-1.69943845,1.53489959,-0.708575785,-0.411813855,-0.617812753,-0.610092342,-0.255433619,1.24736142,-0.204124153,4.35889912,-1.06191313,-0.319262236,-0.635223389,-0.569651902,2.88137555,-0.112508789,-0.470504045,-0.625543237,-0.112508789,-0.12852402,-0.210680857,-0.086929135,-0.321633756,-1.23114717,-0.32634443,-0.258198887,-0.232418686,2.08166599,3.71682858,-0.444527596,-0.723746836,-0.454572886,-0.581199288,-0.217072383,1.45356131,-1.08075047,-0.323994398,0.321633756,-0.207424134,-0.235391095,1.59861052,-0.533018887,-0.717740536,-0.432369769,2.42828155,-0.22941573,-2.0317986,-0.484322101,0.654653668,-0.351561517,-0.151716515,-0.484322101,-1.32255089,2.36887527,-1.23436594,1.23436594,0.197385505,-0.197385505,0
-0.72843653,-1.26539171,0.919297576,1.0526886,-0.0410400964,-0.708575785,-0.411813855,1.61861348,-0.610092342,-0.255433619,-0.801692247,-0.204124153,4.35889912,-1.06191313,-0.319262236,-0.635223389,-0.569651902,-0.347056448,-0.112508789,-0.470504045,-0.625543237,-0.112508789,-0.12852402,4.74651575,-0.086929135,-0.321633756,0.812250614,-0.32634443,-0.258198887,-0.232418686,-0.480384469,-0.269046575,-0.444527596,-0.723746836,-0.454572886,1.7205801,-0.217072383,1.45356131,-1.08075047,-0.323994398,0.321633756,-0.207424134,-0.235391095,-0.625543237,-0.533018887,-0.717740536,2.31283522,-0.411813855,-0.22941573,0.492174804,-0.484322101,-1.52752519,2.84445238,-0.151716515,-0.484322101,0.756114542,-0.422141254,0.810132504,-0.810132504,0.197385505,-0.197385505,0
-0.614984393,-0.498616755,0.028936727,0.135312915,2.23531723,1.0356108,-0.411813855,-0.617812753,1.63909602,-0.255433619,-0.801692247,-0.204124153,-0.22941573,-1.06191313,3.13222146,-0.635223389,-0.569651902,-0.347056448,-0.112508789,-0.470504045,-0.625543237,-0.112508789,7.7806468,-0.210680857,-0.086929135,-0.321633756,-1.23114717,-0.32634443,-0.258198887,4.30257988,-0.480384469,-0.269046575,-0.444527596,1.38169861,-0.454572886,-0.581199288,-0.217072383,-0.687965453,-1.08075047,3.08647299,0.321633756,-0.207424134,-0.235391095,-0.625543237,1.87610602,-0.717740536,-0.432369769,-0.411813855,4.35889912,-2.0317986,-0.484322101,0.654653668,-0.351561517,-0.151716515,-0.484322101,0.756114542,-0.422141254,0.810132504,-0.810132504,0.197385505,-0.197385505,0
-0.498280406,0.0125665907,0.028936727,-0.782062769,-0.9165622,1.0356108,-0.411813855,1.61861348,-0.610092342,-0.255433619,-0.801692247,-0.204124153,-0.22941573,0.941696584,-0.319262236,-0.635223389,-0.569651902,-0.347056448,-0.112508789,-0.470504045,1.59861052,-0.112508789,-0.12852402,-0.210680857,-0.086929135,-0.321633756,0.812250614,-0.32634443,-0.258198887,-0.232418686,-0.480384469,-0.269046575,-0.444527596,1.38169861,-0.454572886,-0.581199288,-0.217072383,1.45356131,-1.08075047,-0.323994398,0.321633756,-0.207424134,-0.235391095,1.59861052,-0.533018887,-0.717740536,-0.432369769,-0.411813855,-0.22941573,0.492174804,-0.484322101,0.654653668,-0.351561517,-0.151716515,-0.484322101,0.756114542,-0.422141254,-1.23436594,1.23436594,0.197385505,-0.197385505,0
-0.0549497828,0.268158257,0.919297576,0.135312915,-0.303696722,-0.708575785,-0.411813855,-0.617812753,-0.610092342,-0.255433619,1.24736142,-0.204124153,-0.22941573,0.941696584,-0.319262236,-0.635223389,-0.569651902,-0.347056448,-0.112508789,2.12538028,-0.625543237,-0.112508789,-0.12852402,-0.210680857,-0.086929135,-0.321633756,-1.23114717,-0.32634443,3.87298346,-0.232418686,-0.480384469,-0.269046575,-0.444527596,-0.723746836,-0.454572886,1.7205801,-0.217072383,-0.687965453,0.925282896,-0.323994398,0.321633756,-0.207424134,-0.235391095,-0.625543237,-0.533018887,-0.717740536,2.31283522,-0.411813855,-0.22941573,0.492174804,2.06474161,-1.52752519,-0.351561517,-0.151716515,-0.484322101,0.756114542,-0.422141254,-1.23436594,1.23436594,0.197385505,-0.197385505,1
2.29719543,1.29052496,-1.75178492,-1.69943845,-0.653905571,1.0356108,-0.411813855,-0.617812753,-0.610092342,-0.255433619,1.24736142,-0.204124153,-0.22941573,-1.06191313,3.13222146,-0.635223389,-0.569651902,-0.347056448,-0.112508789,-0.470504045,-0.625543237,-0.112508789,-0.12852402,-0.210680857,-0.086929135,3.10912633,0.812250614,-0.32634443,-0.258198887,-0.232418686,-0.480384469,-0.269046575,2.24957919,-0.723746836,-0.454572886,-0.581199288,4.60675812,-0.687965453,-1.08075047,-0.323994398,0.321633756,-0.207424134,-0.235391095,-0.625543237,-0.533018887,1.39326108,-0.432369769,-0.411813855,-0.22941573,0.492174804,-0.484322101,0.654653668,-0.351561517,-0.151716515,-0.484322101,0.756114542,-0.422141254,0.810132504,-0.810132504,0.197385505,-0.197385505,0
0.829904854,0.268158257,0.919297576,-1.69943845,-0.9165622,-0.708575785,-0.411813855,-0.617812753,-0.610092342,-0.255433619,1.24736142,-0.204124153,-0.22941573,0.941696584,-0.319262236,-0.635223389,-0.569651902,-0.347056448,-0.112508789,2.12538028,-0.625543237,-0.112508789,-0.12852402,-0.210680857,-0.086929135,-0.321633756,-1.23114717,3.06424713,-0.258198887,-0.232418686,-0.480384469,-0.269046575,-0.444527596,1.38169861,-0.454572886,-0.581199288,-0.217072383,-0.687965453,0.925282896,-0.323994398,0.321633756,-0.207424134,-0.235391095,-0.625543237,-0.533018887,1.39326108,-0.432369769,-0.411813855,4.35889912,-2.0317986,-0.484322101,0.654653668,-0.351561517,-0.151716515,-0.484322101,0.756114542,-0.422141254,0.810132504,-0.810132504,0.197385505,-0.197385505,1
1.6865772,1.80170822,-0.861424148,1.0526886,0.834481955,-0.708575785,2.42828155,1.61861348,-0.610092342,-0.255433619,-0.801692247,-0.204124153,-0.22941573,0.941696584,-0.319262236,-0.635223389,-0.569651902,-0.347056448,-0.112508789,2.12538028,-0.625543237,-0.112508789,-0.12852402,-0.210680857,-0.086929135,-0.321633756,0.812250614,-0.32634443,-0.258198887,-0.232418686,-0.480384469,-0.269046575,-0.444527596,-0.723746836,2.19986725,-0.581199288,-0.217072383,-0.687965453,0.925282896,-0.323994398,-3.10912633,-0.207424134,4.24824905,-0.625543237,1.87610602,-0.717740536,-0.432369769,-0.411813855,-0.22941573,0.492174804,-0.484322101,-1.52752519,2.84445238,-0.151716515,-0.484322101,0.756114542,-0.422141254,0.810132504,-0.810132504,0.197385505,-0.197385505,1
-0.0661504716,2.05729985,0.919297576,1.0526886,-1.26677096,-0.708575785,-0.411813855,-0.617812753,1.63909602,-0.255433619,-0.801692247,-0.204124153,-0.22941573,0.941696584,-0.319262236,-0.635223389,-0.569651902,-0.347056448,-0.112508789,-0.470504045,1.59861052,-0.112508789,-0.12852402,-0.210680857,-0.086929135,-0.321633756,-1.23114717,3.06424713,-0.258198887,-0.232418686,-0.480384469,-0.269046575,-0.444527596,1.38169861,-0.454572886,-0.581199288,-0.217072383,-0.687965453,0.925282896,-0.323994398,-3.10912633,-0.207424134,4.24824905,-0.625543237,1.87610602,-0.717740536,-0.432369769,-0.411813855,-0.22941573,0.492174804,2.06474161,-1.52752519,-0.351561517,-0.151716515,-0.484322101,0.756114542,-0.422141254,0.810132504,-0.810132504,0.197385505,-0.197385505,0
-0.696279705,0.268158257,0.919297576,1.0526886,0.134064317,1.0356108,-0.411813855,-0.617812753,-0.610092342,-0.255433619,1.24736142,-0.204124153,-0.22941573,-1.06191313,-0.319262236,1.57424927,1.755458,-0.347056448,-0.112508789,-0.470504045,-0.625543237,-0.112508789,-0.12852402,-0.210680857,-0.086929135,-0.321633756,-1.23114717,-0.32634443,-0.258198887,4.30257988,-0.480384469,-0.269046575,-0.444527596,-0.723746836,-0.454572886,1.7205801,-0.217072383,1.45356131,-1.08075047,-0.323994398,0.321633756,-0.207424134,-0.235391095,1.59861052,-0.533018887,-0.717740536,-0.432369769,-0.411813855,-0.22941573,0.492174804,-0.484322101,0.654653668,-0.351561517,-0.151716515,-0.484322101,0.756114542,-0.422141254,-1.23436594,1.23436594,0.197385505,-0.197385505,1
0.682489336,0.268158257,0.028936727,0.135312915,1.00958633,2.77979732,-0.411813855,-0.617812753,-0.610092342,-0.255433619,1.24736142,-0.204124153,-0.22941573,-1.06191313,-0.319262236,1.57424927,-0.569651902,-0.347056448,-0.112508789,-0.470504045,1.59861052,-0.112508789,-0.12852402,-0.210680857,-0.086929135,-0.321633756,0.812250614,-0.32634443,-0.258198887,-0.232418686,-0.480384469,-0.269046575,2.24957919,-0.723746836,-0.454572886,-0.581199288,-0.217072383,-0.687965453,-1.08075047,3.08647299,0.321633756,-0.207424134,-0.235391095,-0.625543237,-0.533018887,-0.717740536,2.31283522,-0.411813855,-0.22941573,0.492174804,-0.484322101,-1.52752519,2.84445238,-0.151716515,-0.484322101,0.756114542,-0.422141254,-1.23436594,1.23436594,0.197385505,-0.197385505,1
-0.601615787,-1.00980008,0.919297576,-0.782062769,-0.0410400964,-0.708575785,-0.411813855,-0.617812753,1.63909602,-0.255433619,-0.801692247,-0.204124153,-0.22941573,0.941696584,-0.319262236,-0.635223389,1.755458,-0.347056448,-0.112508789,-0.470504045,-0.625543237,-0.112508789,-0.12852402,-0.210680857,-0.086929135,-0.321633756,-1.23114717,-0.32634443,-0.258198887,-0.232418686,2.08166599,-0.269046575,2.24957919,-0.723746836,-0.454572886,-0.581199288,-0.217072383,-0.687965453,0.925282896,-0.323994398,0.321633756,-0.207424134,-0.235391095,1.59861052,-0.533018887,-0.717740536,-0.432369769,-0.411813855,-0.22941573,0.492174804,-0.484322101,0.654653668,-0.351561517,6.59123993,-0.484322101,-1.32255089,-0.422141254,0.810132504,-0.810132504,0.197385505,-0.197385505,1
-0.254033059,-0.498616755,-1.75178492,1.0526886,-1.09166658,-0.708575785,-0.411813855,1.61861348,-0.610092342,-0.255433619,-0.801692247,-0.204124153,-0.22941573,0.941696584,-0.319262236,-0.635223389,1.755458,-0.347056448,-0.112508789,-0.470504045,-0.625543237,-0.112508789,-0.12852402,-0.210680857,-0.086929135,-0.321633756,0.812250614,-0.32634443,-0.258198887,-0.232418686,-0.480384469,3.71682858,-0.444527596,-0.723746836,-0.454572886,-0.581199288,-0.217072383,1.45356131,-1.08075047,-0.323994398,0.321633756,-0.207424134,-0.235391095,-0.625543237,-0.533018887,1.39326108,-0.432369769,-0.411813855,-0.22941573,0.492174804,2.06474161,-1.52752519,-0.351561517,-0.151716515,-0.484322101,0.756114542,-0.422141254,0.810132504,-0.810132504,0.197385505,-0.197385505,1
-0.446251363,-0.498616755,0.919297576,-0.782062769,-0.0410400964,-0.708575785,-0.411813855,-0.617812753,-0.610092342,-0.255433619,1.24736142,-0.204124153,-0.22941573,0.941696584,-0.319262236,-0.635223389,-0.569651902,-0.347056448,-0.112508789,-0.470504045,1.59861052,-0.112508789,-0.12852402,-0.210680857,-0.086929135,-0.321633756,-1.23114717,-0.32634443,-0.258198887,-0.232418686,2.08166599,-0.269046575,-0.444527596,-0.723746836,-0.454572886,1.7205801,-0.217072383,-0.687965453,0.925282896,-0.323994398,0.321633756,-0.207424134,-0.235391095,-0.625543237,-0.533018887,1.39326108,-0.432369769,-0.411813855,-0.22941573,0.492174804,-0.484322101,0.654653668,-0.351561517,-0.151716515,-0.484322101,0.756114542,-0.422141254,0.810132504,-0.810132504,0.197385505,-0.197385505,1
-0.114927679,0.268158257,-0.861424148,-1.69943845,-0.566353321,-0.708575785,-0.411813855,-0.617812753,1.63909602,-0.255433619,-0.801692247,-0.204124153,-0.22941573,0.941696584,-0.319262236,-0.635223389,-0.569651902,-0.347056448,-0.112508789,-0.470504045,1.59861052,-0.112508789,-0.12852402,-0.210680857,-0.086929135,-0.321633756,-1.23114717,3.06424713,-0.258198887,-0.232418686,-0.480384469,-0.269046575,2.24957919,-0.723746836,-0.454572886,-0.581199288,-0.217072383,-0.687965453,0.925282896,-0.323994398,0.321633756,-0.207424134,-0.235391095,-0.625543237,-0.533018887,1.39326108,-0.432369769,-0.411813855,-0.22941573,0.492174804,-0.484322101,0.654653668,-0.351561517,-0.151716515,-0.484322101,0.756114542,-0.422141254,0.810132504,-0.810132504,0.197385505,-0.197385505,1
-0.528991997,-1.26539171,-0.861424148,1.0526886,0.834481955,-0.708575785,2.42828155,-0.617812753,-0.610092342,-0.255433619,1.24736142,-0.204124153,4.35889912,-1.06191313,-0.319262236,-0.635223389,-0.569651902,-0.347056448,-0.112508789,-0.470504045,1.59861052,-0.112508789,-0.12852402,-0.210680857,-0.086929135,-0.321633756,-1.23114717,-0.32634443,3.87298346,-0.232418686,-0.480384469,-0.269046575,-0.444527596,-0.723746836,-0.454572886,1.7205801,-0.217072383,-0.687965453,0.925282896,-0.323994398,0.321633756,-0.207424134,-0.235391095,-0.625543237,1.87610602,-0.717740536,-0.432369769,2.42828155,-0.22941573,-2.0317986,-0.484322101,0.654653668,-0.351561517,-0.151716515,2.06474161,-1.32255089,-0.422141254,0.810132504,-0.810132504,0.197385505,-0.197385505,1
-0.465762258,0.268158257,-0.861424148,-0.782062769,-0.82900995,-0.708575785,-0.411813855,-0.617812753,-0.610092342,3.91491127,-0.801692247,-0.204124153,-0.22941573,0.941696584,-0.319262236,-0.635223389,-0.569651902,-0.347056448,-0.112508789,2.12538028,-0.625543237,-0.112508789,-0.12852402,-0.210680857,-0.086929135,-0.321633756,0.812250614,-0.32634443,-0.258198887,-0.232418686,-0.480384469,-0.269046575,-0.444527596,1.38169861,-0.454572886,-0.581199288,-0.217072383,-0.687965453,0.925282896,-0.323994398,0.321633756,-0.207424134,-0.235391095,1.59861052,-0.533018887,-0.717740536,-0.432369769,-0.411813855,-0.22941573,0.492174804,-0.484322101,0.654653668,-0.351561517,-0.151716515,-0.484322101,0.756114542,-0.422141254,0.810132504,-0.810132504,0.197385505,-0.197385505,1
1.13702059,-0.243025079,-0.861424148,-1.69943845,0.484273136,-0.708575785,-0.411813855,-0.617812753,1.63909602,-0.255433619,-0.801692247,-0.204124153,-0.22941573,-1.06191313,-0.319262236,1.57424927,-0.569651902,-0.347056448,-0.112508789,2.12538028,-0.625543237,-0.112508789,-0.12852402,-0.210680857,-0.086929135,-0.321633756,0.812250614,-0.32634443,-0.258198887,-0.232418686,-0.480384469,-0.269046575,-0.444527596,-0.723746836,-0.454572886,1.7205801,-0.217072383,-0.687965453,0.925282896,-0.323994398,0.321633756,-0.207424134,-0.235391095,-0.625543237,-0.533018887,-0.717740536,2.31283522,-0.411813855,-0.22941573,0.492174804,-0.484322101,0.654653668,-0.351561517,-0.151716515,-0.484322101,0.756114542,-0.422141254,-1.23436594,1.23436594,0.197385505,-0.197385505,1
-0.403977782,-0.754208446,-0.861424148,0.135312915,1.18469083,-0.708575785,2.42828155,-0.617812753,-0.610092342,-0.255433619,1.24736142,-0.204124153,-0.22941573,-1.06191313,-0.319262236,1.57424927,-0.569651902,-0.347056448,-0.112508789,-0.470504045,-0.625543237,-0.112508789,-0.12852402,4.74651575,-0.086929135,-0.321633756,0.812250614,-0.32634443,-0.258198887,-0.232418686,-0.480384469,-0.269046575,-0.444527596,-0.723746836,2.19986725,-0.581199288,-0.217072383,-0.687965453,0.925282896,-0.323994398,0.321633756,-0.207424134,-0.235391095,1.59861052,-0.533018887,-0.717740536,-0.432369769,-0.411813855,-0.22941573,0.492174804,-0.484322101,0.654653668,-0.351561517,-0.151716515,2.06474161,-1.32255089,-0.422141254,0.810132504,-0.810132504,0.197385505,-0.197385505,1
-0.8707937,-0.754208446,0.919297576,1.0526886,0.221616521,-0.708575785,-0.411813855,-0.617812753,-0.610092342,-0.255433619,1.24736142,-0.204124153,-0.22941573,0.941696584,-0.319262236,-0.635223389,-0.569651902,-0.347056448,-0.112508789,-0.470504045,1.59861052,-0.112508789,-0.12852402,-0.210680857,-0.086929135,-0.321633756,0.812250614,-0.32634443,-0.258198887,-0.232418686,-0.480384469,-0.269046575,-0.444527596,-0.723746836,-0.454572886,1.7205801,-0.217072383,-0.687965453,0.925282896,-0.323994398,0.321633756,-0.207424134,-0.235391095,-0.625543237,-0.533018887,1.39326108,-0.432369769,-0.411813855,-0.22941573,0.492174804,-0.484322101,0.654653668,-0.351561517,-0.151716515,-0.484322101,0.756114542,-0.422141254,0.810132504,-0.810132504,0.197385505,-0.197385505,1
0.935769498,0.268158257,0.919297576,-0.782062769,-0.74145776,1.0356108,-0.411813855,-0.617812753,-0.610092342,-0.255433619,1.24736142,-0.204124153,-0.22941573,-1.06191313,-0.319262236,1.57424927,-0.569651902,2.88137555,-0.112508789,-0.470504045,-0.625543237,-0.112508789,-0.12852402,-0.210680857,-0.086929135,-0.321633756,-1.23114717,-0.32634443,-0.258198887,4.30257988,-0.480384469,-0.269046575,-0.444527596,1.38169861,-0.454572886,-0.581199288,-0.217072383,-0.687965453,0.925282896,-0.323994398,0.321633756,-0.207424134,-0.235391095,1.59861052,-0.533018887,-0.717740536,-0.432369769,-0.411813855,-0.22941573,0.492174804,-0.484322101,0.654653668,-0.351561517,-0.151716515,-0.484322101,0.756114542,-0.422141254,0.810132504,-0.810132504,0.197385505,-0.197385505,1
0.115951099,1.29052496,0.919297576,1.0526886,0.134064317,1.0356108,-0.411813855,-0.617812753,-0.610092342,-0.255433619,1.24736142,-0.204124153,-0.22941573,-1.06191313,-0.319262236,1.57424927,1.755458,-0.347056448,-0.112508789,-0.470504045,-0.625543237,-0.112508789,-0.12852402,-0.210680857,-0.086929135,-0.321633756,0.812250614,-0.32634443,-0.258198887,-0.232418686,-0.480384469,-0.269046575,-0.444527596,-0.723746836,2.19986725,-0.581199288,-0.217072383,-0.687965453,0.925282896,-0.323994398,0.321633756,-0.207424134,-0.235391095,-0.625543237,-0.533018887,1.39326108,-0.432369769,-0.411813855,-0.22941573,0.492174804,-0.484322101,0.654653668,-0.351561517,-0.151716515,-0.484322101,0.756114542,-0.422141254,-1.23436594,1.23436594,0.197385505,-0.197385505,1
0.0465790704,-0.498616755,0.919297576,-0.782062769,-0.653905571,-0.708575785,-0.411813855,-0.617812753,-0.610092342,-0.255433619,1.24736142,-0.204124153,-0.22941573,-1.06191313,-0.319262236,1.57424927,-0.569651902,-0.347056448,-0.112508789,2.12538028,-0.625543237,-0.112508789,-0.12852402,-0.210680857,-0.086929135,-0.321633756,0.812250614,-0.32634443,-0.258198887,-0.232418686,-0.480384469,-0.269046575,-0.444527596,1.38169861,-0.454572886,-0.581199288,-0.217072383,-0.687965453,0.925282896,-0.323994398,0.321633756,-0.207424134,-0.235391095,-0.625543237,-0.533018887,-0.717740536,2.31283522,-0.411813855,-0.22941573,0.492174804,-0.484322101,-1.52752519,2.84445238,-0.151716515,-0.484322101,0.756114542,-0.422141254,-1.23436594,1.23436594,0.197385505,-0.197385505,1
-0.880910456,-0.754208446,0.919297576,-0.782062769,-0.653905571,-0.708575785,-0.411813855,-0.617812753,-0.610092342,-0.255433619,1.24736142,-0.204124153,-0.22941573,0.941696584,-0.319262236,-0.635223389,-0.569651902,-0.347056448,-0.112508789,-0.470504045,1.59861052,-0.112508789,-0.12852402,-0.210680857,-0.086929135,-0.321633756,0.812250614,-0.32634443,-0.258198887,-0.232418686,-0.480384469,-0.269046575,-0.444527596,1.38169861,-0.454572886,-0.581199288,-0.217072383,-0.687965453,-1.08075047,3.08647299,0.321633756,-0.207424134,-0.235391095,1.59861052,-0.533018887,-0.717740536,-0.432369769,-0.411813855,-0.22941573,0.492174804,-0.484322101,0.654653668,-0.351561517,-0.151716515,-0.484322101,0.756114542,-0.422141254,0.810132504,-0.810132504,0.197385505,-0.197385505,1
-0.563316643,-0.754208446,-0.861424148,1.0526886,2.41042161,1.0356108,-0.411813855,-0.617812753,-0.610092342,-0.255433619,1.24736142,-0.204124153,-0.22941573,-1.06191313,-0.319262236,1.57424927,-0.569651902,-0.347056448,-0.112508789,-0.470504045,1.59861052,-0.112508789,-0.12852402,-0.210680857,-0.086929135,-0.321633756,0.812250614,-0.32634443,-0.258198887,-0.232418686,-0.480384469,-0.269046575,-0.444527596,-0.723746836,-0.454572886,1.7205801,-0.217072383,-0.687965453,0.925282896,-0.323994398,0.321633756,-0.207424134,-0.235391095,1.59861052,-0.533018887,-0.717740536,-0.432369769,-0.411813855,-0.22941573,0.492174804,-0.484322101,0.654653668,-0.351561517,-0.151716515,2.06474161,-1.32255089,-0.422141254,-1.23436594,1.23436594,0.197385505,-0.197385505,1
0.989966393,1.80170822,-0.861424148,-1.69943845,0.484273136,1.0356108,-0.411813855,-0.617812753,1.63909602,-0.255433619,-0.801692247,-0.204124153,-0.22941573,-1.06191313,-0.319262236,1.57424927,-0.569651902,-0.347056448,-0.112508789,-0.470504045,-0.625543237,-0.112508789,-0.12852402,-0.210680857,-0.086929135,3.10912633,0.812250614,-0.32634443,-0.258198887,-0.232418686,-0.480384469,-0.269046575,-0.444527596,-0.723746836,2.19986725,-0.581199288,-0.217072383,1.45356131,-1.08075047,-0.323994398,0.321633756,-0.207424134,-0.235391095,1.59861052,-0.533018887,-0.717740536,-0.432369769,2.42828155,-0.22941573,-2.0317986,-0.484322101,0.654653668,-0.351561517,-0.151716515,2.06474161,-1.32255089,-0.422141254,0.810132504,-0.810132504,0.197385505,-0.197385505,1
-0.390970528,-0.924602866,-0.861424148,0.135312915,-0.74145776,1.0356108,-0.411813855,1.61861348,-0.610092342,-0.255433619,-0.801692247,-0.204124153,-0.22941573,-1.06191313,-0.319262236,1.57424927,-0.569651902,-0.347056448,-0.112508789,2.12538028,-0.625543237,-0.112508789,-0.12852402,-0.210680857,-0.086929135,-0.321633756,-1.23114717,-0.32634443,-0.258198887,-0.232418686,2.08166599,-0.269046575,2.24957919,-0.723746836,-0.454572886,-0.581199288,-0.217072383,1.45356131,-1.08075047,-0.323994398,-3.10912633,4.82103968,-0.235391095,1.59861052,-0.533018887,-0.717740536,-0.432369769,-0.411813855,-0.22941573,0.492174804,2.06474161,-1.52752519,-0.351561517,-0.151716515,-0.484322101,0.756114542,-0.422141254,0.810132504,-0.810132504,-5.06622791,5.06622791,1
1.11064482,3.33525825,0.919297576,1.0526886,0.571825325,-0.708575785,-0.411813855,-0.617812753,1.63909602,-0.255433619,-0.801692247,-0.204124153,-0.22941573,0.941696584,-0.319262236,-0.635223389,-0.569651902,-0.347056448,-0.112508789,-0.470504045,-0.625543237,-0.112508789,-0.12852402,4.74651575,-0.086929135,-0.321633756,0.812250614,-0.32634443,-0.258198887,-0.232418686,-0.480384469,-0.269046575,-0.444527596,1.38169861,-0.454572886,-0.581199288,-0.217072383,-0.687965453,0.925282896,-0.323994398,0.321633756,-0.207424134,-0.235391095,-0.625543237,-0.533018887,-0.717740536,2.31283522,-0.411813855,-0.22941573,0.492174804,-0.484322101,-1.52752519,2.84445238,-0.151716515,-0.484322101,0.756114542,-0.422141254,0.810132504,-0.810132504,0.197385505,-0.197385505,0
-0.323405087,0.0125665907,-0.861424148,-1.69943845,-0.216144517,-0.708575785,-0.411813855,-0.617812753,-0.610092342,3.91491127,-0.801692247,-0.204124153,-0.22941573,-1.06191313,-0.319262236,1.57424927,-0.569651902,-0.347056448,-0.112508789,-0.470504045,-0.625543237,-0.112508789,-0.12852402,4.74651575,-0.086929135,-0.321633756,0.812250614,-0.32634443,-0.258198887,-0.232418686,-0.480384469,-0.269046575,2.24957919,-0.723746836,-0.454572886,-0.581199288,4.60675812,-0.687965453,-1.08075047,-0.323994398,0.321633756,-0.207424134,-0.235391095,-0.625543237,-0.533018887,1.39326108,-0.432369769,-0.411813855,-0.22941573,0.492174804,2.06474161,-1.52752519,-0.351561517,-0.151716515,-0.484322101,0.756114542,-0.422141254,0.810132504,-0.810132504,0.197385505,-0.197385505,0
-1.01965451,-0.498616755,0.919297576,1.0526886,-1.09166658,-0.708575785,-0.411813855,-0.617812753,-0.610092342,3.91491127,-0.801692247,-0.204124153,-0.22941573,0.941696584,-0.319262236,-0.635223389,-0.569651902,-0.347056448,-0.112508789,-0.470504045,-0.625543237,-0.112508789,-0.12852402,4.74651575,-0.086929135,-0.321633756,0.812250614,-0.32634443,-0.258198887,-0.232418686,-0.480384469,-0.269046575,2.24957919,-0.723746836,-0.454572886,-0.581199288,-0.217072383,1.45356131,-1.08075047,-0.323994398,0.321633756,-0.207424134,-0.235391095,-0.625543237,1.87610602,-0.717740536,-0.432369769,-0.411813855,-0.22941573,0.492174804,2.06474161,-1.52752519,-0.351561517,-0.151716515,-0.484322101,0.756114542,-0.422141254,-1.23436594,1.23436594,0.197385505,-0.197385505,1
1.94166386,1.54611659,0.919297576,-0.782062769,0.834481955,-0.708575785,-0.411813855,-0.617812753,-0.610092342,-0.255433619,1.24736142,-0.204124153,-0.22941573,0.941696584,-0.319262236,-0.635223389,-0.569651902,2.88137555,-0.112508789,-0.470504045,-0.625543237,-0.112508789,-0.12852402,-0.210680857,-0.086929135,-0.321633756,-1.23114717,3.06424713,-0.258198887,-0.232418686,-0.480384469,-0.269046575,-0.444527596,-0.723746836,-0.454572886,1.7205801,-0.217072383,-0.687965453,0.925282896,-0.323994398,0.321633756,-0.207424134,-0.235391095,-0.625543237,-0.533018887,1.39326108,-0.432369769,-0.411813855,-0.22941573,0.492174804,-0.484322101,0.654653668,-0.351561517,-0.151716515,-0.484322101,-1.32255089,2.36887527,-1.23436594,1.23436594,0.197385505,-0.197385505,1
-0.190442026,-0.498616755,-0.861424148,1.0526886,-0.82900995,-0.708575785,-0.411813855,-0.617812753,-0.610092342,3.91491127,-0.801692247,-0.204124153,-0.22941573,0.941696584,-0.319262236,-0.635223389,-0.569651902,-0.347056448,-0.112508789,-0.470504045,-0.625543237,-0.112508789,-0.12852402,-0.210680857,-0.086929135,3.10912633,0.812250614,-0.32634443,-0.258198887,-0.232418686,-0.480384469,-0.269046575,-0.444527596,-0.723746836,2.19986725,-0.581199288,-0.217072383,-0.687965453,0.925282896,-0.323994398,0.321633756,-0.207424134,-0.235391095,-0.625543237,1.87610602,-0.717740536,-0.432369769,-0.411813855,-0.22941573,0.492174804,2.06474161,-1.52752519,-0.351561517,-0.151716515,-0.484322101,0.756114542,-0.422141254,-1.23436594,1.23436594,0.197385505,-0.197385505,1
-0.132270694,-0.924602866,-1.75178492,-0.782062769,-0.303696722,-0.708575785,2.42828155,-0.617812753,-0.610092342,-0.255433619,1.24736142,-0.204124153,-0.22941573,0.941696584,-0.319262236,-0.635223389,-0.569651902,2.88137555,-0.112508789,-0.470504045,-0.625543237,-0.112508789,-0.12852402,-0.210680857,-0.086929135,-0.321633756,-1.23114717,3.06424713,-0.258198887,-0.232418686,-0.480384469,-0.269046575,-0.444527596,1.38169861,-0.454572886,-0.581199288,-0.217072383,-0.687965453,0.925282896,-0.323994398,-3.10912633,4.82103968,-0.235391095,1.59861052,-0.533018887,-0.717740536,-0.432369769,-0.411813855,-0.22941573,0.492174804,-0.484322101,0.654653668,-0.351561517,-0.151716515,-0.484322101,0.756114542,-0.422141254,0.810132504,-0.810132504,0.197385505,-0.197385505,1
-0.680381954,-0.754208446,-0.861424148,-1.69943845,-1.17921877,-0.708575785,-0.411813855,-0.617812753,1.63909602,-0.255433619,-0.801692247,-0.204124153,-0.22941573,0.941696584,-0.319262236,-0.635223389,-0.569651902,-0.347056448,-0.112508789,-0.470504045,1.59861052,-0.112508789,-0.12852402,-0.210680857,-0.086929135,-0.321633756,0.812250614,-0.32634443,-0.258198887,-0.232418686,-0.480384469,-0.269046575,2.24957919,-0.723746836,-0.454572886,-0.581199288,-0.217072383,-0.687965453,0.925282896,-0.323994398,0.321633756,-0.207424134,-0.235391095,-0.625543237,-0.533018887,1.39326108,-0.432369769,-0.411813855,4.35889912,-2.0317986,-0.484322101,0.654653668,-0.351561517,-0.151716515,-0.484322101,0.756114542,-0.422141254,0.810132504,-0.810132504,0.197385505,-0.197385505,0
1.36753809,2.31289172,-1.75178492,-1.69943845,-0.128592297,1.0356108,-0.411813855,1.61861348,-0.610092342,-0.255433619,-0.801692247,-0.204124153,-0.22941573,0.941696584,-0.319262236,-0.635223389,-0.569651902,-0.347056448,-0.112508789,-0.470504045,1.59861052,-0.112508789,-0.12852402,-0.210680857,-0.086929135,-0.321633756,0.812250614,-0.32634443,-0.258198887,-0.232418686,-0.480384469,-0.269046575,-0.444527596,-0.723746836,2.19986725,-0.581199288,-0.217072383,-0.687965453,-1.08075047,3.08647299,-3.10912633,-0.207424134,4.24824905,1.59861052,-0.533018887,-0.717740536,-0.432369769,-0.411813855,-0.22941573,0.492174804,-0.484322101,0.654653668,-0.351561517,-0.151716515,-0.484322101,0.756114542,-0.422141254,-1.23436594,1.23436594,0.197385505,-0.197385505,0
-0.898614824,-0.924602866,0.919297576,1.0526886,0.922034204,-0.708575785,-0.411813855,-0.617812753,-0.610092342,-0.255433619,1.24736142,-0.204124153,-0.22941573,0.941696584,-0.319262236,-0.635223389,-0.569651902,-0.347056448,-0.112508789,-0.470504045,-0.625543237,-0.112508789,-0.12852402,4.74651575,-0.086929135,-0.321633756,-1.23114717,-0.32634443,3.87298346,-0.232418686,-0.480384469,-0.269046575,-0.444527596,-0.723746836,-0.454572886,1.7205801,-0.217072383,-0.687965453,0.925282896,-0.323994398,0.321633756,-0.207424134,-0.235391095,-0.625543237,-0.533018887,-0.717740536,2.31283522,-0.411813855,-0.22941573,0.492174804,-0.484322101,-1.52752519,2.84445238,-0.151716515,-0.484322101,0.756114542,-0.422141254,-1.23436594,1.23436594,0.197385505,-0.197385505,1
-0.614261746,-0.498616755,0.919297576,-0.782062769,-1.17921877,-0.708575785,-0.411813855,-0.617812753,1.63909602,-0.255433619,-0.801692247,-0.204124153,-0.22941573,0.941696584,-0.319262236,-0.635223389,-0.569651902,-0.347056448,-0.112508789,-0.470504045,-0.625543237,-0.112508789,7.7806468,-0.210680857,-0.086929135,-0.321633756,-1.23114717,3.06424713,-0.258198887,-0.232418686,-0.480384469,-0.269046575,-0.444527596,1.38169861,-0.454572886,-0.581199288,-0.217072383,-0.687965453,0.925282896,-0.323994398,-3.10912633,-0.207424134,4.24824905,1.59861052,-0.533018887,-0.717740536,-0.432369769,-0.411813855,-0.22941573,0.492174804,-0.484322101,0.654653668,-0.351561517,-0.151716515,-0.484322101,0.756114542,-0.422141254,0.810132504,-0.810132504,0.197385505,-0.197385505,1
-0.0560337193,-0.754208446,-0.861424148,1.0526886,2.23531723,-0.708575785,-0.411813855,-0.617812753,-0.610092342,-0.255433619,1.24736142,-0.204124153,-0.22941573,0.941696584,-0.319262236,-0.635223389,-0.569651902,-0.347056448,-0.112508789,-0.470504045,1.59861052,-0.112508789,-0.12852402,-0.210680857,-0.086929135,-0.321633756,-1.23114717,-0.32634443,-0.258198887,4.30257988,-0.480384469,-0.269046575,-0.444527596,-0.723746836,2.19986725,-0.581199288,4.60675812,-0.687965453,-1.08075047,-0.323994398,0.321633756,-0.207424134,-0.235391095,1.59861052,-0.533018887,-0.717740536,-0.432369769,-0.411813855,-0.22941573,0.492174804,-0.484322101,0.654653668,-0.351561517,-0.151716515,2.06474161,-1.32255089,-0.422141254,0.810132504,-0.810132504,0.197385505,-0.197385505,1
-0.0325483978,-0.754208446,-1.75178492,0.135312915,1.18469083,1.0356108,2.42828155,-0.617812753,1.63909602,-0.255433619,-0.801692247,-0.204124153,-0.22941573,-1.06191313,-0.319262236,1.57424927,1.755458,-0.347056448,-0.112508789,-0.470504045,-0.625543237,-0.112508789,-0.12852402,-0.210680857,-0.086929135,-0.321633756,0.812250614,-0.32634443,-0.258198887,-0.232418686,-0.480384469,-0.269046575,2.24957919,-0.723746836,-0.454572886,-0.581199288,-0.217072383,-0.687965453,0.925282896,-0.323994398,0.321633756,-0.207424134,-0.235391095,1.59861052,-0.533018887,-0.717740536,-0.432369769,2.42828155,-0.22941573,-2.0317986,-0.484322101,0.654653668,-0.351561517,-0.151716515,2.06474161,-1.32255089,-0.422141254,0.810132504,-0.810132504,0.197385505,-0.197385505,1
1.17568111,-0.754208446,-0.861424148,-1.69943845,1.4473474,-0.708575785,-0.411813855,-0.617812753,1.63909602,-0.255433619,-0.801692247,-0.204124153,-0.22941573,0.941696584,-0.319262236,-0.635223389,-0.569651902,-0.347056448,-0.112508789,-0.470504045,1.59861052,-0.112508789,-0.12852402,-0.210680857,-0.086929135,-0.321633756,-1.23114717,-0.32634443,-0.258198887,-0.232418686,2.08166599,3.71682858,-0.444527596,-0.723746836,-0.454572886,-0.581199288,-0.217072383,-0.687965453,0.925282896,-0.323994398,0.321633756,-0.207424134,-0.235391095,-0.625543237,-0.533018887,-0.717740536,2.31283522,-0.411813855,-0.22941573,0.492174804,-0.484322101,0.654653668,-0.351561517,-0.151716515,-0.484322101,-1.32255089,2.36887527,-1.23436594,1.23436594,0.197385505,-0.197385505,0
-0.10264305,-0.754208446,-0.861424148,-1.69943845,-0.74145776,-0.708575785,-0.411813855,-0.617812753,1.63909602,-0.255433619,-0.801692247,-0.204124153,-0.22941573,0.941696584,-0.319262236,-0.635223389,-0.569651902,-0.347056448,-0.112508789,-0.470504045,1.59861052,-0.112508789,-0.12852402,-0.210680857,-0.086929135,-0.321633756,0.812250614,-0.32634443,-0.258198887,-0.232418686,-0.480384469,-0.269046575,-0.444527596,-0.723746836,2.19986725,-0.581199288,-0.217072383,1.45356131,-1.08075047,-0.323994398,0.321633756,-0.207424134,-0.235391095,1.59861052,-0.533018887,-0.717740536,-0.432369769,-0.411813855,-0.22941573,0.492174804,-0.484322101,0.654653668,-0.351561517,-0.151716515,-0.484322101,0.756114542,-0.422141254,0.810132504,-0.810132504,0.197385505,-0.197385505,1
0.762339413,-0.498616755,-1.75178492,1.0526886,-0.0410400964,-0.708575785,-0.411813855,-0.617812753,-0.610092342,-0.255433619,1.24736142,-0.204124153,-0.22941573,0.941696584,-0.319262236,-0.635223389,1.755458,-0.347056448,-0.112508789,-0.470504045,-0.625543237,-0.112508789,-0.12852402,-0.210680857,-0.086929135,-0.321633756,-1.23114717,-0.32634443,3.87298346,-0.232418686,-0.480384469,-0.269046575,-0.444527596,-0.723746836,-0.454572886,1.7205801,-0.217072383,1.45356131,-1.08075047,-0.323994398,0.321633756,-0.207424134,-0.235391095,-0.625543237,-0.533018887,-0.717740536,2.31283522,-0.411813855,-0.22941573,0.492174804,-0.484322101,-1.52752519,2.84445238,-0.151716515,-0.484322101,0.756114542,-0.422141254,0.810132504,-0.810132504,0.197385505,-0.197385505,1
-0.466846198,-0.754208446,0.919297576,-0.782062769,0.134064317,-0.708575785,-0.411813855,-0.617812753,1.63909602,-0.255433619,-0.801692247,-0.204124153,-0.22941573,0.941696584,-0.319262236,-0.635223389,-0.569651902,-0.347056448,-0.112508789,2.12538028,-0.625543237,-0.112508789,-0.12852402,-0.210680857,-0.086929135,-0.321633756,0.812250614,-0.32634443,-0.258198887,-0.232418686,-0.480384469,-0.269046575,-0.444527596,1.38169861,-0.454572886,-0.581199288,-0.217072383,-0.687965453,0.925282896,-0.323994398,0.321633756,-0.207424134,-0.235391095,-0.625543237,1.87610602,-0.717740536,-0.432369769,-0.411813855,-0.22941573,0.492174804,-0.484322101,0.654653668,-0.351561517,-0.151716515,2.06474161,-1.32255089,-0.422141254,0.810132504,-0.810132504,0.197385505,-0.197385505,0
-0.324850321,-0.924602866,0.028936727,1.0526886,1.4473474,-0.708575785,-0.411813855,1.61861348,-0.610092342,-0.255433619,-0.801692247,-0.204124153,-0.22941573,0.941696584,-0.319262236,-0.635223389,-0.569651902,-0.347056448,-0.112508789,-0.470504045,1.59861052,-0.112508789,-0.12852402,-0.210680857,-0.086929135,-0.321633756,0.812250614,-0.32634443,-0.258198887,-0.232418686,-0.480384469,-0.269046575,-0.444527596,-0.723746836,-0.454572886,1.7205801,-0.217072383,-0.687965453,0.925282896,-0.323994398,0.321633756,-0.207424134,-0.235391095,1.59861052,-0.533018887,-0.717740536,-0.432369769,-0.411813855,-0.22941573,0.492174804,-0.484322101,0.654653668,-0.351561517,-0.151716515,2.06474161,-1.32255089,-0.422141254,0.810132504,-0.810132504,0.197385505,-0.197385505,1
-0.62726903,-1.00980008,0.919297576,-0.782062769,-1.17921877,-0.708575785,-0.411813855,-0.617812753,-0.610092342,-0.255433619,1.24736142,-0.204124153,-0.22941573,0.941696584,-0.319262236,-0.635223389,-0.569651902,-0.347056448,-0.112508789,-0.470504045,1.59861052,-0.112508789,-0.12852402,-0.210680857,-0.086929135,-0.321633756,0.812250614,-0.32634443,-0.258198887,-0.232418686,-0.480384469,-0.269046575,-0.444527596,-0.723746836,2.19986725,-0.581199288,-0.217072383,-0.687965453,0.925282896,-0.323994398,0.321633756,-0.207424134,-0.235391095,-0.625543237,-0.533018887,1.39326108,-0.432369769,-0.411813855,-0.22941573,0.492174804,-0.484322101,0.654653668,-0.351561517,-0.151716515,-0.484322101,0.756114542,-0.422141254,0.810132504,-0.810132504,0.197385505,-0.197385505,0
-0.47551769,-1.26539171,-1.75178492,-0.782062769,-0.128592297,1.0356108,2.42828155,-0.617812753,-0.610092342,-0.255433619,1.24736142,-0.204124153,-0.22941573,-1.06191313,-0.319262236,1.57424927,-0.569651902,-0.347056448,-0.112508789,-0.470504045,1.59861052,-0.112508789,-0.12852402,-0.210680857,-0.086929135,-0.321633756,-1.23114717,-0.32634443,-0.258198887,-0.232418686,2.08166599,-0.269046575,-0.444527596,1.38169861,-0.454572886,-0.581199288,-0.217072383,-0.687965453,0.925282896,-0.323994398,0.321633756,-0.207424134,-0.235391095,1.59861052,-0.533018887,-0.717740536,-0.432369769,-0.411813855,-0.22941573,0.492174804,-0.484322101,0.654653668,-0.351561517,-0.151716515,2.06474161,-1.32255089,-0.422141254,0.810132504,-0.810132504,0.197385505,-0.197385505,1
2.6769352,0.779341578,0.028936727,1.0526886,0.221616521,2.77979732,2.42828155,1.61861348,-0.610092342,-0.255433619,-0.801692247,-0.204124153,-0.22941573,-1.06191313,-0.319262236,1.57424927,-0.569651902,2.88137555,-0.112508789,-0.470504045,-0.625543237,-0.112508789,-0.12852402,-0.210680857,-0.086929135,-0.321633756,0.812250614,-0.32634443,-0.258198887,-0.232418686,-0.480384469,-0.269046575,-0.444527596,-0.723746836,-0.454572886,1.7205801,-0.217072383,-0.687965453,0.925282896,-0.323994398,0.321633756,-0.207424134,-0.235391095,-0.625543237,-0.533018887,-0.717740536,2.31283522,-0.411813855,-0.22941573,0.492174804,-0.484322101,-1.52752519,2.84445238,-0.151716515,-0.484322101,-1.32255089,2.36887527,-1.23436594,1.23436594,0.197385505,-0.197385505,1
-0.394944966,-0.754208446,0.919297576,-0.782062769,-0.478801131,1.0356108,-0.411813855,1.61861348,-0.610092342,-0.255433619,-0.801692247,-0.204124153,-0.22941573,-1.06191313,-0.319262236,1.57424927,1.755458,-0.347056448,-0.112508789,-0.470504045,-0.625543237,-0.112508789,-0.12852402,-0.210680857,-0.086929135,-0.321633756,0.812250614,-0.32634443,-0.258198887,-0.232418686,-0.480384469,-0.269046575,-0.444527596,1.38169861,-0.454572886,-0.581199288,-0.217072383,-0.687965453,0.925282896,-0.323994398,0.321633756,-0.207424134,-0.235391095,-0.625543237,1.87610602,-0.717740536,-0.432369769,-0.411813855,-0.22941573,0.492174804,-0.484322101,0.654653668,-0.351561517,-0.151716515,-0.484322101,0.756114542,-0.422141254,0.810132504,-0.810132504,0.197385505,-0.197385505,1
-0.166595384,-1.00980008,0.028936727,1.0526886,-0.0410400964,-0.708575785,-0.411813855,-0.617812753,-0.610092342,-0.255433619,1.24736142,-0.204124153,-0.22941573,0.941696584,-0.319262236,-0.635223389,-0.569651902,-0.347056448,-0.112508789,-0.470504045,1.59861052,-0.112508789,-0.12852402,-0.210680857,-0.086929135,-0.321633756,-1.23114717,3.06424713,-0.258198887,-0.232418686,-0.480384469,-0.269046575,-0.444527596,-0.723746836,-0.454572886,1.7205801,-0.217072383,-0.687965453,0.925282896,-0.323994398,-3.10912633,4.82103968,-0.235391095,-0.625543237,-0.533018887,1.39326108,-0.432369769,-0.411813855,-0.22941573,0.492174804,-0.484322101,0.654653668,-0.351561517,-0.151716515,-0.484322101,0.756114542,-0.422141254,-1.23436594,1.23436594,0.197385505,-0.197385505,1
4.50120258,2.31289172,-0.861424148,-0.782062769,-1.09166658,-0.708575785,-0.411813855,-0.617812753,1.63909602,-0.255433619,-0.801692247,-0.204124153,-0.22941573,0.941696584,-0.319262236,-0.635223389,-0.569651902,-0.347056448,-0.112508789,-0.470504045,-0.625543237,-0.112508789,-0.12852402,-0.210680857,-0.086929135,3.10912633,0.812250614,-0.32634443,-0.258198887,-0.232418686,-0.480384469,-0.269046575,-0.444527596,1.38169861,-0.454572886,-0.581199288,-0.217072383,-0.687965453,0.925282896,-0.323994398,0.321633756,-0.207424134,-0.235391095,-0.625543237,-0.533018887,1.39326108,-0.432369769,-0.411813855,-0.22941573,0.492174804,-0.484322101,0.654653668,-0.351561517,-0.151716515,-0.484322101,0.756114542,-0.422141254,-1.23436594,1.23436594,0.197385505,-0.197385505,0
-0.713984013,-1.26539171,0.919297576,1.0526886,0.0465121083,-0.708575785,2.42828155,-0.617812753,-0.610092342,-0.255433619,1.24736142,-0.204124153,-0.22941573,0.941696584,-0.319262236,-0.635223389,-0.569651902,-0.347056448,-0.112508789,-0.470504045,-0.625543237,-0.112508789,-0.12852402,-0.210680857,11.503623,-0.321633756,-1.23114717,-0.32634443,-0.258198887,-0.232418686,2.08166599,3.71682858,-0.444527596,-0.723746836,-0.454572886,-0.581199288,-0.217072383,-0.687965453,0.925282896,-0.323994398,0.321633756,-0.207424134,-0.235391095,-0.625543237,1.87610602,-0.717740536,-0.432369769,-0.411813855,-0.22941573,0.492174804,-0.484322101,0.654653668,-0.351561517,-0.151716515,-0.484322101,-1.32255089,2.36887527,-1.23436594,1.23436594,0.197385505,-0.197385505,1
0.0841555893,-0.754208446,0.919297576,0.135312915,-0.0410400964,-0.708575785,2.42828155,-0.617812753,-0.610092342,-0.255433619,1.24736142,-0.204124153,4.35889912,-1.06191313,-0.319262236,-0.635223389,-0.569651902,-0.347056448,-0.112508789,-0.470504045,-0.625543237,-0.112508789,-0.12852402,-0.210680857,11.503623,-0.321633756,-1.23114717,-0.32634443,3.87298346,-0.232418686,-0.480384469,-0.269046575,-0.444527596,1.38169861,-0.454572886,-0.581199288,-0.217072383,1.45356131,-1.08075047,-0.323994398,0.321633756,-0.207424134,-0.235391095,1.59861052,-0.533018887,-0.717740536,-0.432369769,-0.411813855,-0.22941573,0.492174804,-0.484322101,0.654653668,-0.351561517,-0.151716515,2.06474161,-1.32255089,-0.422141254,0.810132504,-0.810132504,0.197385505,-0.197385505,1
0.371037811,0.268158257,-1.75178492,1.0526886,0.0465121083,2.77979732,-0.411813855,-0.617812753,1.63909602,-0.255433619,-0.801692247,4.89897966,-0.22941573,-1.06191313,-0.319262236,-0.635223389,-0.569651902,-0.347056448,-0.112508789,-0.470504045,-0.625543237,-0.112508789,-0.12852402,-0.210680857,-0.086929135,3.10912633,0.812250614,-0.32634443,-0.258198887,-0.232418686,-0.480384469,-0.269046575,-0.444527596,1.38169861,-0.454572886,-0.581199288,-0.217072383,-0.687965453,0.925282896,-0.323994398,0.321633756,-0.207424134,-0.235391095,1.59861052,-0.533018887,-0.717740536,-0.432369769,-0.411813855,-0.22941573,0.492174804,-0.484322101,0.654653668,-0.351561517,-0.151716515,2.06474161,-1.32255089,-0.422141254,-1.23436594,1.23436594,0.197385505,-0.197385505,0
-0.706757784,-0.754208446,-0.861424148,1.0526886,-1.17921877,1.0356108,-0.411813855,-0.617812753,-0.610092342,-0.255433619,1.24736142,-0.204124153,-0.22941573,-1.06191313,-0.319262236,1.57424927,-0.569651902,-0.347056448,-0.112508789,2.12538028,-0.625543237,-0.112508789,-0.12852402,-0.210680857,-0.086929135,-0.321633756,0.812250614,-0.32634443,-0.258198887,-0.232418686,-0.480384469,-0.269046575,2.24957919,-0.723746836,-0.454572886,-0.581199288,-0.217072383,1.45356131,-1.08075047,-0.323994398,0.321633756,-0.207424134,-0.235391095,-0.625543237,1.87610602,-0.717740536,-0.432369769,-0.411813855,-0.22941573,0.492174804,2.06474161,-1.52752519,-0.351561517,-0.151716515,2.06474161,-1.32255089,-0.422141254,0.810132504,-0.810132504,0.197385505,-0.197385505,1
-0.618958831,-1.00980008,-0.861424148,0.135312915,-0.128592297,1.0356108,-0.411813855,-0.617812753,1.63909602,-0.255433619,-0.801692247,-0.204124153,-0.22941573,-1.06191313,-0.319262236,1.57424927,-0.569651902,-0.347056448,-0.112508789,-0.470504045,-0.625543237,-0.112508789,-0.12852402,4.74651575,-0.086929135,-0.321633756,0.812250614,-0.32634443,-0.258198887,-0.232418686,-0.480384469,-0.269046575,-0.444527596,-0.723746836,-0.454572886,1.7205801,-0.217072383,1.45356131,-1.08075047,-0.323994398,0.321633756,-0.207424134,-0.235391095,-0.625543237,-0.533018887,1.39326108,-0.432369769,-0.411813855,-0.22941573,0.492174804,-0.484322101,0.654653668,-0.351561517,-0.151716515,-0.484322101,-1.32255089,2.36887527,-1.23436594,1.23436594,0.197385505,-0.197385505,0
0.687547684,0.523749948,0.028936727,1.0526886,-0.82900995,1.0356108,-0.411813855,-0.617812753,-0.610092342,-0.255433619,1.24736142,-0.204124153,-0.22941573,-1.06191313,3.13222146,-0.635223389,-0.569651902,-0.347056448,-0.112508789,-0.470504045,-0.625543237,-0.112508789,-0.12852402,-0.210680857,-0.086929135,3.10912633,0.812250614,-0.32634443,-0.258198887,-0.232418686,-0.480384469,-0.269046575,-0.444527596,-0.723746836,2.19986725,-0.581199288,-0.217072383,-0.687965453,0.925282896,-0.323994398,0.321633756,-0.207424134,-0.235391095,-0.625543237,-0.533018887,1.39326108,-0.432369769,-0.411813855,-0.22941573,0.492174804,-0.484322101,0.654653668,-0.351561517,-0.151716515,-0.484322101,0.756114542,-0.422141254,0.810132504,-0.810132504,0.197385505,-0.197385505,1
-0.723016858,-0.498616755,0.919297576,0.135312915,1.00958633,-0.708575785,-0.411813855,-0.617812753,-0.610092342,-0.255433619,1.24736142,-0.204124153,-0.22941573,0.941696584,-0.319262236,-0.635223389,-0.569651902,-0.347056448,-0.112508789,-0.470504045,1.59861052,-0.112508789,-0.12852402,-0.210680857,-0.086929135,-0.321633756,-1.23114717,-0.32634443,3.87298346,-0.232418686,-0.480384469,-0.269046575,-0.444527596,-0.723746836,-0.454572886,1.7205801,-0.217072383,-0.687965453,0.925282896,-0.323994398,0.321633756,-0.207424134,-0.235391095,-0.625543237,1.87610602,-0.717740536,-0.432369769,-0.411813855,4.35889912,-2.0317986,-0.484322101,0.654653668,-0.351561517,-0.151716515,-0.484322101,0.756114542,-0.422141254,-1.23436594,1.23436594,0.197385505,-0.197385505,1
-0.741082489,-0.754208446,0.919297576,1.0526886,0.746929765,-0.708575785,-0.411813855,-0.617812753,-0.610092342,-0.255433619,1.24736142,-0.204124153,-0.22941573,-1.06191313,-0.319262236,1.57424927,1.755458,-0.347056448,-0.112508789,-0.470504045,-0.625543237,-0.112508789,-0.12852402,-0.210680857,-0.086929135,-0.321633756,-1.23114717,-0.32634443,3.87298346,-0.232418686,-0.480384469,-0.269046575,-0.444527596,1.38169861,-0.454572886,-0.581199288,-0.217072383,-0.687965453,0.925282896,-0.323994398,0.321633756,-0.207424134,-0.235391095,1.59861052,-0.533018887,-0.717740536,-0.432369769,-0.411813855,-0.22941573,0.492174804,-0.484322101,0.654653668,-0.351561517,-0.151716515,-0.484322101,0.756114542,-0.422141254,-1.23436594,1.23436594,0.197385505,-0.197385505,1
-0.901505291,-0.754208446,0.919297576,1.0526886,0.484273136,-0.708575785,2.42828155,-0.617812753,-0.610092342,-0.255433619,1.24736142,-0.204124153,-0.22941573,0.941696584,-0.319262236,-0.635223389,-0.569651902,-0.347056448,-0.112508789,-0.470504045,-0.625543237,-0.112508789,-0.12852402,4.74651575,-0.086929135,-0.321633756,0.812250614,-0.32634443,-0.258198887,-0.232418686,-0.480384469,-0.269046575,-0.444527596,-0.723746836,-0.454572886,1.7205801,-0.217072383,-0.687965453,0.925282896,-0.323994398,0.321633756,-0.207424134,-0.235391095,-0.625543237,-0.533018887,1.39326108,-0.432369769,2.42828155,-0.22941573,-2.0317986,-0.484322101,0.654653668,-0.351561517,-0.151716515,2.06474161,-1.32255089,-0.422141254,0.810132504,-0.810132504,0.197385505,-0.197385505,0
-0.142387435,1.29052496,0.919297576,1.0526886,-0.74145776,1.0356108,-0.411813855,-0.617812753,1.63909602,-0.255433619,-0.801692247,-0.204124153,-0.22941573,-1.06191313,-0.319262236,1.57424927,1.755458,-0.347056448,-0.112508789,-0.470504045,-0.625543237,-0.112508789,-0.12852402,-0.210680857,-0.086929135,-0.321633756,0.812250614,-0.32634443,-0.258198887,-0.232418686,-0.480384469,-0.269046575,2.24957919,-0.723746836,-0.454572886,-0.581199288,4.60675812,-0.687965453,-1.08075047,-0.323994398,0.321633756,-0.207424134,-0.235391095,-0.625543237,-0.533018887,1.39326108,-0.432369769,-0.411813855,-0.22941573,0.492174804,-0.484322101,0.654653668,-0.351561517,-0.151716515,-0.484322101,0.756114542,-0.422141254,0.810132504,-0.810132504,0.197385505,-0.197385505,0
-0.739275932,-0.754208446,0.919297576,0.135312915,-0.74145776,-0.708575785,-0.411813855,1.61861348,-0.610092342,-0.255433619,-0.801692247,-0.204124153,-0.22941573,0.941696584,-0.319262236,-0.635223389,1.755458,-0.347056448,-0.112508789,-0.470504045,-0.625543237,-0.112508789,-0.12852402,-0.210680857,-0.086929135,-0.321633756,0.812250614,-0.32634443,-0.258198887,-0.232418686,-0.480384469,-0.269046575,-0.444527596,1.38169861,-0.454572886,-0.581199288,-0.217072383,-0.687965453,-1.08075047,3.08647299,0.321633756,-0.207424134,-0.235391095,1.59861052,-0.533018887,-0.717740536,-0.432369769,-0.411813855,-0.22941573,0.492174804,-0.484322101,0.654653668,-0.351561517,-0.151716515,2.06474161,-1.32255089,-0.422141254,0.810132504,-0.810132504,0.197385505,-0.197385505,1
0.691883445,-1.00980008,-0.861424148,1.0526886,3.37349606,-0.708575785,2.42828155,-0.617812753,1.63909602,-0.255433619,-0.801692247,-0.204124153,4.35889912,-1.06191313,-0.319262236,-0.635223389,-0.569651902,2.88137555,-0.112508789,-0.470504045,-0.625543237,-0.112508789,-0.12852402,-0.210680857,-0.086929135,-0.321633756,0.812250614,-0.32634443,-0.258198887,-0.232418686,-0.480384469,-0.269046575,-0.444527596,-0.723746836,-0.454572886,1.7205801,-0.217072383,1.45356131,-1.08075047,-0.323994398,0.321633756,-0.207424134,-0.235391095,-0.625543237,-0.533018887,-0.717740536,2.31283522,2.42828155,-0.22941573,-2.0317986,-0.484322101,-1.52752519,2.84445238,-0.151716515,-0.484322101,-1.32255089,2.36887527,-1.23436594,1.23436594,0.197385505,-0.197385505,0
-0.669542611,-1.26539171,-0.861424148,1.0526886,0.396720946,-0.708575785,2.42828155,1.61861348,-0.610092342,-0.255433619,-0.801692247,-0.204124153,-0.22941573,-1.06191313,-0.319262236,1.57424927,1.755458,-0.347056448,-0.112508789,-0.470504045,-0.625543237,-0.112508789,-0.12852402,-0.210680857,-0.086929135,-0.321633756,0.812250614,-0.32634443,-0.258198887,-0.232418686,-0.480384469,-0.269046575,2.24957919,-0.723746836,-0.454572886,-0.581199288,-0.217072383,-0.687965453,0.925282896,-0.323994398,0.321633756,-0.207424134,-0.235391095,1.59861052,-0.533018887,-0.717740536,-0.432369769,-0.411813855,-0.22941573,0.492174804,-0.484322101,0.654653668,-0.351561517,-0.151716515,2.06474161,-1.32255089,-0.422141254,0.810132504,-0.810132504,-5.06622791,5.06622791,1
-0.0715701655,-0.754208446,0.028936727,-1.69943845,-1.00411439,-0.708575785,-0.411813855,-0.617812753,-0.610092342,3.91491127,-0.801692247,-0.204124153,-0.22941573,0.941696584,-0.319262236,-0.635223389,-0.569651902,-0.347056448,-0.112508789,-0.470504045,1.59861052,-0.112508789,-0.12852402,-0.210680857,-0.086929135,-0.321633756,0.812250614,-0.32634443,-0.258198887,-0.232418686,-0.480384469,-0.269046575,-0.444527596,1.38169861,-0.454572886,-0.581199288,-0.217072383,-0.687965453,-1.08075047,3.08647299,0.321633756,-0.207424134,-0.235391095,-0.625543237,-0.533018887,1.39326108,-0.432369769,-0.411813855,-0.22941573,0.492174804,-0.484322101,0.654653668,-0.351561517,-0.151716515,-0.484322101,0.756114542,-0.422141254,0.810132504,-0.810132504,0.197385505,-0.197385505,1
0.127874419,-0.498616755,0.919297576,-0.782062769,1.62245178,-0.708575785,-0.411813855,-0.617812753,-0.610092342,-0.255433619,1.24736142,-0.204124153,-0.22941573,0.941696584,-0.319262236,-0.635223389,-0.569651902,-0.347056448,-0.112508789,-0.470504045,1.59861052,-0.112508789,-0.12852402,-0.210680857,-0.086929135,-0.321633756,0.812250614,-0.32634443,-0.258198887,-0.232418686,-0.480384469,-0.269046575,-0.444527596,-0.723746836,-0.454572886,1.7205801,-0.217072383,1.45356131,-1.08075047,-0.323994398,0.321633756,-0.207424134,-0.235391095,-0.625543237,-0.533018887,1.39326108,-0.432369769,2.42828155,-0.22941573,-2.0317986,2.06474161,-1.52752519,-0.351561517,-0.151716515,-0.484322101,-1.32255089,2.36887527,-1.23436594,1.23436594,0.197385505,-0.197385505,1
-0.0397746488,-0.243025079,0.028936727,-1.69943845,-0.391248912,-0.708575785,-0.411813855,1.61861348,-0.610092342,-0.255433619,-0.801692247,4.89897966,-0.22941573,-1.06191313,-0.319262236,-0.635223389,-0.569651902,-0.347056448,-0.112508789,-0.470504045,-0.625543237,-0.112508789,-0.12852402,-0.210680857,-0.086929135,3.10912633,0.812250614,-0.32634443,-0.258198887,-0.232418686,-0.480384469,-0.269046575,-0.444527596,-0.723746836,2.19986725,-0.581199288,-0.217072383,-0.687965453,0.925282896,-0.323994398,0.321633756,-0.207424134,-0.235391095,-0.625543237,1.87610602,-0.717740536,-0.432369769,2.42828155,-0.22941573,-2.0317986,-0.484322101,0.654653668,-0.351561517,-0.151716515,-0.484322101,0.756114542,-0.422141254,-1.23436594,1.23436594,0.197385505,-0.197385505,1
-0.318346709,0.268158257,0.919297576,-0.782062769,-0.566353321,-0.708575785,-0.411813855,-0.617812753,1.63909602,-0.255433619,-0.801692247,-0.204124153,-0.22941573,-1.06191313,3.13222146,-0.635223389,-0.569651902,-0.347056448,-0.112508789,2.12538028,-0.625543237,-0.112508789,-0.12852402,-0.210680857,-0.086929135,-0.321633756,-1.23114717,-0.32634443,-0.258198887,-0.232418686,2.08166599,-0.269046575,2.24957919,-0.723746836,-0.454572886,-0.581199288,-0.217072383,-0.687965453,0.925282896,-0.323994398,0.321633756,-0.207424134,-0.235391095,-0.625543237,1.87610602,-0.717740536,-0.432369769,2.42828155,-0.22941573,-2.0317986,-0.484322101,0.654653668,-0.351561517,-0.151716515,2.06474161,-1.32255089,-0.422141254,0.810132504,-0.810132504,0.197385505,-0.197385505,1
-0.85923171,-0.754208446,0.919297576,-0.782062769,-1.09166658,-0.708575785,-0.411813855,-0.617812753,1.63909602,-0.255433619,-0.801692247,-0.204124153,-0.22941573,0.941696584,-0.319262236,-0.635223389,1.755458,-0.347056448,-0.112508789,-0.470504045,-0.625543237,-0.112508789,-0.12852402,-0.210680857,-0.086929135,-0.321633756,-1.23114717,3.06424713,-0.258198887,-0.232418686,-0.480384469,-0.269046575,2.24957919,-0.723746836,-0.454572886,-0.581199288,-0.217072383,1.45356131,-1.08075047,-0.323994398,0.321633756,-0.207424134,-0.235391095,-0.625543237,1.87610602,-0.717740536,-0.432369769,2.42828155,-0.22941573,-2.0317986,-0.484322101,0.654653668,-0.351561517,-0.151716515,2.06474161,-1.32255089,-0.422141254,0.810132504,-0.810132504,0.197385505,-0.197385505,0
2.58407784,3.33525825,-0.861424148,1.0526886,0.571825325,-0.708575785,-0.411813855,-0.617812753,-0.610092342,-0.255433619,1.24736142,-0.204124153,-0.22941573,0.941696584,-0.319262236,-0.635223389,1.755458,-0.347056448,-0.112508789,-0.470504045,-0.625543237,-0.112508789,-0.12852402,-0.210680857,-0.086929135,-0.321633756,0.812250614,-0.32634443,-0.258198887,-0.232418686,-0.480384469,-0.269046575,-0.444527596,-0.723746836,-0.454572886,1.7205801,-0.217072383,-0.687965453,0.925282896,-0.323994398,0.321633756,-0.207424134,-0.235391095,-0.625543237,1.87610602,-0.717740536,-0.432369769,-0.411813855,-0.22941573,0.492174804,-0.484322101,0.654653668,-0.351561517,-0.151716515,-0.484322101,-1.32255089,2.36887527,-1.23436594,1.23436594,0.197385505,-0.197385505,1
-0.210675538,-0.498616755,-0.861424148,1.0526886,-0.653905571,1.0356108,-0.411813855,-0.617812753,1.63909602,-0.255433619,-0.801692247,-0.204124153,-0.22941573,0.941696584,-0.319262236,-0.635223389,1.755458,-0.347056448,-0.112508789,-0.470504045,-0.625543237,-0.112508789,-0.12852402,-0.210680857,-0.086929135,-0.321633756,-1.23114717,3.06424713,-0.258198887,-0.232418686,-0.480384469,-0.269046575,-0.444527596,1.38169861,-0.454572886,-0.581199288,-0.217072383,1.45356131,-1.08075047,-0.323994398,0.321633756,-0.207424134,-0.235391095,-0.625543237,-0.533018887,1.39326108,-0.432369769,-0.411813855,-0.22941573,0.492174804,2.06474161,-1.52752519,-0.351561517,-0.151716515,-0.484322101,0.756114542,-0.422141254,-1.23436594,1.23436594,0.197385505,-0.197385505,0
-0.621488035,-1.43578625,-1.75178492,-0.782062769,-0.566353321,-0.708575785,2.42828155,-0.617812753,-0.610092342,3.91491127,-0.801692247,-0.204124153,-0.22941573,0.941696584,-0.319262236,-0.635223389,1.755458,-0.347056448,-0.112508789,-0.470504045,-0.625543237,-0.112508789,-0.12852402,-0.210680857,-0.086929135,-0.321633756,-1.23114717,-0.32634443,-0.258198887,-0.232418686,2.08166599,-0.269046575,2.24957919,-0.723746836,-0.454572886,-0.581199288,-0.217072383,-0.687965453,0.925282896,-0.323994398,0.321633756,-0.207424134,-0.235391095,1.59861052,-0.533018887,-0.717740536,-0.432369769,-0.411813855,-0.22941573,0.492174804,-0.484322101,0.654653668,-0.351561517,-0.151716515,2.06474161,-1.32255089,-0.422141254,0.810132504,-0.810132504,-5.06622791,5.06622791,1
-0.823100448,-1.00980008,0.919297576,-0.782062769,1.4473474,1.0356108,-0.411813855,-0.617812753,-0.610092342,-0.255433619,1.24736142,-0.204124153,-0.22941573,-1.06191313,-0.319262236,1.57424927,-0.569651902,-0.347056448,-0.112508789,-0.470504045,-0.625543237,-0.112508789,-0.12852402,4.74651575,-0.086929135,-0.321633756,-1.23114717,-0.32634443,3.87298346,-0.232418686,-0.480384469,-0.269046575,-0.444527596,-0.723746836,-0.454572886,1.7205801,-0.217072383,-0.687965453,0.925282896,-0.323994398,0.321633756,-0.207424134,-0.235391095,-0.625543237,-0.533018887,1.39326108,-0.432369769,-0.411813855,-0.22941573,0.492174804,-0.484322101,0.654653668,-0.351561517,-0.151716515,-0.484322101,0.756114542,-0.422141254,-1.23436594,1.23436594,0.197385505,-0.197385505,1
-0.0853000432,0.268158257,0.919297576,1.0526886,-0.303696722,1.0356108,2.42828155,-0.617812753,-0.610092342,-0.255433619,1.24736142,-0.204124153,-0.22941573,-1.06191313,3.13222146,-0.635223389,-0.569651902,-0.347056448,-0.112508789,-0.470504045,-0.625543237,-0.112508789,-0.12852402,-0.210680857,-0.086929135,3.10912633,-1.23114717,-0.32634443,-0.258198887,-0.232418686,2.08166599,-0.269046575,-0.444527596,1.38169861,-0.454572886,-0.581199288,-0.217072383,-0.687965453,0.925282896,-0.323994398,0.321633756,-0.207424134,-0.235391095,1.59861052,-0.533018887,-0.717740536,-0.432369769,-0.411813855,-0.22941573,0.492174804,-0.484322101,0.654653668,-0.351561517,-0.151716515,-0.484322101,0.756114542,-0.422141254,-1.23436594,1.23436594,0.197385505,-0.197385505,1
-0.695557117,-0.754208446,0.919297576,-1.69943845,-1.26677096,-0.708575785,-0.411813855,1.61861348,-0.610092342,-0.255433619,-0.801692247,-0.204124153,-0.22941573,0.941696584,-0.319262236,-0.635223389,-0.569651902,-0.347056448,-0.112508789,2.12538028,-0.625543237,-0.112508789,-0.12852402,-0.210680857,-0.086929135,-0.321633756,0.812250614,-0.32634443,-0.258198887,-0.232418686,-0.480384469,-0.269046575,-0.444527596,1.38169861,-0.454572886,-0.581199288,-0.217072383,-0.687965453,0.925282896,-0.323994398,-3.10912633,-0.207424134,4.24824905,-0.625543237,1.87610602,-0.717740536,-0.432369769,-0.411813855,-0.22941573,0.492174804,-0.484322101,0.654653668,-0.351561517,-0.151716515,2.06474161,-1.32255089,-0.422141254,0.810132504,-0.810132504,0.197385505,-0.197385505,1
1.81195259,1.29052496,-0.861424148,-0.782062769,-0.82900995,-0.708575785,2.42828155,1.61861348,-0.610092342,-0.255433619,-0.801692247,-0.204124153,-0.22941573,0.941696584,-0.319262236,-0.635223389,-0.569651902,2.88137555,-0.112508789,-0.470504045,-0.625543237,-0.112508789,-0.12852402,-0.210680857,-0.086929135,-0.321633756,0.812250614,-0.32634443,-0.258198887,-0.232418686,-0.480384469,-0.269046575,-0.444527596,1.38169861,-0.454572886,-0.581199288,-0.217072383,-0.687965453,0.925282896,-0.323994398,0.321633756,-0.207424134,-0.235391095,-0.625543237,1.87610602,-0.717740536,-0.432369769,-0.411813855,-0.22941573,0.492174804,-0.484322101,0.654653668,-0.351561517,-0.151716515,-0.484322101,0.756114542,-0.422141254,0.810132504,-0.810132504,0.197385505,-0.197385505,0
-0.472988516,-0.498616755,0.919297576,1.0526886,0.396720946,-0.708575785,-0.411813855,-0.617812753,-0.610092342,3.91491127,-0.801692247,-0.204124153,-0.22941573,0.941696584,-0.319262236,-0.635223389,-0.569651902,-0.347056448,-0.112508789,-0.470504045,-0.625543237,-0.112508789,-0.12852402,4.74651575,-0.086929135,-0.321633756,0.812250614,-0.32634443,-0.258198887,-0.232418686,-0.480384469,-0.269046575,-0.444527596,-0.723746836,-0.454572886,1.7205801,-0.217072383,-0.687965453,0.925282896,-0.323994398,0.321633756,-0.207424134,-0.235391095,-0.625543237,-0.533018887,1.39326108,-0.432369769,-0.411813855,-0.22941573,0.492174804,2.06474161,-1.52752519,-0.351561517,-0.151716515,-0.484322101,-1.32255089,2.36887527,-1.23436594,1.23436594,0.197385505,-0.197385505,1
0.271676838,-0.243025079,-1.75178492,1.0526886,-0.216144517,2.77979732,-0.411813855,1.61861348,-0.610092342,-0.255433619,-0.801692247,-0.204124153,-0.22941573,-1.06191313,-0.319262236,1.57424927,1.755458,-0.347056448,-0.112508789,-0.470504045,-0.625543237,-0.112508789,-0.12852402,-0.210680857,-0.086929135,-0.321633756,0.812250614,-0.32634443,-0.258198887,-0.232418686,-0.480384469,-0.269046575,-0.444527596,-0.723746836,-0.454572886,1.7205801,-0.217072383,1.45356131,-1.08075047,-0.323994398,0.321633756,-0.207424134,-0.235391095,1.59861052,-0.533018887,-0.717740536,-0.432369769,2.42828155,-0.22941573,-2.0317986,2.06474161,-1.52752519,-0.351561517,-0.151716515,-0.484322101,0.756114542,-0.422141254,-1.23436594,1.23436594,0.197385505,-0.197385505,0
-0.848392367,-0.243025079,0.919297576,-0.782062769,-0.9165622,-0.708575785,-0.411813855,-0.617812753,1.63909602,-0.255433619,-0.801692247,-0.204124153,-0.22941573,0.941696584,-0.319262236,-0.635223389,-0.569651902,-0.347056448,-0.112508789,-0.470504045,1.59861052,-0.112508789,-0.12852402,-0.210680857,-0.086929135,-0.321633756,0.812250614,-0.32634443,-0.258198887,-0.232418686,-0.480384469,-0.269046575,-0.444527596,1.38169861,-0.454572886,-0.581199288,-0.217072383,-0.687965453,-1.08075047,3.08647299,-3.10912633,-0.207424134,4.24824905,1.59861052,-0.533018887,-0.717740536,-0.432369769,-0.411813855,-0.22941573,0.492174804,-0.484322101,0.654653668,-0.351561517,-0.151716515,2.06474161,-1.32255089,-0.422141254,0.810132504,-0.810132504,0.197385505,-0.197385505,1
-0.390609235,-0.754208446,0.919297576,1.0526886,1.4473474,-0.708575785,-0.411813855,-0.617812753,-0.610092342,-0.255433619,1.24736142,-0.204124153,-0.22941573,0.941696584,-0.319262236,-0.635223389,1.755458,-0.347056448,-0.112508789,-0.470504045,-0.625543237,-0.112508789,-0.12852402,-0.210680857,-0.086929135,-0.321633756,-1.23114717,-0.32634443,-0.258198887,-0.232418686,2.08166599,-0.269046575,-0.444527596,-0.723746836,-0.454572886,1.7205801,-0.217072383,1.45356131,-1.08075047,-0.323994398,0.321633756,-0.207424134,-0.235391095,-0.625543237,-0.533018887,-0.717740536,2.31283522,-0.411813855,-0.22941573,0.492174804,-0.484322101,-1.52752519,2.84445238,-0.151716515,-0.484322101,-1.32255089,2.36887527,-1.23436594,1.23436594,0.197385505,-0.197385505,1
-0.138412997,0.779341578,0.919297576,-0.782062769,-0.216144517,-0.708575785,-0.411813855,-0.617812753,-0.610092342,-0.255433619,1.24736142,-0.204124153,-0.22941573,-1.06191313,-0.319262236,1.57424927,-0.569651902,-0.347056448,-0.112508789,-0.470504045,1.59861052,-0.112508789,-0.12852402,-0.210680857,-0.086929135,-0.321633756,0.812250614,-0.32634443,-0.258198887,-0.232418686,-0.480384469,-0.269046575,-0.444527596,1.38169861,-0.454572886,-0.581199288,-0.217072383,1.45356131,-1.08075047,-0.323994398,0.321633756,-0.207424134,-0.235391095,-0.625543237,-0.533018887,1.39326108,-0.432369769,-0.411813855,-0.22941573,0.492174804,-0.484322101,0.654653668,-0.351561517,-0.151716515,-0.484322101,0.756114542,-0.422141254,-1.23436594,1.23436594,0.197385505,-0.197385505,1
0.0845168978,-1.35058892,-1.75178492,1.0526886,3.37349606,-0.708575785,-0.411813855,-0.617812753,-0.610092342,-0.255433619,1.24736142,-0.204124153,-0.22941573,0.941696584,-0.319262236,-0.635223389,-0.569651902,-0.347056448,-0.112508789,-0.470504045,-0.625543237,-0.112508789,-0.12852402,-0.210680857,-0.086929135,3.10912633,0.812250614,-0.32634443,-0.258198887,-0.232418686,-0.480384469,-0.269046575,-0.444527596,-0.723746836,2.19986725,-0.581199288,-0.217072383,-0.687965453,0.925282896,-0.323994398,0.321633756,-0.207424134,-0.235391095,1.59861052,-0.533018887,-0.717740536,-0.432369769,-0.411813855,-0.22941573,0.492174804,-0.484322101,0.654653668,-0.351561517,-0.151716515,2.06474161,-1.32255089,-0.422141254,0.810132504,-0.810132504,0.197385505,-0.197385505,1
0.135823295,-0.754208446,-0.861424148,-0.782062769,-0.566353321,-0.708575785,2.42828155,1.61861348,-0.610092342,-0.255433619,-0.801692247,-0.204124153,-0.22941573,0.941696584,-0.319262236,-0.635223389,-0.569651902,-0.347056448,-0.112508789,2.12538028,-0.625543237,-0.112508789,-0.12852402,-0.210680857,-0.086929135,-0.321633756,0.812250614,-0.32634443,-0.258198887,-0.232418686,-0.480384469,-0.269046575,-0.444527596,1.38169861,-0.454572886,-0.581199288,-0.217072383,-0.687965453,0.925282896,-0.323994398,-3.10912633,4.82103968,-0.235391095,-0.625543237,1.87610602,-0.717740536,-0.432369769,-0.411813855,-0.22941573,0.492174804,-0.484322101,0.654653668,-0.351561517,-0.151716515,2.06474161,-1.32255089,-0.422141254,0.810132504,-0.810132504,0.197385505,-0.197385505,1
-0.801421702,-0.754208446,0.919297576,1.0526886,-1.09166658,1.0356108,-0.411813855,-0.617812753,-0.610092342,-0.255433619,1.24736142,-0.204124153,-0.22941573,-1.06191313,-0.319262236,1.57424927,-0.569651902,-0.347056448,-0.112508789,-0.470504045,-0.625543237,-0.112508789,7.7806468,-0.210680857,-0.086929135,-0.321633756,-1.23114717,-0.32634443,-0.258198887,-0.232418686,2.08166599,-0.269046575,-0.444527596,-0.723746836,2.19986725,-0.581199288,-0.217072383,1.45356131,-1.08075047,-0.323994398,0.321633756,-0.207424134,-0.235391095,1.59861052,-0.533018887,-0.717740536,-0.432369769,-0.411813855,-0.22941573,0.492174804,-0.484322101,0.654653668,-0.351561517,-0.151716515,-0.484322101,0.756114542,-0.422141254,0.810132504,-0.810132504,0.197385505,-0.197385505,1
-0.420236856,-0.243025079,0.919297576,-1.69943845,-0.216144517,-0.708575785,-0.411813855,-0.617812753,-0.610092342,-0.255433619,1.24736142,-0.204124153,-0.22941573,0.941696584,-0.319262236,-0.635223389,-0.569651902,-0.347056448,-0.112508789,-0.470504045,1.59861052,-0.112508789,-0.12852402,-0.210680857,-0.086929135,-0.321633756,0.812250614,-0.32634443,-0.258198887,-0.232418686,-0.480384469,-0.269046575,2.24957919,-0.723746836,-0.454572886,-0.581199288,-0.217072383,-0.687965453,0.925282896,-0.323994398,0.321633756,-0.207424134,-0.235391095,1.59861052,-0.533018887,-0.717740536,-0.432369769,-0.411813855,-0.22941573,0.492174804,-0.484322101,0.654653668,-0.351561517,-0.151716515,-0.484322101,0.756114542,-0.422141254,0.810132504,-0.810132504,0.197385505,-0.197385505,1
-0.646779895,-0.754208446,0.919297576,0.135312915,-0.82900995,-0.708575785,-0.411813855,-0.617812753,1.63909602,-0.255433619,-0.801692247,-0.204124153,-0.22941573,-1.06191313,-0.319262236,1.57424927,-0.569651902,-0.347056448,-0.112508789,-0.470504045,-0.625543237,8.88819408,-0.12852402,-0.210680857,-0.086929135,-0.321633756,0.812250614,-0.32634443,-0.258198887,-0.232418686,-0.480384469,-0.269046575,-0.444527596,-0.723746836,2.19986725,-0.581199288,-0.217072383,-0.687965453,0.925282896,-0.323994398,0.321633756,-0.207424134,-0.235391095,-0.625543237,1.87610602,-0.717740536,-0.432369769,-0.411813855,-0.22941573,0.492174804,-0.484322101,0.654653668,-0.351561517,-0.151716515,-0.484322101,0.756114542,-0.422141254,0.810132504,-0.810132504,0.197385505,-0.197385505,1
