run_id,row_type,summary_scope,sample_seed,sample_run_id,status,dataset_name,model_name,method_name,desired_class,factual_filter,requested_factual_count,eligible_factual_count,actual_factual_count,factual_rank,factual_index,counterfactual_found,validity,distance_l1,distance_l2,cf_set_size,cf_set_validity,cf_set_unique_size,cf_set_unique_fraction,cf_pairwise_l1_mean,cf_pairwise_l1_min,cf_pairwise_l2_mean,cf_pairwise_l2_min,cf_set_l1_to_factual_mean,cf_set_l1_to_factual_min,cf_set_l2_to_factual_mean,cf_set_l2_to_factual_min,successful_counterfactual_count,error_message,run_duration_seconds
german__mlp__diverse_dist,detail,,0,german__mlp__diverse_dist__sample_seed_0,completed,german,mlp,diverse_dist,1,prediction_not_equal_desired_class,50,50,50,1.0,622.0,True,1.0,0.0651131272315979,0.0467596538364887,3.0,1.0,3.0,1.0,0.567957361539205,0.1811770796775818,0.3494421942539632,0.1385232114268138,0.2952614901217919,0.0651131355026667,0.2078104303292174,0.0467596480313764,,,
german__mlp__diverse_dist,detail,,0,german__mlp__diverse_dist__sample_seed_0,completed,german,mlp,diverse_dist,1,prediction_not_equal_desired_class,50,50,50,2.0,378.0,True,1.0,0.5077779293060303,0.3745192885398865,1.0,1.0,1.0,1.0,,,,,0.5077779820213651,0.5077779820213651,0.3745193036175537,0.3745193036175537,,,
german__mlp__diverse_dist,detail,,0,german__mlp__diverse_dist__sample_seed_0,completed,german,mlp,diverse_dist,1,prediction_not_equal_desired_class,50,50,50,3.0,63.0,True,1.0,0.4240845441818237,0.3100796937942505,1.0,1.0,1.0,1.0,,,,,0.4240845881052016,0.4240845881052016,0.3100796928474572,0.3100796928474572,,,
german__mlp__diverse_dist,detail,,0,german__mlp__diverse_dist__sample_seed_0,completed,german,mlp,diverse_dist,1,prediction_not_equal_desired_class,50,50,50,4.0,331.0,True,1.0,0.1623391509056091,0.1052920222282409,3.0,1.0,3.0,1.0,0.2343470305204391,0.2197421193122863,0.1546912717269812,0.1353845797847442,0.1798649960651686,0.1623391503007175,0.1241797621734344,0.1052920182269665,,,
german__mlp__diverse_dist,detail,,0,german__mlp__diverse_dist__sample_seed_0,completed,german,mlp,diverse_dist,1,prediction_not_equal_desired_class,50,50,50,5.0,952.0,True,1.0,0.1856094896793365,0.1257888376712799,2.0,1.0,2.0,1.0,0.4203959070146084,0.4203959070146084,0.2539580316258838,0.2539580316258838,0.3065217217979008,0.1856094825763109,0.1952570049175773,0.125788826596298,,,
german__mlp__diverse_dist,detail,,0,german__mlp__diverse_dist__sample_seed_0,completed,german,mlp,diverse_dist,1,prediction_not_equal_desired_class,50,50,50,6.0,170.0,True,1.0,0.0378378443419933,0.0247636809945106,3.0,1.0,3.0,1.0,0.1260970135529836,0.0436484962701797,0.078204285525742,0.0358495856095176,0.0915960317745073,0.0378378387724216,0.0547215965509835,0.0247636764774126,,,
german__mlp__diverse_dist,detail,,0,german__mlp__diverse_dist__sample_seed_0,completed,german,mlp,diverse_dist,1,prediction_not_equal_desired_class,50,50,50,7.0,433.0,True,1.0,0.2315525114536285,0.1736248582601547,4.0,1.0,4.0,1.0,1.4968390588959055,0.3725248798727989,0.9210549791925664,0.2595740919535019,0.8708917320978264,0.2315524888716349,0.5919639806555842,0.1594542182827882,,,
german__mlp__diverse_dist,detail,,0,german__mlp__diverse_dist__sample_seed_0,completed,german,mlp,diverse_dist,1,prediction_not_equal_desired_class,50,50,50,8.0,321.0,True,1.0,0.2544837594032287,0.179840087890625,4.0,1.0,4.0,1.0,1.8301388484736285,0.3709961324930191,1.1561859216364905,0.2592097914138268,1.1202894014775229,0.2544837235698629,0.752216305741507,0.1735567944812258,,,
german__mlp__diverse_dist,detail,,0,german__mlp__diverse_dist__sample_seed_0,completed,german,mlp,diverse_dist,1,prediction_not_equal_desired_class,50,50,50,9.0,910.0,True,1.0,0.2920001447200775,0.1913161724805832,1.0,1.0,1.0,1.0,,,,,0.292000129629302,0.292000129629302,0.1913161660648942,0.1913161660648942,,,
german__mlp__diverse_dist,detail,,0,german__mlp__diverse_dist__sample_seed_0,completed,german,mlp,diverse_dist,1,prediction_not_equal_desired_class,50,50,50,10.0,124.0,True,1.0,0.1918050795793533,0.1255382895469665,3.0,1.0,3.0,1.0,0.3026674290498097,0.2621449641883373,0.2061011196114697,0.189298021878645,0.2339837960760386,0.1918050818748575,0.1568571106494915,0.1255382936408108,,,
german__mlp__diverse_dist,detail,,0,german__mlp__diverse_dist__sample_seed_0,completed,german,mlp,diverse_dist,1,prediction_not_equal_desired_class,50,50,50,11.0,11.0,True,1.0,0.6807230114936829,0.4661643505096435,1.0,1.0,1.0,1.0,,,,,0.680722987795535,0.680722987795535,0.4661643659706885,0.4661643659706885,,,
german__mlp__diverse_dist,detail,,0,german__mlp__diverse_dist__sample_seed_0,completed,german,mlp,diverse_dist,1,prediction_not_equal_desired_class,50,50,50,12.0,17.0,True,1.0,0.0850894227623939,0.0591044910252094,3.0,1.0,3.0,1.0,0.1306657493114471,0.1144626587629318,0.0839581009972988,0.0745591563770032,0.1043263965658817,0.0850894199563712,0.0682908392084804,0.0591044906810795,,,
german__mlp__diverse_dist,detail,,0,german__mlp__diverse_dist__sample_seed_0,completed,german,mlp,diverse_dist,1,prediction_not_equal_desired_class,50,50,50,13.0,517.0,True,1.0,0.6172071099281311,0.3636049032211303,1.0,1.0,1.0,1.0,,,,,0.6172070968613779,0.6172070968613779,0.363604908125524,0.363604908125524,,,
german__mlp__diverse_dist,detail,,0,german__mlp__diverse_dist__sample_seed_0,completed,german,mlp,diverse_dist,1,prediction_not_equal_desired_class,50,50,50,14.0,657.0,True,1.0,0.0276916325092315,0.0207791235297918,3.0,1.0,3.0,1.0,0.0885349909464518,0.0468275547027587,0.0656305717066027,0.0442007797400275,0.0642001588727111,0.0276916751596306,0.0459380148315279,0.0207791400193113,,,
german__mlp__diverse_dist,detail,,0,german__mlp__diverse_dist__sample_seed_0,completed,german,mlp,diverse_dist,1,prediction_not_equal_desired_class,50,50,50,15.0,566.0,True,1.0,0.0189019665122032,0.0129565931856632,5.0,1.0,5.0,1.0,0.3811497792601585,0.0370597913861274,0.2516652570957691,0.0232441731220678,0.2003893681261798,0.0189019615581854,0.1418695377382954,0.0129565908174938,,,
german__mlp__diverse_dist,detail,,0,german__mlp__diverse_dist__sample_seed_0,completed,german,mlp,diverse_dist,1,prediction_not_equal_desired_class,50,50,50,16.0,614.0,True,1.0,0.1594796180725097,0.1351042538881302,2.0,1.0,2.0,1.0,0.3044645301997661,0.3044645301997661,0.1781382633873054,0.1781382633873054,0.2234765719498525,0.1594796031589636,0.1564052091843671,0.1351042418055683,,,
german__mlp__diverse_dist,detail,,0,german__mlp__diverse_dist__sample_seed_0,completed,german,mlp,diverse_dist,1,prediction_not_equal_desired_class,50,50,50,17.0,966.0,True,1.0,0.1292479932308197,0.0760164186358451,2.0,1.0,2.0,1.0,0.2734604626893997,0.2734604626893997,0.1838795938137707,0.1838795938137707,0.2328899982736803,0.1292480092354093,0.1372700147626588,0.0760164234194952,,,
german__mlp__diverse_dist,detail,,0,german__mlp__diverse_dist__sample_seed_0,completed,german,mlp,diverse_dist,1,prediction_not_equal_desired_class,50,50,50,18.0,66.0,True,1.0,0.0526466518640518,0.0306348260492086,3.0,1.0,3.0,1.0,0.131027470032374,0.1042171716690063,0.090767158610536,0.0823639424443403,0.0838627765256231,0.0526466526446467,0.058990223240456,0.0306348274163432,,,
german__mlp__diverse_dist,detail,,0,german__mlp__diverse_dist__sample_seed_0,completed,german,mlp,diverse_dist,1,prediction_not_equal_desired_class,50,50,50,19.0,182.0,True,1.0,0.0345971062779426,0.027177071198821,3.0,1.0,3.0,1.0,0.0752089768648147,0.0709787905216217,0.0510133062250715,0.0440055943872383,0.052087901868597,0.0345971028154355,0.035367977755097,0.0271770681614753,,,
german__mlp__diverse_dist,detail,,0,german__mlp__diverse_dist__sample_seed_0,completed,german,mlp,diverse_dist,1,prediction_not_equal_desired_class,50,50,50,20.0,163.0,True,1.0,0.1340060234069824,0.0884385779500007,3.0,1.0,3.0,1.0,0.5535049711664518,0.4352246075868606,0.3604176979939399,0.3219435896555408,0.3692082463600767,0.1340060177565835,0.2559303459817948,0.0884385822898491,,,
german__mlp__diverse_dist,detail,,0,german__mlp__diverse_dist__sample_seed_0,completed,german,mlp,diverse_dist,1,prediction_not_equal_desired_class,50,50,50,21.0,405.0,True,1.0,0.1117598861455917,0.0902023613452911,1.0,1.0,1.0,1.0,,,,,0.1117598745657053,0.1117598745657053,0.0902023512526,0.0902023512526,,,
german__mlp__diverse_dist,detail,,0,german__mlp__diverse_dist__sample_seed_0,completed,german,mlp,diverse_dist,1,prediction_not_equal_desired_class,50,50,50,22.0,446.0,True,1.0,0.361329972743988,0.2128862589597702,2.0,1.0,2.0,1.0,0.6452745944261551,0.6452745944261551,0.3865128750223607,0.3865128750223607,0.4770490584128043,0.3613299636500813,0.321332310569823,0.2128862578105457,,,
german__mlp__diverse_dist,detail,,0,german__mlp__diverse_dist__sample_seed_0,completed,german,mlp,diverse_dist,1,prediction_not_equal_desired_class,50,50,50,23.0,419.0,True,1.0,0.1608891785144806,0.1608891785144806,3.0,1.0,3.0,1.0,0.2833767061432202,0.1887060701847076,0.1802932384950376,0.1339965409014751,0.1753552812548275,0.1608891862210198,0.1393581625471033,0.1142386318893961,,,
german__mlp__diverse_dist,detail,,0,german__mlp__diverse_dist__sample_seed_0,completed,german,mlp,diverse_dist,1,prediction_not_equal_desired_class,50,50,50,24.0,812.0,True,1.0,0.1801204532384872,0.1314858645200729,1.0,1.0,1.0,1.0,,,,,0.180120457054709,0.180120457054709,0.1314858710162601,0.1314858710162601,,,
german__mlp__diverse_dist,detail,,0,german__mlp__diverse_dist__sample_seed_0,completed,german,mlp,diverse_dist,1,prediction_not_equal_desired_class,50,50,50,25.0,410.0,True,1.0,0.2391607016324997,0.2213110029697418,2.0,1.0,2.0,1.0,0.4916299283504486,0.4916299283504486,0.3032470295710365,0.3032470295710365,0.3347655659815762,0.2391606854016958,0.246462418812655,0.2213109970529385,,,
german__mlp__diverse_dist,detail,,0,german__mlp__diverse_dist__sample_seed_0,completed,german,mlp,diverse_dist,1,prediction_not_equal_desired_class,50,50,50,26.0,706.0,True,1.0,0.1497606337070465,0.1274287700653076,2.0,1.0,2.0,1.0,0.1952382922172546,0.1952382922172546,0.137770996764152,0.137770996764152,0.1759512194796346,0.1497606615790375,0.1301729659877281,0.1274287634202822,,,
german__mlp__diverse_dist,detail,,0,german__mlp__diverse_dist__sample_seed_0,completed,german,mlp,diverse_dist,1,prediction_not_equal_desired_class,50,50,50,27.0,306.0,True,1.0,0.3567541241645813,0.2425466179847717,1.0,1.0,1.0,1.0,,,,,0.3567541053965426,0.3567541053965426,0.2425466055607063,0.2425466055607063,,,
german__mlp__diverse_dist,detail,,0,german__mlp__diverse_dist__sample_seed_0,completed,german,mlp,diverse_dist,1,prediction_not_equal_desired_class,50,50,50,28.0,337.0,True,1.0,0.1098890677094459,0.0901041626930236,2.0,1.0,2.0,1.0,0.2417154684662819,0.2417154684662819,0.1515489601432859,0.1515489601432859,0.1828325247752065,0.10988906771677,0.1239402314315408,0.0901041541543661,,,
german__mlp__diverse_dist,detail,,0,german__mlp__diverse_dist__sample_seed_0,completed,german,mlp,diverse_dist,1,prediction_not_equal_desired_class,50,50,50,29.0,593.0,True,1.0,0.2790528237819671,0.2250044792890548,2.0,1.0,2.0,1.0,0.3756985515356064,0.3756985515356064,0.2270036412095578,0.2270036412095578,0.3202022116850404,0.2790528335556328,0.2220571720377435,0.2191098742725729,,,
german__mlp__diverse_dist,detail,,0,german__mlp__diverse_dist__sample_seed_0,completed,german,mlp,diverse_dist,1,prediction_not_equal_desired_class,50,50,50,30.0,559.0,True,1.0,0.0291222557425498,0.0220795013010501,3.0,1.0,3.0,1.0,0.06008942425251,0.0293168127536773,0.0420974543939149,0.0269050376791013,0.0365741879803069,0.029122262000531,0.0304414261985929,0.0220795033555737,,,
german__mlp__diverse_dist,detail,,0,german__mlp__diverse_dist__sample_seed_0,completed,german,mlp,diverse_dist,1,prediction_not_equal_desired_class,50,50,50,31.0,283.0,True,1.0,0.0515458509325981,0.0447386354207992,3.0,1.0,3.0,1.0,0.1983014568686485,0.1053705774247646,0.1209803284406478,0.0651227936180948,0.126836906670749,0.051545860232855,0.080297521983364,0.0447386281394858,,,
german__mlp__diverse_dist,detail,,0,german__mlp__diverse_dist__sample_seed_0,completed,german,mlp,diverse_dist,1,prediction_not_equal_desired_class,50,50,50,32.0,100.0,True,1.0,0.2600604295730591,0.1600095629692077,1.0,1.0,1.0,1.0,,,,,0.2600604358883172,0.2600604358883172,0.1600095689119729,0.1600095689119729,,,
german__mlp__diverse_dist,detail,,0,german__mlp__diverse_dist__sample_seed_0,completed,german,mlp,diverse_dist,1,prediction_not_equal_desired_class,50,50,50,33.0,813.0,True,1.0,0.0478194802999496,0.0377100147306919,2.0,1.0,2.0,1.0,0.0786005109548568,0.0786005109548568,0.0511972229049833,0.0511972229049833,0.0514054597612981,0.0478194940051903,0.0357554908414127,0.0338009703010284,,,
german__mlp__diverse_dist,detail,,0,german__mlp__diverse_dist__sample_seed_0,completed,german,mlp,diverse_dist,1,prediction_not_equal_desired_class,50,50,50,34.0,746.0,True,1.0,0.0882355645298957,0.0680720061063766,2.0,1.0,2.0,1.0,0.1762769967317581,0.1762769967317581,0.1110319093325848,0.1110319093325848,0.1212267301538411,0.088235553324277,0.0820320961208437,0.0680719995756931,,,
german__mlp__diverse_dist,detail,,0,german__mlp__diverse_dist__sample_seed_0,completed,german,mlp,diverse_dist,1,prediction_not_equal_desired_class,50,50,50,35.0,728.0,True,1.0,0.3406172394752502,0.231140598654747,1.0,1.0,1.0,1.0,,,,,0.3406171934913053,0.3406171934913053,0.2311405780704258,0.2311405780704258,,,
german__mlp__diverse_dist,detail,,0,german__mlp__diverse_dist__sample_seed_0,completed,german,mlp,diverse_dist,1,prediction_not_equal_desired_class,50,50,50,36.0,739.0,True,1.0,0.3187480270862579,0.2169455736875534,1.0,1.0,1.0,1.0,,,,,0.3187480136572808,0.3187480136572808,0.2169455625360635,0.2169455625360635,,,
german__mlp__diverse_dist,detail,,0,german__mlp__diverse_dist__sample_seed_0,completed,german,mlp,diverse_dist,1,prediction_not_equal_desired_class,50,50,50,37.0,918.0,True,1.0,0.2160255014896392,0.1728967577219009,4.0,1.0,4.0,1.0,1.4937336618701618,0.3735600113868713,0.920976395580254,0.2598580423902497,0.8579714904318217,0.216025498673371,0.5898711269098854,0.1520699269782954,,,
german__mlp__diverse_dist,detail,,0,german__mlp__diverse_dist__sample_seed_0,completed,german,mlp,diverse_dist,1,prediction_not_equal_desired_class,50,50,50,38.0,340.0,True,1.0,0.319800853729248,0.1874168068170547,2.0,1.0,2.0,1.0,0.5093770325183868,0.5093770325183868,0.3180914495578721,0.3180914495578721,0.3439742348023823,0.3198008625609468,0.2723645811842263,0.1874168036245837,,,
german__mlp__diverse_dist,detail,,0,german__mlp__diverse_dist__sample_seed_0,completed,german,mlp,diverse_dist,1,prediction_not_equal_desired_class,50,50,50,39.0,855.0,True,1.0,0.0756267830729484,0.066847838461399,2.0,1.0,2.0,1.0,0.1132037565112114,0.1132037565112114,0.0658449331304843,0.0658449331304843,0.0786607105504064,0.075626773792459,0.0575814287733321,0.0483150266490677,,,
german__mlp__diverse_dist,detail,,0,german__mlp__diverse_dist__sample_seed_0,completed,german,mlp,diverse_dist,1,prediction_not_equal_desired_class,50,50,50,40.0,169.0,True,1.0,0.2713795900344848,0.1867396086454391,4.0,1.0,4.0,1.0,1.7462473722795646,0.3698697239160537,1.0849378946616757,0.2589593881580643,1.0641200130149997,0.2713795586328845,0.7126290071356063,0.1852000491348543,,,
german__mlp__diverse_dist,detail,,0,german__mlp__diverse_dist__sample_seed_0,completed,german,mlp,diverse_dist,1,prediction_not_equal_desired_class,50,50,50,41.0,1.0,True,1.0,0.7468270063400269,0.4951265454292297,1.0,1.0,1.0,1.0,,,,,0.7468270035893381,0.7468270035893381,0.4951265464687657,0.4951265464687657,,,
german__mlp__diverse_dist,detail,,0,german__mlp__diverse_dist__sample_seed_0,completed,german,mlp,diverse_dist,1,prediction_not_equal_desired_class,50,50,50,42.0,18.0,True,1.0,0.365136981010437,0.365136981010437,1.0,1.0,1.0,1.0,,,,,0.3651370155907363,0.3651370155907363,0.3651369990617173,0.3651369990617173,,,
german__mlp__diverse_dist,detail,,0,german__mlp__diverse_dist__sample_seed_0,completed,german,mlp,diverse_dist,1,prediction_not_equal_desired_class,50,50,50,43.0,30.0,True,1.0,0.0145272314548492,0.0105387074872851,2.0,1.0,2.0,1.0,0.0192519128322601,0.0192519128322601,0.0154467957522319,0.0154467957522319,0.0185545219593689,0.0145272332624411,0.0133903976359896,0.0105387056099197,,,
german__mlp__diverse_dist,detail,,0,german__mlp__diverse_dist__sample_seed_0,completed,german,mlp,diverse_dist,1,prediction_not_equal_desired_class,50,50,50,44.0,983.0,True,1.0,0.0318532884120941,0.022806929424405,3.0,1.0,3.0,1.0,0.1211192508538564,0.1070756167173385,0.0824543105350098,0.0776583127139439,0.083804839128743,0.0318532981708359,0.0627930485012123,0.0228069365406892,,,
german__mlp__diverse_dist,detail,,0,german__mlp__diverse_dist__sample_seed_0,completed,german,mlp,diverse_dist,1,prediction_not_equal_desired_class,50,50,50,45.0,717.0,True,1.0,0.0479000657796859,0.0349493138492107,3.0,1.0,3.0,1.0,0.1253143846988678,0.064466118812561,0.0857840726556236,0.054668021713102,0.0786238788026898,0.0479000614885052,0.0598172815900399,0.0349493111936181,,,
german__mlp__diverse_dist,detail,,0,german__mlp__diverse_dist__sample_seed_0,completed,german,mlp,diverse_dist,1,prediction_not_equal_desired_class,50,50,50,46.0,118.0,True,1.0,0.4164921045303345,0.284336656332016,1.0,1.0,1.0,1.0,,,,,0.4164921129477067,0.4164921129477067,0.2843366620301186,0.2843366620301186,,,
german__mlp__diverse_dist,detail,,0,german__mlp__diverse_dist__sample_seed_0,completed,german,mlp,diverse_dist,1,prediction_not_equal_desired_class,50,50,50,47.0,683.0,True,1.0,0.4143203496932983,0.2552914023399353,1.0,1.0,1.0,1.0,,,,,0.4143203532740181,0.4143203532740181,0.2552913897995727,0.2552913897995727,,,
german__mlp__diverse_dist,detail,,0,german__mlp__diverse_dist__sample_seed_0,completed,german,mlp,diverse_dist,1,prediction_not_equal_desired_class,50,50,50,48.0,915.0,True,1.0,1.2539771795272827,0.8013187646865845,1.0,1.0,1.0,1.0,,,,,1.2539771670052984,1.2539771670052984,0.8013187852154551,0.8013187852154551,,,
german__mlp__diverse_dist,detail,,0,german__mlp__diverse_dist__sample_seed_0,completed,german,mlp,diverse_dist,1,prediction_not_equal_desired_class,50,50,50,49.0,136.0,True,1.0,0.0779081881046295,0.0494860298931598,2.0,1.0,2.0,1.0,0.1203124672174453,0.1203124672174453,0.0830121397893852,0.0830121397893852,0.1047136096885875,0.0779081917476904,0.0664355399271173,0.0494860299448596,,,
german__mlp__diverse_dist,detail,,0,german__mlp__diverse_dist__sample_seed_0,completed,german,mlp,diverse_dist,1,prediction_not_equal_desired_class,50,50,50,50.0,556.0,True,1.0,0.1544695645570755,0.1040217578411102,3.0,1.0,3.0,1.0,0.2879184732834498,0.2347505912184715,0.2004590395620547,0.1871734388550086,0.2289067089144368,0.1544695633161629,0.1549542324673965,0.1040217636492414,,,
german__mlp__diverse_dist,summary,seed,0,german__mlp__diverse_dist__sample_seed_0,completed,german,mlp,diverse_dist,1,prediction_not_equal_desired_class,50,50,50,,,,1.0,0.2356660898774862,0.1651394376717508,2.2,1.0,2.2,1.0,0.4176217594567467,0.2263829464859822,0.2633470129678101,0.1511524098772707,0.3315397251655164,0.2356660893991965,0.2272796030185172,0.1627832906038856,50.0,,1.182492
german__mlp__cemsp,detail,,0,german__mlp__cemsp__sample_seed_0,completed,german,mlp,cemsp,1,prediction_not_equal_desired_class,50,50,50,1.0,622.0,False,0.0,,,0.0,0.0,,,,,,,,,,,,,
german__mlp__cemsp,detail,,0,german__mlp__cemsp__sample_seed_0,completed,german,mlp,cemsp,1,prediction_not_equal_desired_class,50,50,50,2.0,378.0,False,0.0,,,0.0,0.0,,,,,,,,,,,,,
german__mlp__cemsp,detail,,0,german__mlp__cemsp__sample_seed_0,completed,german,mlp,cemsp,1,prediction_not_equal_desired_class,50,50,50,3.0,63.0,False,0.0,,,0.0,0.0,,,,,,,,,,,,,
german__mlp__cemsp,detail,,0,german__mlp__cemsp__sample_seed_0,completed,german,mlp,cemsp,1,prediction_not_equal_desired_class,50,50,50,4.0,331.0,True,1.0,2.107142925262451,1.4182664155960083,1.0,1.0,1.0,1.0,,,,,2.107142857142857,2.107142857142857,1.4182664036903414,1.4182664036903414,,,
german__mlp__cemsp,detail,,0,german__mlp__cemsp__sample_seed_0,completed,german,mlp,cemsp,1,prediction_not_equal_desired_class,50,50,50,5.0,952.0,True,1.0,1.0,1.0,1.0,1.0,1.0,1.0,,,,,1.0,1.0,1.0,1.0,,,
german__mlp__cemsp,detail,,0,german__mlp__cemsp__sample_seed_0,completed,german,mlp,cemsp,1,prediction_not_equal_desired_class,50,50,50,6.0,170.0,True,1.0,0.0642676353454589,0.0642676353454589,1.0,1.0,1.0,1.0,,,,,0.0642676350830857,0.0642676350830857,0.0642676350830857,0.0642676350830857,,,
german__mlp__cemsp,detail,,0,german__mlp__cemsp__sample_seed_0,completed,german,mlp,cemsp,1,prediction_not_equal_desired_class,50,50,50,7.0,433.0,True,1.0,1.056872844696045,1.001439332962036,1.0,1.0,1.0,1.0,,,,,1.056872848181861,1.056872848181861,1.0014393627827038,1.0014393627827038,,,
german__mlp__cemsp,detail,,0,german__mlp__cemsp__sample_seed_0,completed,german,mlp,cemsp,1,prediction_not_equal_desired_class,50,50,50,8.0,321.0,True,1.0,1.081332802772522,1.002596735954285,1.0,1.0,1.0,1.0,,,,,1.0813328302598688,1.0813328302598688,1.0025966961641777,1.0025966961641777,,,
german__mlp__cemsp,detail,,0,german__mlp__cemsp__sample_seed_0,completed,german,mlp,cemsp,1,prediction_not_equal_desired_class,50,50,50,9.0,910.0,True,1.0,1.0,1.0,1.0,1.0,1.0,1.0,,,,,1.0,1.0,1.0,1.0,,,
german__mlp__cemsp,detail,,0,german__mlp__cemsp__sample_seed_0,completed,german,mlp,cemsp,1,prediction_not_equal_desired_class,50,50,50,10.0,124.0,True,1.0,2.1607143878936768,1.423316240310669,1.0,1.0,1.0,1.0,,,,,2.1607142857142856,2.1607142857142856,1.4233162268563695,1.4233162268563695,,,
german__mlp__cemsp,detail,,0,german__mlp__cemsp__sample_seed_0,completed,german,mlp,cemsp,1,prediction_not_equal_desired_class,50,50,50,11.0,11.0,False,0.0,,,0.0,0.0,,,,,,,,,,,,,
german__mlp__cemsp,detail,,0,german__mlp__cemsp__sample_seed_0,completed,german,mlp,cemsp,1,prediction_not_equal_desired_class,50,50,50,12.0,17.0,True,1.0,0.1964285671710968,0.1964285671710968,1.0,1.0,1.0,1.0,,,,,0.1964285714285714,0.1964285714285714,0.1964285714285714,0.1964285714285714,,,
german__mlp__cemsp,detail,,0,german__mlp__cemsp__sample_seed_0,completed,german,mlp,cemsp,1,prediction_not_equal_desired_class,50,50,50,13.0,517.0,True,1.0,2.232142925262451,1.4331400394439695,1.0,1.0,1.0,1.0,,,,,2.232142857142857,2.232142857142857,1.4331400162309504,1.4331400162309504,,,
german__mlp__cemsp,detail,,0,german__mlp__cemsp__sample_seed_0,completed,german,mlp,cemsp,1,prediction_not_equal_desired_class,50,50,50,14.0,657.0,False,0.0,,,0.0,0.0,,,,,,,,,,,,,
german__mlp__cemsp,detail,,0,german__mlp__cemsp__sample_seed_0,completed,german,mlp,cemsp,1,prediction_not_equal_desired_class,50,50,50,15.0,566.0,True,1.0,1.0,1.0,1.0,1.0,1.0,1.0,,,,,1.0,1.0,1.0,1.0,,,
german__mlp__cemsp,detail,,0,german__mlp__cemsp__sample_seed_0,completed,german,mlp,cemsp,1,prediction_not_equal_desired_class,50,50,50,16.0,614.0,True,1.0,2.267057418823242,1.4362419843673706,1.0,1.0,1.0,1.0,,,,,2.2670573346539014,2.2670573346539014,1.4362419547783358,1.4362419547783358,,,
german__mlp__cemsp,detail,,0,german__mlp__cemsp__sample_seed_0,completed,german,mlp,cemsp,1,prediction_not_equal_desired_class,50,50,50,17.0,966.0,True,1.0,0.2321428656578064,0.2321428656578064,1.0,1.0,1.0,1.0,,,,,0.2321428571428571,0.2321428571428571,0.2321428571428571,0.2321428571428571,,,
german__mlp__cemsp,detail,,0,german__mlp__cemsp__sample_seed_0,completed,german,mlp,cemsp,1,prediction_not_equal_desired_class,50,50,50,18.0,66.0,True,1.0,1.0,1.0,1.0,1.0,1.0,1.0,,,,,1.0,1.0,1.0,1.0,,,
german__mlp__cemsp,detail,,0,german__mlp__cemsp__sample_seed_0,completed,german,mlp,cemsp,1,prediction_not_equal_desired_class,50,50,50,19.0,182.0,True,1.0,0.0259161442518234,0.0259161442518234,1.0,1.0,1.0,1.0,,,,,0.025916143941895,0.025916143941895,0.025916143941895,0.025916143941895,,,
german__mlp__cemsp,detail,,0,german__mlp__cemsp__sample_seed_0,completed,german,mlp,cemsp,1,prediction_not_equal_desired_class,50,50,50,20.0,163.0,False,0.0,,,0.0,0.0,,,,,,,,,,,,,
german__mlp__cemsp,detail,,0,german__mlp__cemsp__sample_seed_0,completed,german,mlp,cemsp,1,prediction_not_equal_desired_class,50,50,50,21.0,405.0,True,1.0,1.2543468475341797,1.0307855606079102,1.0,1.0,1.0,1.0,,,,,1.254346869153736,1.254346869153736,1.0307855719166037,1.0307855719166037,,,
german__mlp__cemsp,detail,,0,german__mlp__cemsp__sample_seed_0,completed,german,mlp,cemsp,1,prediction_not_equal_desired_class,50,50,50,22.0,446.0,False,0.0,,,0.0,0.0,,,,,,,,,,,,,
german__mlp__cemsp,detail,,0,german__mlp__cemsp__sample_seed_0,completed,german,mlp,cemsp,1,prediction_not_equal_desired_class,50,50,50,23.0,419.0,True,1.0,2.0592055320739746,1.4154523611068726,1.0,1.0,1.0,1.0,,,,,2.0592054583470896,2.0592054583470896,1.4154523256888905,1.4154523256888905,,,
german__mlp__cemsp,detail,,0,german__mlp__cemsp__sample_seed_0,completed,german,mlp,cemsp,1,prediction_not_equal_desired_class,50,50,50,24.0,812.0,False,0.0,,,0.0,0.0,,,,,,,,,,,,,
german__mlp__cemsp,detail,,0,german__mlp__cemsp__sample_seed_0,completed,german,mlp,cemsp,1,prediction_not_equal_desired_class,50,50,50,25.0,410.0,True,1.0,1.294022798538208,1.0400488376617432,1.0,1.0,1.0,1.0,,,,,1.2940228584005409,1.2940228584005409,1.0400488860824315,1.0400488860824315,,,
german__mlp__cemsp,detail,,0,german__mlp__cemsp__sample_seed_0,completed,german,mlp,cemsp,1,prediction_not_equal_desired_class,50,50,50,26.0,706.0,True,1.0,0.2142857164144516,0.2142857164144516,1.0,1.0,1.0,1.0,,,,,0.2142857142857142,0.2142857142857142,0.2142857142857142,0.2142857142857142,,,
german__mlp__cemsp,detail,,0,german__mlp__cemsp__sample_seed_0,completed,german,mlp,cemsp,1,prediction_not_equal_desired_class,50,50,50,27.0,306.0,True,1.0,1.2142857313156128,1.0227015018463137,2.0,1.0,2.0,1.0,2.0,2.0,1.4142135623730951,1.4142135623730951,1.2142857142857142,1.2142857142857142,1.0227015045197394,1.0227015045197394,,,
german__mlp__cemsp,detail,,0,german__mlp__cemsp__sample_seed_0,completed,german,mlp,cemsp,1,prediction_not_equal_desired_class,50,50,50,28.0,337.0,True,1.0,1.0463849306106567,1.001075267791748,1.0,1.0,1.0,1.0,,,,,1.0463849455265763,1.0463849455265763,1.00107520355441,1.00107520355441,,,
german__mlp__cemsp,detail,,0,german__mlp__cemsp__sample_seed_0,completed,german,mlp,cemsp,1,prediction_not_equal_desired_class,50,50,50,29.0,593.0,True,1.0,1.2857142686843872,1.040015697479248,1.0,1.0,1.0,1.0,,,,,1.2857142857142856,1.2857142857142856,1.0400156984686455,1.0400156984686455,,,
german__mlp__cemsp,detail,,0,german__mlp__cemsp__sample_seed_0,completed,german,mlp,cemsp,1,prediction_not_equal_desired_class,50,50,50,30.0,559.0,True,1.0,0.0892857164144516,0.0892857164144516,2.0,1.0,2.0,1.0,0.0997402097187504,0.0997402097187504,0.0898956909438354,0.0898956909438354,0.0498701048593752,0.0104544954330361,0.0498701048593752,0.0104544954330361,,,
german__mlp__cemsp,detail,,0,german__mlp__cemsp__sample_seed_0,completed,german,mlp,cemsp,1,prediction_not_equal_desired_class,50,50,50,31.0,283.0,False,0.0,,,0.0,0.0,,,,,,,,,,,,,
german__mlp__cemsp,detail,,0,german__mlp__cemsp__sample_seed_0,completed,german,mlp,cemsp,1,prediction_not_equal_desired_class,50,50,50,32.0,100.0,True,1.0,2.035710334777832,1.4146642684936523,1.0,1.0,1.0,1.0,,,,,2.035710355452845,2.035710355452845,1.414664352235741,1.414664352235741,,,
german__mlp__cemsp,detail,,0,german__mlp__cemsp__sample_seed_0,completed,german,mlp,cemsp,1,prediction_not_equal_desired_class,50,50,50,33.0,813.0,False,0.0,,,0.0,0.0,,,,,,,,,,,,,
german__mlp__cemsp,detail,,0,german__mlp__cemsp__sample_seed_0,completed,german,mlp,cemsp,1,prediction_not_equal_desired_class,50,50,50,34.0,746.0,True,1.0,1.0,1.0,1.0,1.0,1.0,1.0,,,,,1.0,1.0,1.0,1.0,,,
german__mlp__cemsp,detail,,0,german__mlp__cemsp__sample_seed_0,completed,german,mlp,cemsp,1,prediction_not_equal_desired_class,50,50,50,35.0,728.0,True,1.0,1.0,1.0,1.0,1.0,1.0,1.0,,,,,1.0,1.0,1.0,1.0,,,
german__mlp__cemsp,detail,,0,german__mlp__cemsp__sample_seed_0,completed,german,mlp,cemsp,1,prediction_not_equal_desired_class,50,50,50,36.0,739.0,True,1.0,2.0,1.4142135381698608,3.0,1.0,3.0,1.0,1.4523809523809526,1.1785714285714286,1.14861702809236,1.0158187609519924,1.4523809523809526,1.1785714285714286,1.14861702809236,1.0158187609519924,,,
german__mlp__cemsp,detail,,0,german__mlp__cemsp__sample_seed_0,completed,german,mlp,cemsp,1,prediction_not_equal_desired_class,50,50,50,37.0,918.0,True,1.0,1.0,1.0,1.0,1.0,1.0,1.0,,,,,1.0,1.0,1.0,1.0,,,
german__mlp__cemsp,detail,,0,german__mlp__cemsp__sample_seed_0,completed,german,mlp,cemsp,1,prediction_not_equal_desired_class,50,50,50,38.0,340.0,True,1.0,2.0,1.4142135381698608,2.0,1.0,2.0,1.0,1.2142857142857142,1.2142857142857142,1.0227015045197394,1.0227015045197394,1.6071428571428572,1.2142857142857142,1.2184575334464172,1.0227015045197394,,,
german__mlp__cemsp,detail,,0,german__mlp__cemsp__sample_seed_0,completed,german,mlp,cemsp,1,prediction_not_equal_desired_class,50,50,50,39.0,855.0,True,1.0,1.0890066623687744,1.0020606517791748,1.0,1.0,1.0,1.0,,,,,1.089006665723404,1.089006665723404,1.0020606538484589,1.0020606538484589,,,
german__mlp__cemsp,detail,,0,german__mlp__cemsp__sample_seed_0,completed,german,mlp,cemsp,1,prediction_not_equal_desired_class,50,50,50,40.0,169.0,True,1.0,1.0993549823760986,1.004028558731079,1.0,1.0,1.0,1.0,,,,,1.0993550440975333,1.0993550440975333,1.0040285504797009,1.0040285504797009,,,
german__mlp__cemsp,detail,,0,german__mlp__cemsp__sample_seed_0,completed,german,mlp,cemsp,1,prediction_not_equal_desired_class,50,50,50,41.0,1.0,True,1.0,2.25,1.4361406564712524,1.0,1.0,1.0,1.0,,,,,2.25,2.25,1.4361406616345072,1.4361406616345072,,,
german__mlp__cemsp,detail,,0,german__mlp__cemsp__sample_seed_0,completed,german,mlp,cemsp,1,prediction_not_equal_desired_class,50,50,50,42.0,18.0,False,0.0,,,0.0,0.0,,,,,,,,,,,,,
german__mlp__cemsp,detail,,0,german__mlp__cemsp__sample_seed_0,completed,german,mlp,cemsp,1,prediction_not_equal_desired_class,50,50,50,43.0,30.0,True,1.0,2.0,1.4142135381698608,1.0,1.0,1.0,1.0,,,,,2.0,2.0,1.4142135623730951,1.4142135623730951,,,
german__mlp__cemsp,detail,,0,german__mlp__cemsp__sample_seed_0,completed,german,mlp,cemsp,1,prediction_not_equal_desired_class,50,50,50,44.0,983.0,True,1.0,0.1785714328289032,0.1785714328289032,1.0,1.0,1.0,1.0,,,,,0.1785714285714285,0.1785714285714285,0.1785714285714285,0.1785714285714285,,,
german__mlp__cemsp,detail,,0,german__mlp__cemsp__sample_seed_0,completed,german,mlp,cemsp,1,prediction_not_equal_desired_class,50,50,50,45.0,717.0,True,1.0,0.033729501068592,0.033729501068592,1.0,1.0,1.0,1.0,,,,,0.0337295036865852,0.0337295036865852,0.0337295036865852,0.0337295036865852,,,
german__mlp__cemsp,detail,,0,german__mlp__cemsp__sample_seed_0,completed,german,mlp,cemsp,1,prediction_not_equal_desired_class,50,50,50,46.0,118.0,True,1.0,1.2321429252624512,1.026591658592224,1.0,1.0,1.0,1.0,,,,,1.2321428571428572,1.2321428571428572,1.0265915965574863,1.0265915965574863,,,
german__mlp__cemsp,detail,,0,german__mlp__cemsp__sample_seed_0,completed,german,mlp,cemsp,1,prediction_not_equal_desired_class,50,50,50,47.0,683.0,True,1.0,2.0,1.4142135381698608,1.0,1.0,1.0,1.0,,,,,2.0,2.0,1.4142135623730951,1.4142135623730951,,,
german__mlp__cemsp,detail,,0,german__mlp__cemsp__sample_seed_0,completed,german,mlp,cemsp,1,prediction_not_equal_desired_class,50,50,50,48.0,915.0,False,0.0,,,0.0,0.0,,,,,,,,,,,,,
german__mlp__cemsp,detail,,0,german__mlp__cemsp__sample_seed_0,completed,german,mlp,cemsp,1,prediction_not_equal_desired_class,50,50,50,49.0,136.0,False,0.0,,,0.0,0.0,,,,,,,,,,,,,
german__mlp__cemsp,detail,,0,german__mlp__cemsp__sample_seed_0,completed,german,mlp,cemsp,1,prediction_not_equal_desired_class,50,50,50,50.0,556.0,True,1.0,1.0,1.0,1.0,1.0,1.0,1.0,,,,,1.0,1.0,1.0,1.0,,,
german__mlp__cemsp,summary,seed,0,german__mlp__cemsp__sample_seed_0,completed,german,mlp,cemsp,1,prediction_not_equal_desired_class,50,50,50,,,,0.74,1.1837855647947335,0.941622905433178,0.84,0.74,1.135135135135135,1.0,1.1916017190963544,1.1231493381439734,0.9188569464822576,0.8856573796971656,1.1573019955530686,1.138218690793798,0.9280886300209182,0.9181434974400158,37.0,,7.446976
adult__mlp__dice,detail,,0,adult__mlp__dice__sample_seed_0,completed,adult,mlp,dice,1,prediction_not_equal_desired_class,50,2109,50,1.0,38949.0,True,1.0,8.514171600341797,2.8498075008392334,5.0,1.0,5.0,1.0,9.895528000593185,7.498649045825005,3.050094734678205,2.664511999668384,7.363415213121127,5.9951388184882735,2.5983627045049564,2.2907116353730586,,,
adult__mlp__dice,detail,,0,adult__mlp__dice__sample_seed_0,completed,adult,mlp,dice,1,prediction_not_equal_desired_class,50,2109,50,2.0,21712.0,True,1.0,2.68265151977539,1.497483253479004,5.0,1.0,5.0,1.0,9.20310320854187,5.040818005800247,2.88823286086769,2.086372255631076,6.078716333273095,2.6826513437581143,2.287283947766556,1.4974832738208466,,,
adult__mlp__dice,detail,,0,adult__mlp__dice__sample_seed_0,completed,adult,mlp,dice,1,prediction_not_equal_desired_class,50,2109,50,3.0,2984.0,True,1.0,3.8690481185913086,1.8082969188690183,5.0,1.0,5.0,1.0,10.529093814268707,8.113151990808547,3.1263657151492925,2.7159696995228058,9.148941740762282,3.869048085271362,2.8541690534135693,1.808296964146905,,,
adult__mlp__dice,detail,,0,adult__mlp__dice__sample_seed_0,completed,adult,mlp,dice,1,prediction_not_equal_desired_class,50,2109,50,4.0,5144.0,True,1.0,4.3826093673706055,2.021917819976806,5.0,1.0,5.0,1.0,9.88684897273779,6.637722969055176,3.0179038653561183,2.4734629596699023,7.899756230296799,4.3826091770030295,2.7045799084155027,2.021917781044361,,,
adult__mlp__dice,detail,,0,adult__mlp__dice__sample_seed_0,completed,adult,mlp,dice,1,prediction_not_equal_desired_class,50,2109,50,5.0,4049.0,True,1.0,4.726504325866699,2.086142539978028,5.0,1.0,5.0,1.0,9.989381617307664,6.737063989043236,3.025099950133116,2.4867771560456373,6.543723526334409,4.624635546086452,2.4494271539967185,2.03666932886414,,,
adult__mlp__dice,detail,,0,adult__mlp__dice__sample_seed_0,completed,adult,mlp,dice,1,prediction_not_equal_desired_class,50,2109,50,6.0,25872.0,True,1.0,7.824620246887207,2.743608236312866,5.0,1.0,5.0,1.0,10.086711399257185,6.723042003810406,3.0636541088875284,2.495706713493377,9.306369287005598,7.824620452720413,2.9751927360216035,2.743608411681456,,,
adult__mlp__dice,detail,,0,adult__mlp__dice__sample_seed_0,completed,adult,mlp,dice,1,prediction_not_equal_desired_class,50,2109,50,7.0,831.0,True,1.0,11.180240631103516,3.319110870361328,5.0,1.0,5.0,1.0,10.731853577494622,8.570442005991936,3.160507558498053,2.8533570401188424,10.123148825490487,6.63439937863659,3.085023079146488,2.488232118401223,,,
adult__mlp__dice,detail,,0,adult__mlp__dice__sample_seed_0,completed,adult,mlp,dice,1,prediction_not_equal_desired_class,50,2109,50,8.0,22906.0,True,1.0,4.796463966369629,2.054912567138672,5.0,1.0,5.0,1.0,9.686872810125353,5.068269029259682,2.9884546455811427,2.072147661724004,6.834278376182681,4.796464170114368,2.5117677384139183,2.0549125404690147,,,
adult__mlp__dice,detail,,0,adult__mlp__dice__sample_seed_0,completed,adult,mlp,dice,1,prediction_not_equal_desired_class,50,2109,50,9.0,41716.0,True,1.0,6.352322578430176,2.4720966815948486,5.0,1.0,5.0,1.0,10.417288453876973,7.320451103150845,3.1119259172106206,2.6190995095553613,6.731357065612772,4.345656361247379,2.480897502638633,2.014981122371042,,,
adult__mlp__dice,detail,,0,adult__mlp__dice__sample_seed_0,completed,adult,mlp,dice,1,prediction_not_equal_desired_class,50,2109,50,10.0,28104.0,True,1.0,8.340934753417969,2.8354318141937256,5.0,1.0,5.0,1.0,10.659522166848182,8.855963967740536,3.140320846294412,2.885503510158772,9.10964759981812,6.644223427718366,2.911438272345485,2.4857332797003417,,,
adult__mlp__dice,detail,,0,adult__mlp__dice__sample_seed_0,completed,adult,mlp,dice,1,prediction_not_equal_desired_class,50,2109,50,11.0,20919.0,True,1.0,7.788680076599121,2.687092065811157,4.0,1.0,4.0,1.0,11.165985349255305,6.915289044380188,3.2193165777877764,2.493921334591364,9.376740971601835,7.788679870018808,2.979334616700263,2.68709211140961,,,
adult__mlp__dice,detail,,0,adult__mlp__dice__sample_seed_0,completed,adult,mlp,dice,1,prediction_not_equal_desired_class,50,2109,50,12.0,38782.0,True,1.0,4.952856063842773,2.1226015090942383,5.0,1.0,5.0,1.0,9.64782216399908,6.935805946588516,2.9793966440374176,2.546791790595197,6.8939997255264345,4.952856361845446,2.512927117490229,2.122601453993299,,,
adult__mlp__dice,detail,,0,adult__mlp__dice__sample_seed_0,completed,adult,mlp,dice,1,prediction_not_equal_desired_class,50,2109,50,13.0,1605.0,True,1.0,6.307956218719482,2.456959724426269,5.0,1.0,5.0,1.0,11.007367006270217,7.457378948107362,3.191051736124826,2.5818111611773618,9.472586050615543,6.307956388513866,2.9707945930422706,2.456959894768192,,,
adult__mlp__dice,detail,,0,adult__mlp__dice__sample_seed_0,completed,adult,mlp,dice,1,prediction_not_equal_desired_class,50,2109,50,14.0,15764.0,True,1.0,8.981365203857422,2.8919990062713623,5.0,1.0,5.0,1.0,10.138708582520485,7.506384983658791,3.055903317742113,2.556167170965478,8.890436409258763,6.5729988685826,2.86919323398449,2.475072537967413,,,
adult__mlp__dice,detail,,0,adult__mlp__dice__sample_seed_0,completed,adult,mlp,dice,1,prediction_not_equal_desired_class,50,2109,50,15.0,8266.0,True,1.0,6.39164400100708,2.475977659225464,4.0,1.0,4.0,1.0,10.561265341937542,7.147752016782761,3.1423639311564524,2.5648706953877327,9.31926509167771,6.391644122210134,2.975510480434769,2.4759775307277536,,,
adult__mlp__dice,detail,,0,adult__mlp__dice__sample_seed_0,completed,adult,mlp,dice,1,prediction_not_equal_desired_class,50,2109,50,16.0,44186.0,True,1.0,6.343759536743164,2.4692673683166504,4.0,1.0,4.0,1.0,10.28981452062726,8.952169992029667,3.100034180867413,2.8791496950143585,7.848294366217435,6.34375987633342,2.7111904713781185,2.4692673011277204,,,
adult__mlp__dice,detail,,0,adult__mlp__dice__sample_seed_0,completed,adult,mlp,dice,1,prediction_not_equal_desired_class,50,2109,50,17.0,38233.0,True,1.0,7.123151779174805,2.5978264808654785,5.0,1.0,5.0,1.0,9.764506596326829,6.107810020446777,3.000995809678513,2.3041834598338653,8.584320767302735,4.8842467327707135,2.807186899644532,2.083684451315152,,,
adult__mlp__dice,detail,,0,adult__mlp__dice__sample_seed_0,completed,adult,mlp,dice,1,prediction_not_equal_desired_class,50,2109,50,18.0,11249.0,True,1.0,4.458289623260498,2.0195744037628174,5.0,1.0,5.0,1.0,9.929554218053818,6.718343004584312,3.0205941442055737,2.40398328728299,7.57475585904932,4.458289736647608,2.6045032932147203,2.019574381706663,,,
adult__mlp__dice,detail,,0,adult__mlp__dice__sample_seed_0,completed,adult,mlp,dice,1,prediction_not_equal_desired_class,50,2109,50,19.0,43670.0,True,1.0,9.324545860290527,2.971174716949463,4.0,1.0,4.0,1.0,10.168795819083847,8.861456021666527,3.0817682801861253,2.8669702187776345,9.774232725799084,7.176198917266574,3.0410466751324607,2.6401988863161536,,,
adult__mlp__dice,detail,,0,adult__mlp__dice__sample_seed_0,completed,adult,mlp,dice,1,prediction_not_equal_desired_class,50,2109,50,20.0,27601.0,True,1.0,6.330686569213867,2.467118978500366,5.0,1.0,5.0,1.0,9.323566192388537,6.6434949934482574,2.92220681285778,2.4790850466648573,6.934356512894125,6.330686783443436,2.547548174753602,2.46711893246556,,,
adult__mlp__dice,detail,,0,adult__mlp__dice__sample_seed_0,completed,adult,mlp,dice,1,prediction_not_equal_desired_class,50,2109,50,21.0,12876.0,True,1.0,8.374104499816895,2.84462571144104,5.0,1.0,5.0,1.0,9.204105374310164,5.225678022950888,2.8784420885134887,2.092118548968916,10.429178305881385,8.374104594346996,3.119099875227542,2.844625553105205,,,
adult__mlp__dice,detail,,0,adult__mlp__dice__sample_seed_0,completed,adult,mlp,dice,1,prediction_not_equal_desired_class,50,2109,50,22.0,32140.0,True,1.0,7.145123958587647,2.5419578552246094,4.0,1.0,4.0,1.0,10.138519464681544,8.017302937805653,3.0614848795152905,2.73359931044869,8.602514464750278,7.145123770281461,2.851809583041188,2.541957972939473,,,
adult__mlp__dice,detail,,0,adult__mlp__dice__sample_seed_0,completed,adult,mlp,dice,1,prediction_not_equal_desired_class,50,2109,50,23.0,424.0,True,1.0,4.942282199859619,2.112300395965576,5.0,1.0,5.0,1.0,8.260939416289329,6.668371006846428,2.7450791188720385,2.482090576196004,5.9390646441599815,4.239844298498677,2.3401857356033675,2.013084056368153,,,
adult__mlp__dice,detail,,0,adult__mlp__dice__sample_seed_0,completed,adult,mlp,dice,1,prediction_not_equal_desired_class,50,2109,50,24.0,19027.0,True,1.0,4.877944946289063,2.068012952804565,5.0,1.0,5.0,1.0,9.54764277935028,6.960341021418572,2.9657452350200195,2.5123719891296865,6.6932981256596165,4.55227972465352,2.462889808887212,2.029971499858851,,,
adult__mlp__dice,detail,,0,adult__mlp__dice__sample_seed_0,completed,adult,mlp,dice,1,prediction_not_equal_desired_class,50,2109,50,25.0,44322.0,True,1.0,2.416475296020508,1.446625828742981,3.0,1.0,3.0,1.0,8.950019309918085,7.006617978215218,2.864241488875195,2.5047581685296256,7.329892899540691,2.416475421428825,2.514050892804569,1.4466258515642292,,,
adult__mlp__dice,detail,,0,adult__mlp__dice__sample_seed_0,completed,adult,mlp,dice,1,prediction_not_equal_desired_class,50,2109,50,26.0,31886.0,True,1.0,8.58251667022705,2.858205556869507,5.0,1.0,5.0,1.0,10.47871862053871,9.150014005601406,3.1314795813155905,2.889612643865785,8.614455218090587,7.229148063431047,2.852393623466757,2.6523090711026533,,,
adult__mlp__dice,detail,,0,adult__mlp__dice__sample_seed_0,completed,adult,mlp,dice,1,prediction_not_equal_desired_class,50,2109,50,27.0,11587.0,True,1.0,2.763590097427368,1.5133167505264282,5.0,1.0,5.0,1.0,8.745247007161378,2.807872027158737,2.8027513001565145,1.4990227780582566,6.676387558873628,2.7635900208143767,2.395566438392069,1.513316792653529,,,
adult__mlp__dice,detail,,0,adult__mlp__dice__sample_seed_0,completed,adult,mlp,dice,1,prediction_not_equal_desired_class,50,2109,50,28.0,31823.0,True,1.0,6.542431354522705,2.475430488586426,5.0,1.0,5.0,1.0,11.15080097913742,7.228956013917923,3.235049042140496,2.5159579410139155,8.78423029869492,6.542431175744318,2.8764816314972705,2.4754304271428125,,,
adult__mlp__dice,detail,,0,adult__mlp__dice__sample_seed_0,completed,adult,mlp,dice,1,prediction_not_equal_desired_class,50,2109,50,29.0,24033.0,True,1.0,10.64153003692627,3.187049865722656,5.0,1.0,5.0,1.0,9.92125458717346,7.352576017379761,3.023111011688583,2.542945242733143,9.636848471240356,4.886224947635242,2.9543848359017217,2.07082073580368,,,
adult__mlp__dice,detail,,0,adult__mlp__dice__sample_seed_0,completed,adult,mlp,dice,1,prediction_not_equal_desired_class,50,2109,50,30.0,34029.0,True,1.0,7.3068766593933105,2.6611294746398926,4.0,1.0,4.0,1.0,10.42227833221356,7.777616992592812,3.087997846739756,2.68886810813581,9.54755315883723,7.306876852118883,2.9855348639605497,2.661129561318984,,,
adult__mlp__dice,detail,,0,adult__mlp__dice__sample_seed_0,completed,adult,mlp,dice,1,prediction_not_equal_desired_class,50,2109,50,31.0,34346.0,True,1.0,4.549617767333984,2.036763429641724,5.0,1.0,5.0,1.0,10.086797600984571,8.558298021554947,3.0720820331112817,2.852295557241939,8.438822485102088,4.549617642696345,2.797370268800299,2.036763421213961,,,
adult__mlp__dice,detail,,0,adult__mlp__dice__sample_seed_0,completed,adult,mlp,dice,1,prediction_not_equal_desired_class,50,2109,50,32.0,27505.0,True,1.0,8.720015525817871,2.8620798587799072,5.0,1.0,5.0,1.0,10.877562001347542,7.181877985596657,3.174096803887325,2.5185576078633853,9.690646727312402,8.714863986586737,3.0397745659789903,2.862079669824283,,,
adult__mlp__dice,detail,,0,adult__mlp__dice__sample_seed_0,completed,adult,mlp,dice,1,prediction_not_equal_desired_class,50,2109,50,33.0,43027.0,True,1.0,7.020265579223633,2.645813226699829,5.0,1.0,5.0,1.0,10.612082815170288,7.682026028633118,3.1549523834695714,2.669269622442392,7.841142054423294,5.958227429746215,2.704929161500118,2.3061779015856976,,,
adult__mlp__dice,detail,,0,adult__mlp__dice__sample_seed_0,completed,adult,mlp,dice,1,prediction_not_equal_desired_class,50,2109,50,34.0,2512.0,True,1.0,8.81213665008545,2.858790159225464,5.0,1.0,5.0,1.0,10.146071821451187,6.768568053841591,3.06207124335142,2.5063169641310243,10.30846314360162,8.757279638891761,3.124041567310565,2.858790393482666,,,
adult__mlp__dice,detail,,0,adult__mlp__dice__sample_seed_0,completed,adult,mlp,dice,1,prediction_not_equal_desired_class,50,2109,50,35.0,25074.0,True,1.0,5.007892608642578,2.085400581359864,5.0,1.0,5.0,1.0,9.755597199499608,7.374530974775553,3.011168398601508,2.661278018803662,7.269289571003296,5.007892619022429,2.587276567441276,2.085400612088328,,,
adult__mlp__dice,detail,,0,adult__mlp__dice__sample_seed_0,completed,adult,mlp,dice,1,prediction_not_equal_desired_class,50,2109,50,36.0,29932.0,True,1.0,6.008446216583252,2.319873809814453,5.0,1.0,5.0,1.0,10.96126816868782,9.036772936582564,3.211473331224333,2.900707133972312,8.369325003470909,6.008446174087934,2.7811883582461787,2.3198736573199272,,,
adult__mlp__dice,detail,,0,adult__mlp__dice__sample_seed_0,completed,adult,mlp,dice,1,prediction_not_equal_desired_class,50,2109,50,37.0,21501.0,True,1.0,4.9139251708984375,2.081660032272339,5.0,1.0,5.0,1.0,9.328335162997243,4.591879993677139,2.917482983471191,2.033220667665212,7.0708496875143965,4.671422927826036,2.5429823094189574,2.052725205597586,,,
adult__mlp__dice,detail,,0,adult__mlp__dice__sample_seed_0,completed,adult,mlp,dice,1,prediction_not_equal_desired_class,50,2109,50,38.0,32715.0,True,1.0,3.175545215606689,1.6531871557235718,5.0,1.0,5.0,1.0,10.435618010908366,5.486813021823764,3.0936124807210463,2.19986859533341,7.812850964026188,3.17554516017287,2.6179010485439207,1.6531870950995886,,,
adult__mlp__dice,detail,,0,adult__mlp__dice__sample_seed_0,completed,adult,mlp,dice,1,prediction_not_equal_desired_class,50,2109,50,39.0,11319.0,True,1.0,5.334472179412842,2.255784273147583,5.0,1.0,5.0,1.0,9.961519831418991,7.572723962366581,3.0383577570532503,2.6704426827253305,7.019472542677323,4.313720110208338,2.513265663514664,2.0126774487199377,,,
adult__mlp__dice,detail,,0,adult__mlp__dice__sample_seed_0,completed,adult,mlp,dice,1,prediction_not_equal_desired_class,50,2109,50,40.0,22520.0,True,1.0,5.046737194061279,2.195364236831665,4.0,1.0,4.0,1.0,11.28292566537857,9.842837989330292,3.253705768672105,3.0352338899004967,9.333894161533005,5.046737295648012,2.953968949847397,2.1953642265500006,,,
adult__mlp__dice,detail,,0,adult__mlp__dice__sample_seed_0,completed,adult,mlp,dice,1,prediction_not_equal_desired_class,50,2109,50,41.0,17708.0,True,1.0,7.935958862304687,2.7932913303375244,5.0,1.0,5.0,1.0,10.993958815932274,8.596829982474446,3.1954657595946103,2.846518886956175,9.051168850950608,7.113513527688237,2.913306163559552,2.519406217571487,,,
adult__mlp__dice,detail,,0,adult__mlp__dice__sample_seed_0,completed,adult,mlp,dice,1,prediction_not_equal_desired_class,50,2109,50,42.0,11110.0,True,1.0,6.9945173263549805,2.524902105331421,4.0,1.0,4.0,1.0,10.458224644263586,8.567544966936111,3.1303095060802963,2.8535862934783784,8.427524724095857,6.994517516987642,2.814485712214568,2.5249019725728683,,,
adult__mlp__dice,detail,,0,adult__mlp__dice__sample_seed_0,completed,adult,mlp,dice,1,prediction_not_equal_desired_class,50,2109,50,43.0,44950.0,True,1.0,8.119487762451172,2.829119205474853,5.0,1.0,5.0,1.0,9.666520979255438,8.416069004684687,3.018358507683093,2.836742451401001,9.226121577967936,6.484242014833957,2.964374023010679,2.463412525903311,,,
adult__mlp__dice,detail,,0,adult__mlp__dice__sample_seed_0,completed,adult,mlp,dice,1,prediction_not_equal_desired_class,50,2109,50,44.0,3659.0,True,1.0,10.412216186523438,3.174332618713379,5.0,1.0,5.0,1.0,10.036247987300158,7.63476999104023,3.026842914450014,2.5671623062400264,9.465047675500998,6.667027894094866,2.9611278018400524,2.4930783685823794,,,
adult__mlp__dice,detail,,0,adult__mlp__dice__sample_seed_0,completed,adult,mlp,dice,1,prediction_not_equal_desired_class,50,2109,50,45.0,887.0,True,1.0,2.487111091613769,1.454051494598389,4.0,1.0,4.0,1.0,10.195892160137497,8.445987984538078,3.084867591864512,2.7894861849056984,7.50650225855308,2.4871111248251263,2.5719879582020244,1.4540515425178286,,,
adult__mlp__dice,detail,,0,adult__mlp__dice__sample_seed_0,completed,adult,mlp,dice,1,prediction_not_equal_desired_class,50,2109,50,46.0,16774.0,True,1.0,9.006821632385254,2.8870115280151367,5.0,1.0,5.0,1.0,8.56885897219181,4.823603019118309,2.7786776832311704,2.049173315056319,10.352719401122474,9.006821679041677,3.116416292616743,2.887011511558468,,,
adult__mlp__dice,detail,,0,adult__mlp__dice__sample_seed_0,completed,adult,mlp,dice,1,prediction_not_equal_desired_class,50,2109,50,47.0,21507.0,True,1.0,4.4282941818237305,2.042494773864746,5.0,1.0,5.0,1.0,9.32620857656002,4.970341995358467,2.9193626135065065,2.0963747204078,7.264099176936709,4.428293848457912,2.587408940277707,2.04249475297466,,,
adult__mlp__dice,detail,,0,adult__mlp__dice__sample_seed_0,completed,adult,mlp,dice,1,prediction_not_equal_desired_class,50,2109,50,48.0,1076.0,True,1.0,4.584970474243164,2.042576789855957,5.0,1.0,5.0,1.0,9.803385204076768,6.566727012395859,3.025017390173516,2.50191084632699,7.396323149586566,4.584970373792869,2.616364744932601,2.0425768863205143,,,
adult__mlp__dice,detail,,0,adult__mlp__dice__sample_seed_0,completed,adult,mlp,dice,1,prediction_not_equal_desired_class,50,2109,50,49.0,25409.0,True,1.0,7.948065280914307,2.793362617492676,5.0,1.0,5.0,1.0,10.301376622915267,7.248712047934532,3.101310160874039,2.5315547496824093,8.971018414391258,7.948065021103514,2.9199151737409306,2.793362669657943,,,
adult__mlp__dice,detail,,0,adult__mlp__dice__sample_seed_0,completed,adult,mlp,dice,1,prediction_not_equal_desired_class,50,2109,50,50.0,34115.0,True,1.0,6.340509414672852,2.46929931640625,4.0,1.0,4.0,1.0,10.67023598154386,8.466729015111923,3.1376522481403835,2.776328391481055,8.550222285479716,4.751945410927547,2.7672190995308243,2.0069313466835186,,,
adult__mlp__dice,summary,seed,0,adult__mlp__dice__sample_seed_0,completed,adult,mlp,dice,1,prediction_not_equal_desired_class,50,2109,50,,,,1.0,6.422247681617737,2.411244270801544,4.76,1.0,4.76,1.0,10.067436078086184,7.196808981876821,3.0497688157859657,2.547744331179477,8.308545393576376,5.702662493685406,2.7625015862349835,2.2639926577070484,50.0,,458.423723
adult__mlp__diverse_dist,detail,,0,adult__mlp__diverse_dist__sample_seed_0,completed,adult,mlp,diverse_dist,1,prediction_not_equal_desired_class,50,2109,50,1.0,38949.0,True,1.0,1.0012664794921875,0.6245810985565186,4.0,1.0,4.0,1.0,2.0990864906149604,1.2976258751004934,0.9091338442077554,0.6385039713733952,1.331969531333567,1.001266560365008,0.7167000741385335,0.5432879061461969,,,
adult__mlp__diverse_dist,detail,,0,adult__mlp__diverse_dist__sample_seed_0,completed,adult,mlp,diverse_dist,1,prediction_not_equal_desired_class,50,2109,50,2.0,21712.0,True,1.0,0.2267034202814102,0.1510304659605026,5.0,1.0,5.0,1.0,2.5729784585535524,1.78757144510746,1.3849097201220844,1.0720007514594303,1.6502644487902178,0.2267034472870744,1.016330548647092,0.1510304725392508,,,
adult__mlp__diverse_dist,detail,,0,adult__mlp__diverse_dist__sample_seed_0,completed,adult,mlp,diverse_dist,1,prediction_not_equal_desired_class,50,2109,50,3.0,2984.0,True,1.0,0.1925758421421051,0.1364712715148925,5.0,1.0,5.0,1.0,1.761948078870773,0.8273168802261353,1.0276604118944983,0.4649673621561312,0.9358122512535708,0.192575847606003,0.6772113558189429,0.1364712699602198,,,
adult__mlp__diverse_dist,detail,,0,adult__mlp__diverse_dist__sample_seed_0,completed,adult,mlp,diverse_dist,1,prediction_not_equal_desired_class,50,2109,50,4.0,5144.0,True,1.0,1.5172181129455566,0.8158177733421326,5.0,1.0,5.0,1.0,3.663706710934639,2.900701254606247,1.5659264349290756,1.322415620458109,2.014061829374289,1.5172180715895922,1.1421819449637367,0.8158177667981416,,,
adult__mlp__diverse_dist,detail,,0,adult__mlp__diverse_dist__sample_seed_0,completed,adult,mlp,diverse_dist,1,prediction_not_equal_desired_class,50,2109,50,5.0,4049.0,True,1.0,1.451176643371582,0.8476426005363464,5.0,1.0,5.0,1.0,2.631637626886368,2.080300211906433,1.1210102861919096,0.9877397803098094,1.6425752634368265,1.4511766520331686,0.8849970358256609,0.8437091191858328,,,
adult__mlp__diverse_dist,detail,,0,adult__mlp__diverse_dist__sample_seed_0,completed,adult,mlp,diverse_dist,1,prediction_not_equal_desired_class,50,2109,50,6.0,25872.0,True,1.0,0.2876712381839752,0.1625066697597503,5.0,1.0,5.0,1.0,2.050604862719774,0.3946690112352371,1.0500564290317471,0.1878873861887823,1.2086894549830032,0.287671276130766,0.6922861188079671,0.1625066761377215,,,
adult__mlp__diverse_dist,detail,,0,adult__mlp__diverse_dist__sample_seed_0,completed,adult,mlp,diverse_dist,1,prediction_not_equal_desired_class,50,2109,50,7.0,831.0,True,1.0,0.5805860757827759,0.3999544084072113,5.0,1.0,5.0,1.0,2.500085151940584,1.1042133681476116,1.2910826366263255,0.6759301733489788,1.2947128987941845,0.5805860813860901,0.8690828747794301,0.3999543813956769,,,
adult__mlp__diverse_dist,detail,,0,adult__mlp__diverse_dist__sample_seed_0,completed,adult,mlp,diverse_dist,1,prediction_not_equal_desired_class,50,2109,50,8.0,22906.0,True,1.0,0.0213167369365692,0.0153621016070246,3.0,1.0,3.0,1.0,0.1483436425526937,0.0350154042243957,0.1338557459737455,0.0256556666342201,0.0890527896551836,0.0213167469662129,0.0775970985809732,0.0153621028208397,,,
adult__mlp__diverse_dist,detail,,0,adult__mlp__diverse_dist__sample_seed_0,completed,adult,mlp,diverse_dist,1,prediction_not_equal_desired_class,50,2109,50,9.0,41716.0,True,1.0,0.038542553782463,0.0282042790204286,5.0,1.0,5.0,1.0,1.5967348396778107,0.7137330025434494,0.8182051171261374,0.4449898735505125,0.8169296233479724,0.0385425722254099,0.5220630142848985,0.0282042809333468,,,
adult__mlp__diverse_dist,detail,,0,adult__mlp__diverse_dist__sample_seed_0,completed,adult,mlp,diverse_dist,1,prediction_not_equal_desired_class,50,2109,50,10.0,28104.0,True,1.0,0.8656868934631348,0.6981343030929565,5.0,1.0,5.0,1.0,3.524764736741781,1.9324615448713305,1.5816862222201298,1.0248824879017384,1.978777588849748,0.865686869567121,1.0990884210317176,0.6981343072987843,,,
adult__mlp__diverse_dist,detail,,0,adult__mlp__diverse_dist__sample_seed_0,completed,adult,mlp,diverse_dist,1,prediction_not_equal_desired_class,50,2109,50,11.0,20919.0,True,1.0,3.40199613571167,1.5024038553237915,5.0,1.0,5.0,1.0,6.819798980653286,5.130245551466942,2.372934378369753,2.049761712966724,4.464155972151115,3.401996213310185,1.9121681508046389,1.502403884820687,,,
adult__mlp__diverse_dist,detail,,0,adult__mlp__diverse_dist__sample_seed_0,completed,adult,mlp,diverse_dist,1,prediction_not_equal_desired_class,50,2109,50,12.0,38782.0,True,1.0,0.1155822128057479,0.1155822128057479,5.0,1.0,5.0,1.0,0.688625554740429,0.2145332917571067,0.4225454787308809,0.14264617374707,0.3877098845986748,0.1155822574886801,0.2871793870270941,0.1155822187253912,,,
adult__mlp__diverse_dist,detail,,0,adult__mlp__diverse_dist__sample_seed_0,completed,adult,mlp,diverse_dist,1,prediction_not_equal_desired_class,50,2109,50,13.0,1605.0,True,1.0,1.0494414567947388,0.8324228525161743,5.0,1.0,5.0,1.0,2.3769062995910644,1.8356769233942032,1.1987838148079415,0.9393305444736209,1.390194723742901,1.049441539955327,0.8553823290925144,0.6754996446078997,,,
adult__mlp__diverse_dist,detail,,0,adult__mlp__diverse_dist__sample_seed_0,completed,adult,mlp,diverse_dist,1,prediction_not_equal_desired_class,50,2109,50,14.0,15764.0,True,1.0,0.4374414384365082,0.2680948972702026,5.0,1.0,5.0,1.0,2.400937547534704,1.252964273095131,1.3292341875360008,0.8565406078265039,1.4307476848061853,0.4374414391513639,0.9157390719082148,0.2680948812293731,,,
adult__mlp__diverse_dist,detail,,0,adult__mlp__diverse_dist__sample_seed_0,completed,adult,mlp,diverse_dist,1,prediction_not_equal_desired_class,50,2109,50,15.0,8266.0,True,1.0,0.0851535871624946,0.0677945986390113,5.0,1.0,5.0,1.0,0.7213078677654267,0.2569805011153221,0.5719091997342239,0.1714289371589185,0.425815039734401,0.085153609010588,0.3628101465732385,0.0677945965741186,,,
adult__mlp__diverse_dist,detail,,0,adult__mlp__diverse_dist__sample_seed_0,completed,adult,mlp,diverse_dist,1,prediction_not_equal_desired_class,50,2109,50,16.0,44186.0,True,1.0,0.2018803060054779,0.1342394351959228,3.0,1.0,3.0,1.0,0.7352182070414225,0.3834395706653595,0.5643818504002858,0.280855913081262,0.4869676614837887,0.2018803115443607,0.3717549015553019,0.1342394384123294,,,
adult__mlp__diverse_dist,detail,,0,adult__mlp__diverse_dist__sample_seed_0,completed,adult,mlp,diverse_dist,1,prediction_not_equal_desired_class,50,2109,50,17.0,38233.0,True,1.0,1.3142683506011963,0.7683509588241577,5.0,1.0,5.0,1.0,4.37274910658598,2.2481165528297424,1.8028711856999,1.0608550986485106,2.948639521304792,1.3142684062116468,1.4625767670053007,0.768350956227594,,,
adult__mlp__diverse_dist,detail,,0,adult__mlp__diverse_dist__sample_seed_0,completed,adult,mlp,diverse_dist,1,prediction_not_equal_desired_class,50,2109,50,18.0,11249.0,True,1.0,0.6001232266426086,0.4031032919883728,3.0,1.0,3.0,1.0,1.4450314305722711,1.2139843944460154,0.6936315753471033,0.6016103800639163,0.9624967301771568,0.600123269472075,0.5400709541107593,0.4031033146289636,,,
adult__mlp__diverse_dist,detail,,0,adult__mlp__diverse_dist__sample_seed_0,completed,adult,mlp,diverse_dist,1,prediction_not_equal_desired_class,50,2109,50,19.0,43670.0,True,1.0,0.4048783779144287,0.2175566554069519,5.0,1.0,5.0,1.0,3.5536719813942907,1.7840828374028206,1.514570528966199,1.0401790916698228,1.973318998193796,0.4048784195422826,1.0384302715762888,0.2175566587611534,,,
adult__mlp__diverse_dist,detail,,0,adult__mlp__diverse_dist__sample_seed_0,completed,adult,mlp,diverse_dist,1,prediction_not_equal_desired_class,50,2109,50,20.0,27601.0,True,1.0,0.136191263794899,0.116037018597126,5.0,1.0,5.0,1.0,0.5482832223176957,0.2717885076999664,0.3070849919763043,0.177561737989183,0.2998090990804891,0.1361912969651532,0.2158329260284836,0.1160370292377557,,,
adult__mlp__diverse_dist,detail,,0,adult__mlp__diverse_dist__sample_seed_0,completed,adult,mlp,diverse_dist,1,prediction_not_equal_desired_class,50,2109,50,21.0,12876.0,True,1.0,0.6277309656143188,0.3274309635162353,5.0,1.0,5.0,1.0,4.93232282102108,2.6883507519960403,1.918827946449732,1.1387379820012231,2.7427705792168315,0.6277309455900243,1.343368351989498,0.3274309565947276,,,
adult__mlp__diverse_dist,detail,,0,adult__mlp__diverse_dist__sample_seed_0,completed,adult,mlp,diverse_dist,1,prediction_not_equal_desired_class,50,2109,50,22.0,32140.0,True,1.0,1.3449952602386477,0.7737017273902893,4.0,1.0,4.0,1.0,3.399369314312935,2.460174649953842,1.561272898191036,1.1957905674965548,2.0217087090734016,1.3449952014509212,1.128058149824234,0.7737017248065534,,,
adult__mlp__diverse_dist,detail,,0,adult__mlp__diverse_dist__sample_seed_0,completed,adult,mlp,diverse_dist,1,prediction_not_equal_desired_class,50,2109,50,23.0,424.0,True,1.0,0.1798404604196548,0.1163093894720077,2.0,1.0,2.0,1.0,0.1549605559557676,0.1549605559557676,0.1406899245507769,0.1406899245507769,0.2044010331939276,0.179840472949697,0.129866242421269,0.116309387289235,,,
adult__mlp__diverse_dist,detail,,0,adult__mlp__diverse_dist__sample_seed_0,completed,adult,mlp,diverse_dist,1,prediction_not_equal_desired_class,50,2109,50,24.0,19027.0,True,1.0,0.2904772162437439,0.2364574521780014,5.0,1.0,5.0,1.0,2.2326349914073944,1.010385736823082,1.1770881636283412,0.567205513927122,1.2746815100223918,0.29047725898429,0.8286356343327735,0.2364574475730482,,,
adult__mlp__diverse_dist,detail,,0,adult__mlp__diverse_dist__sample_seed_0,completed,adult,mlp,diverse_dist,1,prediction_not_equal_desired_class,50,2109,50,25.0,44322.0,True,1.0,0.5113397836685181,0.272715151309967,5.0,1.0,5.0,1.0,3.0631075114011765,1.3820109069347382,1.3363773569776232,0.7508145676810093,1.801452455846967,0.5113398345710292,0.9492203812937164,0.2727151459392873,,,
adult__mlp__diverse_dist,detail,,0,adult__mlp__diverse_dist__sample_seed_0,completed,adult,mlp,diverse_dist,1,prediction_not_equal_desired_class,50,2109,50,26.0,31886.0,True,1.0,0.9760273694992064,0.938291311264038,1.0,1.0,1.0,1.0,,,,,0.9760274026491872,0.9760274026491872,0.938291324608902,0.938291324608902,,,
adult__mlp__diverse_dist,detail,,0,adult__mlp__diverse_dist__sample_seed_0,completed,adult,mlp,diverse_dist,1,prediction_not_equal_desired_class,50,2109,50,27.0,11587.0,True,1.0,2.5381100177764893,1.1914143562316897,5.0,1.0,5.0,1.0,4.435306669212878,3.3131124639185145,1.8338507599296936,1.5745258561744304,2.7867270352598905,2.538110003870017,1.445942318726314,1.1914143531898536,,,
adult__mlp__diverse_dist,detail,,0,adult__mlp__diverse_dist__sample_seed_0,completed,adult,mlp,diverse_dist,1,prediction_not_equal_desired_class,50,2109,50,28.0,31823.0,True,1.0,0.369704008102417,0.2229854762554168,5.0,1.0,5.0,1.0,1.2650438353419304,0.6774678314104676,0.5682806267808618,0.3166636147098277,0.7637409080861618,0.3697040419556064,0.4257993981556538,0.2229854776944994,,,
adult__mlp__diverse_dist,detail,,0,adult__mlp__diverse_dist__sample_seed_0,completed,adult,mlp,diverse_dist,1,prediction_not_equal_desired_class,50,2109,50,29.0,24033.0,True,1.0,0.4056471586227417,0.2180645763874054,5.0,1.0,5.0,1.0,3.7234621278941633,2.3759831599891186,1.5832428855009353,1.2282470804458538,2.0744921025716714,0.4056472142675602,1.0864814638848823,0.2180645757351503,,,
adult__mlp__diverse_dist,detail,,0,adult__mlp__diverse_dist__sample_seed_0,completed,adult,mlp,diverse_dist,1,prediction_not_equal_desired_class,50,2109,50,30.0,34029.0,True,1.0,0.1249403208494186,0.0786083415150642,5.0,1.0,5.0,1.0,2.068955664336681,0.9128796793520452,1.047474049819485,0.577882072625277,1.2141976878014913,0.1249403443403751,0.7151020073295233,0.0786083413879901,,,
adult__mlp__diverse_dist,detail,,0,adult__mlp__diverse_dist__sample_seed_0,completed,adult,mlp,diverse_dist,1,prediction_not_equal_desired_class,50,2109,50,31.0,34346.0,True,1.0,0.1599708050489425,0.0939518809318542,5.0,1.0,5.0,1.0,1.781593669950962,0.8399081565439701,0.9237782389929088,0.5330038465154069,0.9476014382204776,0.1599708142025824,0.6064076450495686,0.0939518734434659,,,
adult__mlp__diverse_dist,detail,,0,adult__mlp__diverse_dist__sample_seed_0,completed,adult,mlp,diverse_dist,1,prediction_not_equal_desired_class,50,2109,50,32.0,27505.0,True,1.0,1.7205681800842283,0.7664905786514282,3.0,1.0,3.0,1.0,2.7451964219411216,2.523718062788248,1.1747046485689412,1.1021832229174275,2.093566717598811,1.720568159613982,1.0413806226839426,0.7664905173713512,,,
adult__mlp__diverse_dist,detail,,0,adult__mlp__diverse_dist__sample_seed_0,completed,adult,mlp,diverse_dist,1,prediction_not_equal_desired_class,50,2109,50,33.0,43027.0,True,1.0,0.99264395236969,0.4216866195201874,3.0,1.0,3.0,1.0,3.812894860903422,1.7706352770328522,1.5036237468007874,0.678690446014815,2.3489970411567582,0.99264395630223,1.0646084008548715,0.4216866237079608,,,
adult__mlp__diverse_dist,detail,,0,adult__mlp__diverse_dist__sample_seed_0,completed,adult,mlp,diverse_dist,1,prediction_not_equal_desired_class,50,2109,50,34.0,2512.0,True,1.0,0.5564007759094238,0.501451849937439,5.0,1.0,5.0,1.0,2.3031395196914675,1.3898869790136814,1.1734163710719572,0.7918858035891552,1.246906664352522,0.5564007952266388,0.828500912673468,0.5014518256786649,,,
adult__mlp__diverse_dist,detail,,0,adult__mlp__diverse_dist__sample_seed_0,completed,adult,mlp,diverse_dist,1,prediction_not_equal_desired_class,50,2109,50,35.0,25074.0,True,1.0,0.2910270392894745,0.2229676842689514,5.0,1.0,5.0,1.0,1.955129691958428,0.541926234960556,0.9981155816073808,0.2872747331499267,1.055070445908409,0.2910270457159561,0.6466615208424079,0.2229676880916742,,,
adult__mlp__diverse_dist,detail,,0,adult__mlp__diverse_dist__sample_seed_0,completed,adult,mlp,diverse_dist,1,prediction_not_equal_desired_class,50,2109,50,36.0,29932.0,True,1.0,3.357375144958496,1.3007184267044067,5.0,1.0,5.0,1.0,6.6509667336940765,5.128839775919914,2.282309015740571,1.7753615276861618,4.584760842544647,3.357375132265501,1.894265893422032,1.3007184593107546,,,
adult__mlp__diverse_dist,detail,,0,adult__mlp__diverse_dist__sample_seed_0,completed,adult,mlp,diverse_dist,1,prediction_not_equal_desired_class,50,2109,50,37.0,21501.0,True,1.0,0.0442702248692512,0.0307388789951801,5.0,1.0,5.0,1.0,1.2546151011716575,0.1648397869430482,0.781223872615974,0.1241751490212765,0.702143929508354,0.0442702241235853,0.4729522594890772,0.0307388566920364,,,
adult__mlp__diverse_dist,detail,,0,adult__mlp__diverse_dist__sample_seed_0,completed,adult,mlp,diverse_dist,1,prediction_not_equal_desired_class,50,2109,50,38.0,32715.0,True,1.0,0.6951348185539246,0.3328723311424255,5.0,1.0,5.0,1.0,3.42485418766737,2.2041052132844925,1.5210710488926928,0.9567577599164144,2.0011907010099925,0.6951348376259112,1.1039883177595384,0.3328723251409104,,,
adult__mlp__diverse_dist,detail,,0,adult__mlp__diverse_dist__sample_seed_0,completed,adult,mlp,diverse_dist,1,prediction_not_equal_desired_class,50,2109,50,39.0,11319.0,True,1.0,0.6844674348831177,0.4442957639694214,3.0,1.0,3.0,1.0,2.741674875219663,2.198014624416828,1.294225069893408,1.0128666863714268,1.390814621789587,0.6844674953721673,0.8669354910527644,0.4442957761357047,,,
adult__mlp__diverse_dist,detail,,0,adult__mlp__diverse_dist__sample_seed_0,completed,adult,mlp,diverse_dist,1,prediction_not_equal_desired_class,50,2109,50,40.0,22520.0,True,1.0,4.261077880859375,1.6867735385894775,5.0,1.0,5.0,1.0,8.316479331254959,6.9270036071538925,2.562700825650837,2.259212186133853,5.630170545717086,4.261077743034118,2.1044446452434262,1.6867735517223432,,,
adult__mlp__diverse_dist,detail,,0,adult__mlp__diverse_dist__sample_seed_0,completed,adult,mlp,diverse_dist,1,prediction_not_equal_desired_class,50,2109,50,41.0,17708.0,True,1.0,0.3955479264259338,0.2174792289733886,5.0,1.0,5.0,1.0,2.234837371110916,0.5262254066765308,1.1099333065592618,0.2505165172263188,1.3439061813150897,0.3955479837136154,0.749186495093535,0.2174792358862849,,,
adult__mlp__diverse_dist,detail,,0,adult__mlp__diverse_dist__sample_seed_0,completed,adult,mlp,diverse_dist,1,prediction_not_equal_desired_class,50,2109,50,42.0,11110.0,True,1.0,0.1918507218360901,0.1382589787244796,5.0,1.0,5.0,1.0,0.9858909495174883,0.3801369965076446,0.5702437469899255,0.2652147973494683,0.5502229090160006,0.191850741561556,0.3813550533303971,0.1382589740507535,,,
adult__mlp__diverse_dist,detail,,0,adult__mlp__diverse_dist__sample_seed_0,completed,adult,mlp,diverse_dist,1,prediction_not_equal_desired_class,50,2109,50,43.0,44950.0,True,1.0,0.42996346950531,0.2436541616916656,5.0,1.0,5.0,1.0,2.0129666425287724,0.9559991583228112,1.1171820661346328,0.6319926891732967,1.144867980978221,0.4299634543571176,0.7556464006734125,0.2436541526166949,,,
adult__mlp__diverse_dist,detail,,0,adult__mlp__diverse_dist__sample_seed_0,completed,adult,mlp,diverse_dist,1,prediction_not_equal_desired_class,50,2109,50,44.0,3659.0,True,1.0,0.6510562300682068,0.3134211301803589,5.0,1.0,5.0,1.0,4.725393223762512,2.547731600701809,1.955841876491137,1.2383935517465778,2.811376905308811,0.6510562643038016,1.3987599369659751,0.3134211196916727,,,
adult__mlp__diverse_dist,detail,,0,adult__mlp__diverse_dist__sample_seed_0,completed,adult,mlp,diverse_dist,1,prediction_not_equal_desired_class,50,2109,50,45.0,887.0,True,1.0,0.5246176719665527,0.2739113867282867,4.0,1.0,4.0,1.0,3.484455682337284,2.5421515703201294,1.5835744744607052,1.1911464434675476,2.1483036915699367,0.524617633788142,1.1374293328866445,0.2739113774150561,,,
adult__mlp__diverse_dist,detail,,0,adult__mlp__diverse_dist__sample_seed_0,completed,adult,mlp,diverse_dist,1,prediction_not_equal_desired_class,50,2109,50,46.0,16774.0,True,1.0,0.5592465996742249,0.2535701692104339,4.0,1.0,4.0,1.0,3.9442954460779824,1.9133387058973312,1.5980015358910924,0.879157074729078,2.4517049277686094,0.5592466414041416,1.1480382376473646,0.253570168977616,,,
adult__mlp__diverse_dist,detail,,0,adult__mlp__diverse_dist__sample_seed_0,completed,adult,mlp,diverse_dist,1,prediction_not_equal_desired_class,50,2109,50,47.0,21507.0,True,1.0,0.3463078737258911,0.2122418135404586,5.0,1.0,5.0,1.0,2.3997348994016647,0.7585178129374981,1.1642482055957684,0.4196166102424512,1.5029033693789953,0.3463078773848059,0.8027787093354555,0.2122418140840091,,,
adult__mlp__diverse_dist,detail,,0,adult__mlp__diverse_dist__sample_seed_0,completed,adult,mlp,diverse_dist,1,prediction_not_equal_desired_class,50,2109,50,48.0,1076.0,True,1.0,0.1019765138626098,0.0606318302452564,5.0,1.0,5.0,1.0,2.060280431061983,0.6898203827440739,1.0946333910154122,0.4436549361687375,1.1088770386889366,0.1019765442536329,0.7019660634383167,0.0606318269824333,,,
adult__mlp__diverse_dist,detail,,0,adult__mlp__diverse_dist__sample_seed_0,completed,adult,mlp,diverse_dist,1,prediction_not_equal_desired_class,50,2109,50,49.0,25409.0,True,1.0,0.663698673248291,0.2809584438800812,5.0,1.0,5.0,1.0,4.289290790259838,2.2700913101434708,1.6194391540333566,1.0459634341313129,2.5845581289118,0.6636986563669737,1.1714404981449058,0.28095845466115,,,
adult__mlp__diverse_dist,detail,,0,adult__mlp__diverse_dist__sample_seed_0,completed,adult,mlp,diverse_dist,1,prediction_not_equal_desired_class,50,2109,50,50.0,34115.0,True,1.0,0.4889554977416992,0.21014504134655,5.0,1.0,5.0,1.0,4.198468880355359,2.0827054902911186,1.6062260103925905,0.9952135447993522,2.477948543608922,0.4889555064849357,1.1411245148517783,0.2101450389376203,,,
adult__mlp__diverse_dist,summary,seed,0,adult__mlp__diverse_dist__sample_seed_0,completed,adult,mlp,diverse_dist,1,prediction_not_equal_desired_class,50,2109,50,,,,1.0,0.7682934069633484,0.4137497846223414,4.54,1.0,4.54,1.0,2.792035571396743,1.6529865773627537,1.2339402212065271,0.7865016614483412,1.674375860863315,0.7682934223107643,0.8933623923313287,0.4089067860371736,50.0,,1.027671
adult__mlp__cols,detail,,0,adult__mlp__cols__sample_seed_0,completed,adult,mlp,cols,1,prediction_not_equal_desired_class,50,2109,50,1.0,38949.0,True,1.0,2.035583019256592,1.414661169052124,5.0,1.0,5.0,1.0,2.8305597721182134,2.0,1.6488730478084377,1.4142135623730951,3.2152798860591068,2.035583103764922,1.765892719147476,1.414661145742522,,,
adult__mlp__cols,detail,,0,adult__mlp__cols__sample_seed_0,completed,adult,mlp,cols,1,prediction_not_equal_desired_class,50,2109,50,2.0,21712.0,True,1.0,0.505280077457428,0.505280077457428,5.0,1.0,5.0,1.0,4.602112029384756,2.0,2.0902460144922657,1.4142135623730951,2.9010560146923785,0.5052800734618916,1.583898727166997,0.5052800734618916,,,
adult__mlp__cols,detail,,0,adult__mlp__cols__sample_seed_0,completed,adult,mlp,cols,1,prediction_not_equal_desired_class,50,2109,50,3.0,2984.0,True,1.0,0.0545505471527576,0.0545505471527576,5.0,1.0,5.0,1.0,1.5903039846724998,0.034320343203432,1.0572456704048192,0.034320343203432,0.9862579442120952,0.054550545505455,0.6882470688902246,0.054550545505455,,,
adult__mlp__cols,detail,,0,adult__mlp__cols__sample_seed_0,completed,adult,mlp,cols,1,prediction_not_equal_desired_class,50,2109,50,4.0,5144.0,True,1.0,1.0023868083953855,0.7144103050231934,5.0,1.0,5.0,1.0,3.3343819805544994,2.100917009170092,1.713042038553447,1.416198266630081,1.937884595172482,1.0023868401949323,1.2815655107757786,0.7144102639654575,,,
adult__mlp__cols,detail,,0,adult__mlp__cols__sample_seed_0,completed,adult,mlp,cols,1,prediction_not_equal_desired_class,50,2109,50,5.0,4049.0,True,1.0,2.0705385208129883,1.415248990058899,5.0,1.0,5.0,1.0,2.7690317923587395,0.2848243788560334,1.5386710541076896,0.2399880899566168,2.5528832431181447,2.0705386645703188,1.5430830543798628,1.4152489393350398,,,
adult__mlp__cols,detail,,0,adult__mlp__cols__sample_seed_0,completed,adult,mlp,cols,1,prediction_not_equal_desired_class,50,2109,50,6.0,25872.0,True,1.0,0.2282740175724029,0.1635243147611618,5.0,1.0,5.0,1.0,1.7926389059808965,0.1252992121757952,1.1194088871021075,0.1068579677394531,1.05231707419115,0.2282740174340519,0.6953620070223352,0.1635243159859084,,,
adult__mlp__cols,detail,,0,adult__mlp__cols__sample_seed_0,completed,adult,mlp,cols,1,prediction_not_equal_desired_class,50,2109,50,7.0,831.0,True,1.0,2.205479621887207,1.4290632009506226,5.0,1.0,5.0,1.0,5.269703259242488,2.567967973634225,2.2223018441684337,1.474320091938511,4.088570637885707,2.2054794520547945,1.9535805512287232,1.4290632614467207,,,
adult__mlp__cols,detail,,0,adult__mlp__cols__sample_seed_0,completed,adult,mlp,cols,1,prediction_not_equal_desired_class,50,2109,50,8.0,22906.0,True,1.0,0.1579635739326477,0.1355891823768615,5.0,1.0,5.0,1.0,3.349180192628373,2.156823568235682,1.7485612558866428,1.4206792632095204,1.8177711314303229,0.1579635796357963,1.1884093591760834,0.1355891839738618,,,
adult__mlp__cols,detail,,0,adult__mlp__cols__sample_seed_0,completed,adult,mlp,cols,1,prediction_not_equal_desired_class,50,2109,50,9.0,41716.0,True,1.0,2.0,1.4142135381698608,5.0,1.0,5.0,1.0,3.6,2.0,1.855583373505873,1.4142135623730951,3.2,2.0,1.765685424949238,1.4142135623730951,,,
adult__mlp__cols,detail,,0,adult__mlp__cols__sample_seed_0,completed,adult,mlp,cols,1,prediction_not_equal_desired_class,50,2109,50,10.0,28104.0,True,1.0,0.2169081717729568,0.1643683463335037,5.0,1.0,5.0,1.0,2.942953743823153,0.3979591836734694,1.5476193887332328,0.3979591836734694,3.7169870759932087,0.2169081690816908,1.7044114916446127,0.1643683469904353,,,
adult__mlp__cols,detail,,0,adult__mlp__cols__sample_seed_0,completed,adult,mlp,cols,1,prediction_not_equal_desired_class,50,2109,50,11.0,20919.0,True,1.0,2.046870470046997,1.4149900674819946,5.0,1.0,5.0,1.0,3.451401248706365,1.0,1.8042152764271204,1.0,3.425700624353182,2.046870468704688,1.8135251342473555,1.4149900497305967,,,
adult__mlp__cols,detail,,0,adult__mlp__cols__sample_seed_0,completed,adult,mlp,cols,1,prediction_not_equal_desired_class,50,2109,50,12.0,38782.0,True,1.0,2.0,1.4142135381698608,5.0,1.0,5.0,1.0,4.2,2.0,2.0040599658252,1.4142135623730951,3.2,2.0,1.765685424949238,1.4142135623730951,,,
adult__mlp__cols,detail,,0,adult__mlp__cols__sample_seed_0,completed,adult,mlp,cols,1,prediction_not_equal_desired_class,50,2109,50,13.0,1605.0,True,1.0,2.5312654972076416,1.465527057647705,5.0,1.0,5.0,1.0,6.576676287643755,0.5552800734618916,2.256555633624284,0.4425119538305094,10.150219018503778,2.531265505380848,2.9720799950550933,1.465527030728072,,,
adult__mlp__cols,detail,,0,adult__mlp__cols__sample_seed_0,completed,adult,mlp,cols,1,prediction_not_equal_desired_class,50,2109,50,14.0,15764.0,True,1.0,0.135501354932785,0.135501354932785,5.0,1.0,5.0,1.0,3.906255336525968,2.0,1.907884687727077,1.4142135623730951,2.879155065523258,0.1355013550135501,1.4954968111290567,0.1355013550135501,,,
adult__mlp__cols,detail,,0,adult__mlp__cols__sample_seed_0,completed,adult,mlp,cols,1,prediction_not_equal_desired_class,50,2109,50,15.0,8266.0,True,1.0,0.4131041169166565,0.4131041169166565,5.0,1.0,5.0,1.0,1.314509108727451,0.1333333333333333,0.817810387796993,0.1333333333333333,0.9310010918291004,0.4131041310413104,0.686280538043447,0.4131041310413104,,,
adult__mlp__cols,detail,,0,adult__mlp__cols__sample_seed_0,completed,adult,mlp,cols,1,prediction_not_equal_desired_class,50,2109,50,16.0,44186.0,True,1.0,2.09183669090271,1.4171923398971558,5.0,1.0,5.0,1.0,4.410519855325051,2.0,2.027583225763808,1.4142135623730951,4.128791626843575,2.091836734693877,1.9788662843077929,1.4171922896485267,,,
adult__mlp__cols,detail,,0,adult__mlp__cols__sample_seed_0,completed,adult,mlp,cols,1,prediction_not_equal_desired_class,50,2109,50,17.0,38233.0,True,1.0,4.383835792541504,2.0240931510925293,5.0,1.0,5.0,1.0,11.038199104901889,6.647790949578816,3.202025837116378,2.473248289268697,8.63759419038727,4.383835872035771,2.762519215208097,2.022263131438483,,,
adult__mlp__cols,detail,,0,adult__mlp__cols__sample_seed_0,completed,adult,mlp,cols,1,prediction_not_equal_desired_class,50,2109,50,18.0,11249.0,True,1.0,2.010204076766968,1.414250373840332,5.0,1.0,5.0,1.0,2.3025850309101843,0.2186521991716796,1.4155861865553656,0.2086977263592722,2.851292515455092,2.010204081632653,1.6516924857829267,1.4142503750333482,,,
adult__mlp__cols,detail,,0,adult__mlp__cols__sample_seed_0,completed,adult,mlp,cols,1,prediction_not_equal_desired_class,50,2109,50,19.0,43670.0,True,1.0,2.663305759429932,1.4537324905395508,5.0,1.0,5.0,1.0,9.788127855632844,4.923781682961082,2.98489194849918,2.0658602356165794,9.588215651497368,2.663305883664751,2.895738767094465,1.4537324770927933,,,
adult__mlp__cols,detail,,0,adult__mlp__cols__sample_seed_0,completed,adult,mlp,cols,1,prediction_not_equal_desired_class,50,2109,50,20.0,27601.0,True,1.0,0.0296102967113256,0.0296102967113256,5.0,1.0,5.0,1.0,3.1424628537059536,0.5004551078568636,1.6373167684919578,0.4717749531194646,1.5741924564632728,0.029610296102961,1.017902201514989,0.029610296102961,,,
adult__mlp__cols,detail,,0,adult__mlp__cols__sample_seed_0,completed,adult,mlp,cols,1,prediction_not_equal_desired_class,50,2109,50,21.0,12876.0,True,1.0,2.693877696990967,1.57526695728302,5.0,1.0,5.0,1.0,4.305078458947855,2.0,2.0217023131052705,1.4142135623730951,3.7617229029433146,2.693877551020408,1.9155010656493727,1.575266979216564,,,
adult__mlp__cols,detail,,0,adult__mlp__cols__sample_seed_0,completed,adult,mlp,cols,1,prediction_not_equal_desired_class,50,2109,50,22.0,32140.0,True,1.0,0.8837493658065796,0.6314915418624878,5.0,1.0,5.0,1.0,3.211477483555406,2.0,1.6871208579083463,1.4142135623730951,2.5979929161747344,0.8837493675156013,1.4563390716345372,0.6314915198366069,,,
adult__mlp__cols,detail,,0,adult__mlp__cols__sample_seed_0,completed,adult,mlp,cols,1,prediction_not_equal_desired_class,50,2109,50,23.0,424.0,True,1.0,0.2021680474281311,0.1510134637355804,5.0,1.0,5.0,1.0,3.9002728183125983,0.3540577223954058,1.819058499347409,0.2292265018091322,2.8112719082663924,0.2021680216802167,1.3248856796973296,0.1510134485896954,,,
adult__mlp__cols,detail,,0,adult__mlp__cols__sample_seed_0,completed,adult,mlp,cols,1,prediction_not_equal_desired_class,50,2109,50,24.0,19027.0,True,1.0,0.0388703905045986,0.0388703905045986,5.0,1.0,5.0,1.0,2.639320393203932,1.077910779107791,1.5862682031858135,1.0030304529281169,1.4503745037450373,0.038870388703887,1.0578991630289305,0.038870388703887,,,
adult__mlp__cols,detail,,0,adult__mlp__cols__sample_seed_0,completed,adult,mlp,cols,1,prediction_not_equal_desired_class,50,2109,50,25.0,44322.0,True,1.0,0.2512425184249878,0.2512425184249878,5.0,1.0,5.0,1.0,3.106006646843328,1.0,1.680236831174604,1.0,1.7037488308767383,0.2512425124251242,1.1319366681074072,0.2512425124251242,,,
adult__mlp__cols,detail,,0,adult__mlp__cols__sample_seed_0,completed,adult,mlp,cols,1,prediction_not_equal_desired_class,50,2109,50,26.0,31886.0,True,1.0,0.5844577550888062,0.5644186735153198,5.0,1.0,5.0,1.0,3.330539904319603,2.0,1.7553971783185074,1.4142135623730951,1.7652699521598016,0.5844577500421656,1.2472855309127269,0.5644186650625662,,,
adult__mlp__cols,detail,,0,adult__mlp__cols__sample_seed_0,completed,adult,mlp,cols,1,prediction_not_equal_desired_class,50,2109,50,27.0,11587.0,True,1.0,2.0,1.4142135381698608,5.0,1.0,5.0,1.0,3.4082191780821915,0.5205479452054794,1.754887276824628,0.5205479452054794,2.504109589041096,2.0,1.5499229060086914,1.4142135623730951,,,
adult__mlp__cols,detail,,0,adult__mlp__cols__sample_seed_0,completed,adult,mlp,cols,1,prediction_not_equal_desired_class,50,2109,50,28.0,31823.0,True,1.0,0.2857142686843872,0.2857142686843872,5.0,1.0,5.0,1.0,3.9265306122448975,1.326530612244898,1.8797347300520173,1.0519611403150917,2.073469387755102,0.2857142857142857,1.2707027688778356,0.2857142857142857,,,
adult__mlp__cols,detail,,0,adult__mlp__cols__sample_seed_0,completed,adult,mlp,cols,1,prediction_not_equal_desired_class,50,2109,50,29.0,24033.0,True,1.0,4.0,2.0,5.0,1.0,5.0,1.0,5.277284772847728,2.0,2.2230552107961863,1.4142135623730951,4.085752857528576,4.0,2.0026646864479893,2.0,,,
adult__mlp__cols,detail,,0,adult__mlp__cols__sample_seed_0,completed,adult,mlp,cols,1,prediction_not_equal_desired_class,50,2109,50,30.0,34029.0,True,1.0,0.0743007436394691,0.0743007436394691,5.0,1.0,5.0,1.0,0.6172962878389114,0.065426997245179,0.5027216619289473,0.065426997245179,0.5093472604147529,0.07430074300743,0.4392048478372701,0.07430074300743,,,
adult__mlp__cols,detail,,0,adult__mlp__cols__sample_seed_0,completed,adult,mlp,cols,1,prediction_not_equal_desired_class,50,2109,50,31.0,34346.0,True,1.0,0.5387151837348938,0.4814858734607696,5.0,1.0,5.0,1.0,1.4158201646413198,0.0774467744677446,0.8390287045772167,0.0675326229954627,1.074771076314307,0.5387151759019698,0.7564414518791309,0.4814858563020316,,,
adult__mlp__cols,detail,,0,adult__mlp__cols__sample_seed_0,completed,adult,mlp,cols,1,prediction_not_equal_desired_class,50,2109,50,32.0,27505.0,True,1.0,2.1502413749694824,1.422171711921692,5.0,1.0,5.0,1.0,4.771912276974009,2.3156565656565657,2.106237214098245,1.449013135703779,3.632513444969161,2.150241502415024,1.818756595216135,1.422171757927967,,,
adult__mlp__cols,detail,,0,adult__mlp__cols__sample_seed_0,completed,adult,mlp,cols,1,prediction_not_equal_desired_class,50,2109,50,33.0,43027.0,True,1.0,2.0,1.4142135381698608,5.0,1.0,5.0,1.0,5.162685153309598,1.0,2.111325325545441,1.0,3.3523794762631267,2.0,1.7321165468693525,1.4142135623730951,,,
adult__mlp__cols,detail,,0,adult__mlp__cols__sample_seed_0,completed,adult,mlp,cols,1,prediction_not_equal_desired_class,50,2109,50,34.0,2512.0,True,1.0,0.8270084857940674,0.6005607843399048,5.0,1.0,5.0,1.0,3.660392847983127,1.0,1.799173668737034,1.0,2.0712741526133427,0.8270084893461517,1.3264471839648733,0.6005607693325627,,,
adult__mlp__cols,detail,,0,adult__mlp__cols__sample_seed_0,completed,adult,mlp,cols,1,prediction_not_equal_desired_class,50,2109,50,35.0,25074.0,True,1.0,0.3168044090270996,0.3168044090270996,5.0,1.0,5.0,1.0,3.5860010119750383,2.0,1.75685943757232,1.4142135623730951,2.8294428515207737,0.3168044077134986,1.460186690119535,0.3168044077134986,,,
adult__mlp__cols,detail,,0,adult__mlp__cols__sample_seed_0,completed,adult,mlp,cols,1,prediction_not_equal_desired_class,50,2109,50,36.0,29932.0,True,1.0,2.0,1.4142135381698608,5.0,1.0,5.0,1.0,4.9652311613350575,2.0,2.1355597537959783,1.4142135623730951,3.450981053578457,2.0,1.763748449721125,1.4142135623730951,,,
adult__mlp__cols,detail,,0,adult__mlp__cols__sample_seed_0,completed,adult,mlp,cols,1,prediction_not_equal_desired_class,50,2109,50,37.0,21501.0,True,1.0,0.1098110973834991,0.1098110973834991,5.0,1.0,5.0,1.0,4.065886658866589,2.0,1.9470678685713927,1.4142135623730951,2.4658866588665886,0.1098110981109811,1.389350408046078,0.1098110981109811,,,
adult__mlp__cols,detail,,0,adult__mlp__cols__sample_seed_0,completed,adult,mlp,cols,1,prediction_not_equal_desired_class,50,2109,50,38.0,32715.0,True,1.0,0.0636006370186805,0.0636006370186805,5.0,1.0,5.0,1.0,3.980261438978026,1.095620956209562,1.9103573606889848,1.0045612809910758,2.496490783089649,0.06360063600636,1.394219242093363,0.06360063600636,,,
adult__mlp__cols,detail,,0,adult__mlp__cols__sample_seed_0,completed,adult,mlp,cols,1,prediction_not_equal_desired_class,50,2109,50,39.0,11319.0,True,1.0,0.1486554592847824,0.1086844727396965,5.0,1.0,5.0,1.0,3.453500952421501,0.4562771304153662,1.668789006188646,0.3262566595585455,1.8739509995009385,0.1486554591573313,1.071161491933366,0.1086844757944488,,,
adult__mlp__cols,detail,,0,adult__mlp__cols__sample_seed_0,completed,adult,mlp,cols,1,prediction_not_equal_desired_class,50,2109,50,40.0,22520.0,True,1.0,2.0729808807373047,1.4160953760147097,5.0,1.0,5.0,1.0,3.6766651502131458,2.0,1.857077917453763,1.4142135623730951,3.660154793328755,2.072980729807298,1.884086534692972,1.416095401773202,,,
adult__mlp__cols,detail,,0,adult__mlp__cols__sample_seed_0,completed,adult,mlp,cols,1,prediction_not_equal_desired_class,50,2109,50,41.0,17708.0,True,1.0,0.1502415090799331,0.1502415090799331,5.0,1.0,5.0,1.0,0.1738281382813828,0.034570345703457,0.1649197274862387,0.034570345703457,0.2638222382223822,0.1502415024150241,0.1987034392637656,0.1502415024150241,,,
adult__mlp__cols,detail,,0,adult__mlp__cols__sample_seed_0,completed,adult,mlp,cols,1,prediction_not_equal_desired_class,50,2109,50,42.0,11110.0,True,1.0,0.0234602354466915,0.0234602354466915,5.0,1.0,5.0,1.0,2.3034659652608074,0.6975997157231846,1.4009235871558208,0.5498340592406958,1.4751932172327498,0.023460234602346,0.9863465917544552,0.023460234602346,,,
adult__mlp__cols,detail,,0,adult__mlp__cols__sample_seed_0,completed,adult,mlp,cols,1,prediction_not_equal_desired_class,50,2109,50,43.0,44950.0,True,1.0,2.0,1.4142135381698608,5.0,1.0,5.0,1.0,5.611506849315068,1.0,2.279645230399587,1.0,3.9057534246575343,2.0,1.9010641629246976,1.4142135623730951,,,
adult__mlp__cols,detail,,0,adult__mlp__cols__sample_seed_0,completed,adult,mlp,cols,1,prediction_not_equal_desired_class,50,2109,50,44.0,3659.0,True,1.0,2.1502413749694824,1.422171711921692,5.0,1.0,5.0,1.0,5.252073831414188,0.5470319634703198,2.0781236081399106,0.5335092285163159,3.601582243763115,2.150241502415024,1.798239483965411,1.422171757927967,,,
adult__mlp__cols,detail,,0,adult__mlp__cols__sample_seed_0,completed,adult,mlp,cols,1,prediction_not_equal_desired_class,50,2109,50,45.0,887.0,True,1.0,0.184811845421791,0.184811845421791,5.0,1.0,5.0,1.0,1.236293118033221,0.010204081632653,0.8638533460429212,0.010204081632653,1.390134676856973,0.1848118481184812,0.9290339107400086,0.1848118481184812,,,
adult__mlp__cols,detail,,0,adult__mlp__cols__sample_seed_0,completed,adult,mlp,cols,1,prediction_not_equal_desired_class,50,2109,50,46.0,16774.0,True,1.0,2.3469388484954834,1.4561479091644287,5.0,1.0,5.0,1.0,4.398231292517006,2.0,2.016117662372247,1.4142135623730951,4.102176870748299,2.346938775510204,1.982062167718481,1.4561478338247529,,,
adult__mlp__cols,detail,,0,adult__mlp__cols__sample_seed_0,completed,adult,mlp,cols,1,prediction_not_equal_desired_class,50,2109,50,47.0,21507.0,True,1.0,0.4131041169166565,0.4131041169166565,5.0,1.0,5.0,1.0,3.025234252342524,0.009220092200922,1.5908226340762597,0.009220092200922,1.7923839238392385,0.4131041310413104,1.2262640012752866,0.4131041310413104,,,
adult__mlp__cols,detail,,0,adult__mlp__cols__sample_seed_0,completed,adult,mlp,cols,1,prediction_not_equal_desired_class,50,2109,50,48.0,1076.0,True,1.0,0.046870470046997,0.046870470046997,5.0,1.0,5.0,1.0,1.803048030480305,0.004910049100491,1.2732877476618996,0.004910049100491,1.247310473104731,0.046870468704687,0.8687067921178411,0.046870468704687,,,
adult__mlp__cols,detail,,0,adult__mlp__cols__sample_seed_0,completed,adult,mlp,cols,1,prediction_not_equal_desired_class,50,2109,50,49.0,25409.0,True,1.0,2.5896427631378174,1.464264750480652,5.0,1.0,5.0,1.0,9.562462565941042,6.371593289216751,2.959976986031566,2.37060692484131,8.703968234619467,2.5896427330222425,2.72476328876832,1.4642646879327466,,,
adult__mlp__cols,detail,,0,adult__mlp__cols__sample_seed_0,completed,adult,mlp,cols,1,prediction_not_equal_desired_class,50,2109,50,50.0,34115.0,True,1.0,0.15831159055233,0.15831159055233,5.0,1.0,5.0,1.0,2.782630009045916,0.0084940312213039,1.3777927128951042,0.0084940312213039,1.7976702891501843,0.1583115831158311,0.9726727190631556,0.1583115831158311,,,
adult__mlp__cols,summary,seed,0,adult__mlp__cols__sample_seed_0,completed,adult,mlp,cols,1,prediction_not_equal_desired_class,50,2109,50,,,,1.0,1.201766389645636,0.7932179133966565,5.0,1.0,5.0,1.0,3.816415195367368,1.412410081330589,1.7529320950944522,0.9267571736536876,3.025721416695116,1.201766393429743,1.4958127262408647,0.7931813115935172,50.0,,175.56166
adult__mlp__cemsp,detail,,0,adult__mlp__cemsp__sample_seed_0,completed,adult,mlp,cemsp,1,prediction_not_equal_desired_class,50,2109,50,1.0,38949.0,True,1.0,2.0,1.4142135381698608,5.0,1.0,5.0,1.0,2.099319727891156,1.0816326530612246,1.383494949239785,1.0033264125128043,2.349659863945578,1.6666666666666667,1.4993466493343803,1.2018504251546631,,,
adult__mlp__cemsp,detail,,0,adult__mlp__cemsp__sample_seed_0,completed,adult,mlp,cemsp,1,prediction_not_equal_desired_class,50,2109,50,2.0,21712.0,True,1.0,2.0,1.4142135381698608,1.0,1.0,1.0,1.0,,,,,2.0,2.0,1.4142135623730951,1.4142135623730951,,,
adult__mlp__cemsp,detail,,0,adult__mlp__cemsp__sample_seed_0,completed,adult,mlp,cemsp,1,prediction_not_equal_desired_class,50,2109,50,3.0,2984.0,True,1.0,1.0,1.0,3.0,1.0,3.0,1.0,2.6666666666666665,2.0,1.626105059170283,1.4142135623730951,1.3333333333333333,1.0,1.1380711874576983,1.0,,,
adult__mlp__cemsp,detail,,0,adult__mlp__cemsp__sample_seed_0,completed,adult,mlp,cemsp,1,prediction_not_equal_desired_class,50,2109,50,4.0,5144.0,True,1.0,4.0,2.0,5.0,1.0,5.0,1.0,2.2081632653061223,1.0,1.4439477031525358,1.0,3.604081632653061,3.0,1.8928443684349665,1.7320508075688772,,,
adult__mlp__cemsp,detail,,0,adult__mlp__cemsp__sample_seed_0,completed,adult,mlp,cemsp,1,prediction_not_equal_desired_class,50,2109,50,5.0,4049.0,True,1.0,2.0,1.4142135381698608,4.0,1.0,4.0,1.0,2.833333333333333,2.0,1.6707632579088036,1.4142135623730951,1.75,1.0,1.3106601717798214,1.0,,,
adult__mlp__cemsp,detail,,0,adult__mlp__cemsp__sample_seed_0,completed,adult,mlp,cemsp,1,prediction_not_equal_desired_class,50,2109,50,6.0,25872.0,True,1.0,4.0,2.0,1.0,1.0,1.0,1.0,,,,,4.0,4.0,2.0,2.0,,,
adult__mlp__cemsp,detail,,0,adult__mlp__cemsp__sample_seed_0,completed,adult,mlp,cemsp,1,prediction_not_equal_desired_class,50,2109,50,7.0,831.0,True,1.0,2.0,1.4142135381698608,2.0,1.0,2.0,1.0,2.0,2.0,1.4142135623730951,1.4142135623730951,2.0,2.0,1.4142135623730951,1.4142135623730951,,,
adult__mlp__cemsp,detail,,0,adult__mlp__cemsp__sample_seed_0,completed,adult,mlp,cemsp,1,prediction_not_equal_desired_class,50,2109,50,8.0,22906.0,True,1.0,0.122448980808258,0.122448980808258,2.0,1.0,2.0,1.0,1.1224489795918369,1.1224489795918369,1.0074689834446926,1.0074689834446926,0.5612244897959184,0.1224489795918367,0.5612244897959184,0.1224489795918367,,,
adult__mlp__cemsp,detail,,0,adult__mlp__cemsp__sample_seed_0,completed,adult,mlp,cemsp,1,prediction_not_equal_desired_class,50,2109,50,9.0,41716.0,True,1.0,1.0,1.0,1.0,1.0,1.0,1.0,,,,,1.0,1.0,1.0,1.0,,,
adult__mlp__cemsp,detail,,0,adult__mlp__cemsp__sample_seed_0,completed,adult,mlp,cemsp,1,prediction_not_equal_desired_class,50,2109,50,10.0,28104.0,False,0.0,,,0.0,0.0,,,,,,,,,,,,,
adult__mlp__cemsp,detail,,0,adult__mlp__cemsp__sample_seed_0,completed,adult,mlp,cemsp,1,prediction_not_equal_desired_class,50,2109,50,11.0,20919.0,True,1.0,3.0,1.7320507764816284,3.0,1.0,3.0,1.0,3.0666666666666664,2.6,1.700436745041645,1.5362291495737217,3.866666666666666,3.0,1.9400373697836624,1.7320508075688772,,,
adult__mlp__cemsp,detail,,0,adult__mlp__cemsp__sample_seed_0,completed,adult,mlp,cemsp,1,prediction_not_equal_desired_class,50,2109,50,12.0,38782.0,True,1.0,1.0,1.0,1.0,1.0,1.0,1.0,,,,,1.0,1.0,1.0,1.0,,,
adult__mlp__cemsp,detail,,0,adult__mlp__cemsp__sample_seed_0,completed,adult,mlp,cemsp,1,prediction_not_equal_desired_class,50,2109,50,13.0,1605.0,False,0.0,,,0.0,0.0,,,,,,,,,,,,,
adult__mlp__cemsp,detail,,0,adult__mlp__cemsp__sample_seed_0,completed,adult,mlp,cemsp,1,prediction_not_equal_desired_class,50,2109,50,14.0,15764.0,True,1.0,2.0,1.4142135381698608,1.0,1.0,1.0,1.0,,,,,2.0,2.0,1.4142135623730951,1.4142135623730951,,,
adult__mlp__cemsp,detail,,0,adult__mlp__cemsp__sample_seed_0,completed,adult,mlp,cemsp,1,prediction_not_equal_desired_class,50,2109,50,15.0,8266.0,True,1.0,1.0204081535339355,1.0002082586288452,2.0,1.0,2.0,1.0,1.020408163265306,1.020408163265306,1.0002082248851305,1.0002082248851305,1.510204081632653,1.020408163265306,1.2072108936291128,1.0002082248851305,,,
adult__mlp__cemsp,detail,,0,adult__mlp__cemsp__sample_seed_0,completed,adult,mlp,cemsp,1,prediction_not_equal_desired_class,50,2109,50,16.0,44186.0,True,1.0,2.0,1.4142135381698608,1.0,1.0,1.0,1.0,,,,,2.0,2.0,1.4142135623730951,1.4142135623730951,,,
adult__mlp__cemsp,detail,,0,adult__mlp__cemsp__sample_seed_0,completed,adult,mlp,cemsp,1,prediction_not_equal_desired_class,50,2109,50,17.0,38233.0,True,1.0,3.0,1.7320507764816284,1.0,1.0,1.0,1.0,,,,,3.0,3.0,1.7320508075688772,1.7320508075688772,,,
adult__mlp__cemsp,detail,,0,adult__mlp__cemsp__sample_seed_0,completed,adult,mlp,cemsp,1,prediction_not_equal_desired_class,50,2109,50,18.0,11249.0,True,1.0,3.0,1.7320507764816284,5.0,1.0,5.0,1.0,3.5836734693877546,2.0,1.8332760169447904,1.4142135623730951,2.383673469387755,2.0,1.497432546266509,1.4142135623730951,,,
adult__mlp__cemsp,detail,,0,adult__mlp__cemsp__sample_seed_0,completed,adult,mlp,cemsp,1,prediction_not_equal_desired_class,50,2109,50,19.0,43670.0,True,1.0,4.0,2.0,1.0,1.0,1.0,1.0,,,,,4.0,4.0,2.0,2.0,,,
adult__mlp__cemsp,detail,,0,adult__mlp__cemsp__sample_seed_0,completed,adult,mlp,cemsp,1,prediction_not_equal_desired_class,50,2109,50,20.0,27601.0,True,1.0,1.0,1.0,1.0,1.0,1.0,1.0,,,,,1.0,1.0,1.0,1.0,,,
adult__mlp__cemsp,detail,,0,adult__mlp__cemsp__sample_seed_0,completed,adult,mlp,cemsp,1,prediction_not_equal_desired_class,50,2109,50,21.0,12876.0,True,1.0,4.224489688873291,2.012559413909912,4.0,1.0,4.0,1.0,2.212244897959184,1.2244897959183674,1.3784044861318956,1.0248881248563035,4.618367346938776,4.224489795918368,2.087151792843001,2.012559481971022,,,
adult__mlp__cemsp,detail,,0,adult__mlp__cemsp__sample_seed_0,completed,adult,mlp,cemsp,1,prediction_not_equal_desired_class,50,2109,50,22.0,32140.0,True,1.0,2.224489688873291,1.431920289993286,1.0,1.0,1.0,1.0,,,,,2.224489795918368,2.224489795918368,1.4319202730848777,1.4319202730848777,,,
adult__mlp__cemsp,detail,,0,adult__mlp__cemsp__sample_seed_0,completed,adult,mlp,cemsp,1,prediction_not_equal_desired_class,50,2109,50,23.0,424.0,True,1.0,2.0,1.4142135381698608,1.0,1.0,1.0,1.0,,,,,2.0,2.0,1.4142135623730951,1.4142135623730951,,,
adult__mlp__cemsp,detail,,0,adult__mlp__cemsp__sample_seed_0,completed,adult,mlp,cemsp,1,prediction_not_equal_desired_class,50,2109,50,24.0,19027.0,True,1.0,1.0,1.0,1.0,1.0,1.0,1.0,,,,,1.0,1.0,1.0,1.0,,,
adult__mlp__cemsp,detail,,0,adult__mlp__cemsp__sample_seed_0,completed,adult,mlp,cemsp,1,prediction_not_equal_desired_class,50,2109,50,25.0,44322.0,True,1.0,4.224489688873291,2.012559413909912,5.0,1.0,5.0,1.0,2.1964625850340136,1.491156462585034,1.4014882971405862,1.059012171593217,4.432925170068027,4.224489795918368,2.060430139018272,2.012559481971022,,,
adult__mlp__cemsp,detail,,0,adult__mlp__cemsp__sample_seed_0,completed,adult,mlp,cemsp,1,prediction_not_equal_desired_class,50,2109,50,26.0,31886.0,True,1.0,1.0,1.0,1.0,1.0,1.0,1.0,,,,,1.0,1.0,1.0,1.0,,,
adult__mlp__cemsp,detail,,0,adult__mlp__cemsp__sample_seed_0,completed,adult,mlp,cemsp,1,prediction_not_equal_desired_class,50,2109,50,27.0,11587.0,True,1.0,1.0,1.0,1.0,1.0,1.0,1.0,,,,,1.0,1.0,1.0,1.0,,,
adult__mlp__cemsp,detail,,0,adult__mlp__cemsp__sample_seed_0,completed,adult,mlp,cemsp,1,prediction_not_equal_desired_class,50,2109,50,28.0,31823.0,True,1.0,1.040816307067871,1.0008326768875122,5.0,1.0,5.0,1.0,2.416326530612245,1.0408163265306123,1.5173686971861051,1.0008326396113656,1.8081632653061224,1.0,1.3122621143852864,1.0,,,
adult__mlp__cemsp,detail,,0,adult__mlp__cemsp__sample_seed_0,completed,adult,mlp,cemsp,1,prediction_not_equal_desired_class,50,2109,50,29.0,24033.0,False,0.0,,,0.0,0.0,,,,,,,,,,,,,
adult__mlp__cemsp,detail,,0,adult__mlp__cemsp__sample_seed_0,completed,adult,mlp,cemsp,1,prediction_not_equal_desired_class,50,2109,50,30.0,34029.0,True,1.0,2.061224460601806,1.4155381917953491,2.0,1.0,2.0,1.0,1.0612244897959184,1.0612244897959184,1.0018724660109042,1.0018724660109042,2.53061224489796,2.061224489795918,1.5737945112889218,1.4155382150089664,,,
adult__mlp__cemsp,detail,,0,adult__mlp__cemsp__sample_seed_0,completed,adult,mlp,cemsp,1,prediction_not_equal_desired_class,50,2109,50,31.0,34346.0,True,1.0,2.0,1.4142135381698608,3.0,1.0,3.0,1.0,2.0,2.0,1.4142135623730951,1.4142135623730951,2.0,2.0,1.4142135623730951,1.4142135623730951,,,
adult__mlp__cemsp,detail,,0,adult__mlp__cemsp__sample_seed_0,completed,adult,mlp,cemsp,1,prediction_not_equal_desired_class,50,2109,50,32.0,27505.0,True,1.0,3.0,1.7320507764816284,1.0,1.0,1.0,1.0,,,,,3.0,3.0,1.7320508075688772,1.7320508075688772,,,
adult__mlp__cemsp,detail,,0,adult__mlp__cemsp__sample_seed_0,completed,adult,mlp,cemsp,1,prediction_not_equal_desired_class,50,2109,50,33.0,43027.0,True,1.0,2.1224489212036133,1.4195047616958618,4.0,1.0,4.0,1.0,2.227891156462585,1.1224489795918369,1.454132278860732,1.0074689834446926,1.841836734693878,1.1224489795918369,1.3151730145066591,1.0074689834446926,,,
adult__mlp__cemsp,detail,,0,adult__mlp__cemsp__sample_seed_0,completed,adult,mlp,cemsp,1,prediction_not_equal_desired_class,50,2109,50,34.0,2512.0,True,1.0,2.0,1.4142135381698608,3.0,1.0,3.0,1.0,2.0,2.0,1.4142135623730951,1.4142135623730951,2.0,2.0,1.4142135623730951,1.4142135623730951,,,
adult__mlp__cemsp,detail,,0,adult__mlp__cemsp__sample_seed_0,completed,adult,mlp,cemsp,1,prediction_not_equal_desired_class,50,2109,50,35.0,25074.0,True,1.0,2.0,1.4142135381698608,3.0,1.0,3.0,1.0,2.977777777777778,2.466666666666667,1.671695958030428,1.4892205269125784,1.8222222222222224,1.0,1.3011446964285578,1.0,,,
adult__mlp__cemsp,detail,,0,adult__mlp__cemsp__sample_seed_0,completed,adult,mlp,cemsp,1,prediction_not_equal_desired_class,50,2109,50,36.0,29932.0,True,1.0,4.0,2.0,5.0,1.0,5.0,1.0,1.9619047619047616,0.4047619047619048,1.301382115077802,0.3409005015065798,4.280952380952381,4.0,2.05298611826618,2.0,,,
adult__mlp__cemsp,detail,,0,adult__mlp__cemsp__sample_seed_0,completed,adult,mlp,cemsp,1,prediction_not_equal_desired_class,50,2109,50,37.0,21501.0,True,1.0,2.0,1.4142135381698608,2.0,1.0,2.0,1.0,2.0,2.0,1.4142135623730951,1.4142135623730951,2.0,2.0,1.4142135623730951,1.4142135623730951,,,
adult__mlp__cemsp,detail,,0,adult__mlp__cemsp__sample_seed_0,completed,adult,mlp,cemsp,1,prediction_not_equal_desired_class,50,2109,50,38.0,32715.0,True,1.0,3.0,1.7320507764816284,2.0,1.0,2.0,1.0,2.0,2.0,1.4142135623730951,1.4142135623730951,3.0,3.0,1.7320508075688772,1.7320508075688772,,,
adult__mlp__cemsp,detail,,0,adult__mlp__cemsp__sample_seed_0,completed,adult,mlp,cemsp,1,prediction_not_equal_desired_class,50,2109,50,39.0,11319.0,True,1.0,2.0,1.4142135381698608,1.0,1.0,1.0,1.0,,,,,2.0,2.0,1.4142135623730951,1.4142135623730951,,,
adult__mlp__cemsp,detail,,0,adult__mlp__cemsp__sample_seed_0,completed,adult,mlp,cemsp,1,prediction_not_equal_desired_class,50,2109,50,40.0,22520.0,True,1.0,3.1224489212036133,1.7363736629486084,5.0,1.0,5.0,1.0,2.0734693877551025,1.1224489795918369,1.38398528892529,1.0074689834446926,3.848979591836735,3.122448979591837,1.94802373369262,1.7363737364412888,,,
adult__mlp__cemsp,detail,,0,adult__mlp__cemsp__sample_seed_0,completed,adult,mlp,cemsp,1,prediction_not_equal_desired_class,50,2109,50,41.0,17708.0,False,0.0,,,0.0,0.0,,,,,,,,,,,,,
adult__mlp__cemsp,detail,,0,adult__mlp__cemsp__sample_seed_0,completed,adult,mlp,cemsp,1,prediction_not_equal_desired_class,50,2109,50,42.0,11110.0,True,1.0,1.0,1.0,2.0,1.0,2.0,1.0,2.0,2.0,1.4142135623730951,1.4142135623730951,1.0,1.0,1.0,1.0,,,
adult__mlp__cemsp,detail,,0,adult__mlp__cemsp__sample_seed_0,completed,adult,mlp,cemsp,1,prediction_not_equal_desired_class,50,2109,50,43.0,44950.0,True,1.0,2.0,1.4142135381698608,1.0,1.0,1.0,1.0,,,,,2.0,2.0,1.4142135623730951,1.4142135623730951,,,
adult__mlp__cemsp,detail,,0,adult__mlp__cemsp__sample_seed_0,completed,adult,mlp,cemsp,1,prediction_not_equal_desired_class,50,2109,50,44.0,3659.0,False,0.0,,,0.0,0.0,,,,,,,,,,,,,
adult__mlp__cemsp,detail,,0,adult__mlp__cemsp__sample_seed_0,completed,adult,mlp,cemsp,1,prediction_not_equal_desired_class,50,2109,50,45.0,887.0,True,1.0,2.0204081535339355,1.414360761642456,2.0,1.0,2.0,1.0,1.020408163265306,1.020408163265306,1.0002082248851305,1.0002082248851305,2.510204081632653,2.020408163265306,1.573205807417038,1.4143608072651983,,,
adult__mlp__cemsp,detail,,0,adult__mlp__cemsp__sample_seed_0,completed,adult,mlp,cemsp,1,prediction_not_equal_desired_class,50,2109,50,46.0,16774.0,False,0.0,,,0.0,0.0,,,,,,,,,,,,,
adult__mlp__cemsp,detail,,0,adult__mlp__cemsp__sample_seed_0,completed,adult,mlp,cemsp,1,prediction_not_equal_desired_class,50,2109,50,47.0,21507.0,True,1.0,4.0,2.0,1.0,1.0,1.0,1.0,,,,,4.0,4.0,2.0,2.0,,,
adult__mlp__cemsp,detail,,0,adult__mlp__cemsp__sample_seed_0,completed,adult,mlp,cemsp,1,prediction_not_equal_desired_class,50,2109,50,48.0,1076.0,True,1.0,3.0,1.7320507764816284,5.0,1.0,5.0,1.0,2.6,1.0,1.5902894724963672,1.0,2.6,2.0,1.6049159094905645,1.4142135623730951,,,
adult__mlp__cemsp,detail,,0,adult__mlp__cemsp__sample_seed_0,completed,adult,mlp,cemsp,1,prediction_not_equal_desired_class,50,2109,50,49.0,25409.0,False,0.0,,,0.0,0.0,,,,,,,,,,,,,
adult__mlp__cemsp,detail,,0,adult__mlp__cemsp__sample_seed_0,completed,adult,mlp,cemsp,1,prediction_not_equal_desired_class,50,2109,50,50.0,34115.0,True,1.0,4.0,2.0,1.0,1.0,1.0,1.0,,,,,4.0,4.0,2.0,2.0,,,
adult__mlp__cemsp,summary,seed,0,adult__mlp__cemsp__sample_seed_0,completed,adult,mlp,cemsp,1,prediction_not_equal_desired_class,50,2109,50,,,,0.86,2.2833412317342536,1.4498462108678596,2.04,0.86,2.372093023255814,1.0,2.1395162509448222,1.5324546485260775,1.410492066615478,1.1752928105849862,2.369246427253072,2.1351052048726467,1.480142414728875,1.3950257068637262,43.0,,16.103212
compas_carla__mlp__dice,detail,,0,compas_carla__mlp__dice__sample_seed_0,completed,compas_carla,mlp,dice,1,prediction_not_equal_desired_class,50,231,50,1.0,4462.0,True,1.0,3.1287641525268555,1.734833002090454,5.0,1.0,5.0,1.0,4.56849160194397,3.105977952480316,2.002273963954632,1.5885802591480709,3.353885334677864,1.362998000362463,1.6855248048103306,0.8786897818866134,,,
compas_carla__mlp__dice,detail,,0,compas_carla__mlp__dice__sample_seed_0,completed,compas_carla,mlp,dice,1,prediction_not_equal_desired_class,50,231,50,2.0,2905.0,True,1.0,2.305588960647583,1.4282077550888062,5.0,1.0,5.0,1.0,3.5530705926939845,0.5913380309939384,1.6477721356668842,0.4019789510453703,2.505941903145946,0.9964058374457676,1.364028876232625,0.6197445782622134,,,
compas_carla__mlp__dice,detail,,0,compas_carla__mlp__dice__sample_seed_0,completed,compas_carla,mlp,dice,1,prediction_not_equal_desired_class,50,231,50,3.0,5631.0,True,1.0,0.6383314728736877,0.5707768201828003,5.0,1.0,5.0,1.0,4.461970990244299,2.738017986062914,2.0054886713025266,1.52267076763355,3.247863897605579,0.6383314319513989,1.632609641972817,0.570776851197234,,,
compas_carla__mlp__dice,detail,,0,compas_carla__mlp__dice__sample_seed_0,completed,compas_carla,mlp,dice,1,prediction_not_equal_desired_class,50,231,50,4.0,3779.0,True,1.0,2.250728368759156,1.4227051734924316,5.0,1.0,5.0,1.0,2.5742627933621405,0.1307560093700885,1.3914374727227556,0.075455610476972,1.81868966507242,0.3353673799402318,1.1858991728015065,0.2453478422214332,,,
compas_carla__mlp__dice,detail,,0,compas_carla__mlp__dice__sample_seed_0,completed,compas_carla,mlp,dice,1,prediction_not_equal_desired_class,50,231,50,5.0,2047.0,True,1.0,0.6068469285964966,0.5721752643585205,5.0,1.0,5.0,1.0,1.0613135993480682,0.0628530383110046,0.6754445855358601,0.0405801621188266,1.0326097444714162,0.5716999435843083,0.7357353931361736,0.466654325321172,,,
compas_carla__mlp__dice,detail,,0,compas_carla__mlp__dice__sample_seed_0,completed,compas_carla,mlp,dice,1,prediction_not_equal_desired_class,50,231,50,6.0,2235.0,True,1.0,3.155287504196167,1.7370373010635376,5.0,1.0,5.0,1.0,3.523510798899224,0.0887479945085942,1.684381209169972,0.0665658815515628,2.609225565063402,0.672582421515152,1.4311916998451313,0.4865699311480014,,,
compas_carla__mlp__dice,detail,,0,compas_carla__mlp__dice__sample_seed_0,completed,compas_carla,mlp,dice,1,prediction_not_equal_desired_class,50,231,50,7.0,4014.0,True,1.0,1.1100082397460938,1.002845287322998,5.0,1.0,5.0,1.0,0.6152391914278269,0.186759976670146,0.4502132100235482,0.1328113151050019,0.9260790938528082,0.5000923715019033,0.7182617434697371,0.3238981183180748,,,
compas_carla__mlp__dice,detail,,0,compas_carla__mlp__dice__sample_seed_0,completed,compas_carla,mlp,dice,1,prediction_not_equal_desired_class,50,231,50,8.0,3601.0,True,1.0,0.4455143809318542,0.3169637620449066,5.0,1.0,5.0,1.0,2.848465594742448,0.2334820069372654,1.3359584961948834,0.1577960171848027,2.809363633459042,0.3524197193601152,1.3515680223544415,0.3169637469939799,,,
compas_carla__mlp__dice,detail,,0,compas_carla__mlp__dice__sample_seed_0,completed,compas_carla,mlp,dice,1,prediction_not_equal_desired_class,50,231,50,9.0,1518.0,True,1.0,2.282075881958008,1.4408783912658691,5.0,1.0,5.0,1.0,3.99365120283328,0.9148470202926546,1.834213061661354,0.6621163866178743,2.6361333548780306,0.4376850296391046,1.4194111385332602,0.4104478839053991,,,
compas_carla__mlp__dice,detail,,0,compas_carla__mlp__dice__sample_seed_0,completed,compas_carla,mlp,dice,1,prediction_not_equal_desired_class,50,231,50,10.0,2542.0,True,1.0,0.7943867444992065,0.532934844493866,5.0,1.0,5.0,1.0,1.926032585510984,0.2311879582703113,1.1259445413571216,0.1340818004618338,1.269320865986416,0.4209810953680803,0.8150807208745213,0.3036442610757976,,,
compas_carla__mlp__dice,detail,,0,compas_carla__mlp__dice__sample_seed_0,completed,compas_carla,mlp,dice,1,prediction_not_equal_desired_class,50,231,50,11.0,5201.0,True,1.0,2.527350187301636,1.458425760269165,5.0,1.0,5.0,1.0,2.448630996909924,0.1626089997589588,1.2963213569460037,0.1151391067792786,1.5954570275182558,0.2077762313821075,0.8745862719571094,0.1632787076634831,,,
compas_carla__mlp__dice,detail,,0,compas_carla__mlp__dice__sample_seed_0,completed,compas_carla,mlp,dice,1,prediction_not_equal_desired_class,50,231,50,12.0,728.0,True,1.0,2.1571738719940186,1.418508529663086,5.0,1.0,5.0,1.0,2.260127189650666,0.1241939887404441,1.2147290085806135,0.0793180206909858,1.8933164498787272,0.5661287808286557,1.2450130360587093,0.5185279258050237,,,
compas_carla__mlp__dice,detail,,0,compas_carla__mlp__dice__sample_seed_0,completed,compas_carla,mlp,dice,1,prediction_not_equal_desired_class,50,231,50,13.0,5642.0,True,1.0,0.2332099825143814,0.2159130424261093,5.0,1.0,5.0,1.0,0.5307681865990161,0.16137700015679,0.3524267872283059,0.1285440920717503,0.4179854467612931,0.2332100067318853,0.3237118733503135,0.1881163169632501,,,
compas_carla__mlp__dice,detail,,0,compas_carla__mlp__dice__sample_seed_0,completed,compas_carla,mlp,dice,1,prediction_not_equal_desired_class,50,231,50,14.0,5182.0,True,1.0,2.7505698204040527,1.505919337272644,5.0,1.0,5.0,1.0,0.429374024271965,0.2250080294907093,0.3044798863188436,0.1497185097276683,2.5469511275445886,2.3271692142644635,1.4871755593620055,1.4305988191060308,,,
compas_carla__mlp__dice,detail,,0,compas_carla__mlp__dice__sample_seed_0,completed,compas_carla,mlp,dice,1,prediction_not_equal_desired_class,50,231,50,15.0,2438.0,True,1.0,3.052145481109619,1.73282790184021,5.0,1.0,5.0,1.0,2.8261841964907943,0.8628070126287639,1.5390581085496202,0.672416618175502,1.9960888485186368,0.6058594217509604,1.2399328952811235,0.5400904663833347,,,
compas_carla__mlp__dice,detail,,0,compas_carla__mlp__dice__sample_seed_0,completed,compas_carla,mlp,dice,1,prediction_not_equal_desired_class,50,231,50,16.0,2296.0,True,1.0,0.1851486265659332,0.1766934096813202,5.0,1.0,5.0,1.0,2.3406834141351283,0.1998359933495521,1.2984624583422846,0.1061307808854206,1.4609794126771405,0.1851486496855323,0.9622554607960282,0.1766934200724106,,,
compas_carla__mlp__dice,detail,,0,compas_carla__mlp__dice__sample_seed_0,completed,compas_carla,mlp,dice,1,prediction_not_equal_desired_class,50,231,50,17.0,1480.0,True,1.0,3.005126714706421,1.611186385154724,5.0,1.0,5.0,1.0,3.031153196195373,0.2926549727708334,1.497148145383142,0.1626866778538562,2.6234596382948694,0.7226742305406514,1.4274244554173745,0.5719674813939241,,,
compas_carla__mlp__dice,detail,,0,compas_carla__mlp__dice__sample_seed_0,completed,compas_carla,mlp,dice,1,prediction_not_equal_desired_class,50,231,50,18.0,2121.0,True,1.0,3.226581335067749,1.7405211925506592,5.0,1.0,5.0,1.0,1.7953454118454828,0.284879955695942,1.0805816147877612,0.1728638061537307,2.546732299785416,0.9821932776014392,1.4190974853910845,0.6595560420052284,,,
compas_carla__mlp__dice,detail,,0,compas_carla__mlp__dice__sample_seed_0,completed,compas_carla,mlp,dice,1,prediction_not_equal_desired_class,50,231,50,19.0,2609.0,True,1.0,2.096795082092285,1.416062593460083,5.0,1.0,5.0,1.0,3.427074617892504,0.5709080062806606,1.6714150495579934,0.4663878058746893,2.0580080172353186,0.3932065135443661,1.1893551632820814,0.3352637300592901,,,
compas_carla__mlp__dice,detail,,0,compas_carla__mlp__dice__sample_seed_0,completed,compas_carla,mlp,dice,1,prediction_not_equal_desired_class,50,231,50,20.0,3780.0,True,1.0,3.134681463241577,1.7354501485824585,5.0,1.0,5.0,1.0,3.97613439563429,2.291045994497836,1.8820382859233649,1.42662102674615,2.807427531427116,0.4576071697562008,1.486860654229141,0.4282538193526852,,,
compas_carla__mlp__dice,detail,,0,compas_carla__mlp__dice__sample_seed_0,completed,compas_carla,mlp,dice,1,prediction_not_equal_desired_class,50,231,50,21.0,265.0,True,1.0,2.71870756149292,1.47537100315094,5.0,1.0,5.0,1.0,0.6320947751402854,0.1892499551177024,0.4490284534680024,0.1034354661339939,2.896441411199679,2.62061261827003,1.5493551458292203,1.4753709474662988,,,
compas_carla__mlp__dice,detail,,0,compas_carla__mlp__dice__sample_seed_0,completed,compas_carla,mlp,dice,1,prediction_not_equal_desired_class,50,231,50,22.0,4753.0,True,1.0,0.9812058210372924,0.8673335313796997,5.0,1.0,5.0,1.0,0.6447115942835808,0.3043770045042038,0.4692454851413946,0.1778521208116272,0.8044846157843043,0.517266620153237,0.6037744625719836,0.2991586152612536,,,
compas_carla__mlp__dice,detail,,0,compas_carla__mlp__dice__sample_seed_0,completed,compas_carla,mlp,dice,1,prediction_not_equal_desired_class,50,231,50,23.0,2303.0,True,1.0,0.3799034357070923,0.3384686708450317,5.0,1.0,5.0,1.0,2.3396790077444165,0.2233470280189067,1.2451517320538916,0.1578189215457915,1.8470612163252995,0.3799034218763111,1.2070968504924102,0.3384686616299516,,,
compas_carla__mlp__dice,detail,,0,compas_carla__mlp__dice__sample_seed_0,completed,compas_carla,mlp,dice,1,prediction_not_equal_desired_class,50,231,50,24.0,6086.0,True,1.0,2.155757427215576,1.419261455535889,5.0,1.0,5.0,1.0,4.055559208849445,1.0952039947733283,1.8605635043635669,0.9876868622859788,2.845878935998873,0.7108142969259105,1.4977107466526751,0.5131637505587279,,,
compas_carla__mlp__dice,detail,,0,compas_carla__mlp__dice__sample_seed_0,completed,compas_carla,mlp,dice,1,prediction_not_equal_desired_class,50,231,50,25.0,2059.0,True,1.0,2.242905616760254,1.4253569841384888,5.0,1.0,5.0,1.0,2.931033600308001,0.989587993361056,1.5427858038790152,0.5833169415012104,2.010593034173685,0.3493151499597448,1.1480482469206508,0.3210380018883723,,,
compas_carla__mlp__dice,detail,,0,compas_carla__mlp__dice__sample_seed_0,completed,compas_carla,mlp,dice,1,prediction_not_equal_desired_class,50,231,50,26.0,2427.0,True,1.0,2.7179982662200928,1.5088645219802856,5.0,1.0,5.0,1.0,1.8044013997074213,0.3338059894740581,1.0856587973813887,0.2049503148342017,2.0430983375195257,0.6996623740601636,1.1848047749966826,0.4984051359167447,,,
compas_carla__mlp__dice,detail,,0,compas_carla__mlp__dice__sample_seed_0,completed,compas_carla,mlp,dice,1,prediction_not_equal_desired_class,50,231,50,27.0,3785.0,True,1.0,2.970851421356201,1.662458896636963,5.0,1.0,5.0,1.0,3.6337223950307815,1.0759800230152905,1.7421494266831543,0.8893725947930722,2.698575379640555,0.7092824448490271,1.461811649227448,0.5180461465658619,,,
compas_carla__mlp__dice,detail,,0,compas_carla__mlp__dice__sample_seed_0,completed,compas_carla,mlp,dice,1,prediction_not_equal_desired_class,50,231,50,28.0,4574.0,True,1.0,0.17535100877285,0.1328162550926208,5.0,1.0,5.0,1.0,0.2420554080978036,0.08786900062114,0.1676271954035966,0.0625692012308496,0.2763215218387976,0.1343168511600126,0.2191397801086821,0.1123896588991559,,,
compas_carla__mlp__dice,detail,,0,compas_carla__mlp__dice__sample_seed_0,completed,compas_carla,mlp,dice,1,prediction_not_equal_desired_class,50,231,50,29.0,3571.0,True,1.0,3.1439874172210693,1.735158085823059,5.0,1.0,5.0,1.0,4.050261206715367,2.303544951137156,1.876347375560236,1.4271879049660232,2.847657142115419,0.8409681492183212,1.5165814189699365,0.5822351050903111,,,
compas_carla__mlp__dice,detail,,0,compas_carla__mlp__dice__sample_seed_0,completed,compas_carla,mlp,dice,1,prediction_not_equal_desired_class,50,231,50,30.0,4163.0,True,1.0,2.3247227668762207,1.4279372692108154,5.0,1.0,5.0,1.0,2.8351133876014503,0.1379070058465004,1.420712678189255,0.0879078914512074,2.391453404080422,0.3763498561870553,1.229740588572554,0.300985774370718,,,
compas_carla__mlp__dice,detail,,0,compas_carla__mlp__dice__sample_seed_0,completed,compas_carla,mlp,dice,1,prediction_not_equal_desired_class,50,231,50,31.0,1515.0,True,1.0,2.7334024906158447,1.521643042564392,5.0,1.0,5.0,1.0,3.9708371995948255,0.6233930140733719,1.81474915628926,0.4682562502187014,2.870720562737254,0.7790793774488876,1.5143477663733207,0.5594186185233799,,,
compas_carla__mlp__dice,detail,,0,compas_carla__mlp__dice__sample_seed_0,completed,compas_carla,mlp,dice,1,prediction_not_equal_desired_class,50,231,50,32.0,3458.0,True,1.0,0.4032660126686096,0.264043390750885,5.0,1.0,5.0,1.0,2.3337920061312616,0.4214320029132068,1.2630252079725586,0.2733588163831071,1.3246185230509844,0.4000420127819856,0.8171048431371017,0.2640433761107202,,,
compas_carla__mlp__dice,detail,,0,compas_carla__mlp__dice__sample_seed_0,completed,compas_carla,mlp,dice,1,prediction_not_equal_desired_class,50,231,50,33.0,4927.0,True,1.0,0.1271781921386718,0.1241439282894134,5.0,1.0,5.0,1.0,2.271663407050073,0.3924940410070121,1.2450640981637335,0.2615500853840817,1.2823570085852238,0.127178203420721,0.8042830756457862,0.124143922969853,,,
compas_carla__mlp__dice,detail,,0,compas_carla__mlp__dice__sample_seed_0,completed,compas_carla,mlp,dice,1,prediction_not_equal_desired_class,50,231,50,34.0,1655.0,True,1.0,4.271553039550781,2.009793519973755,5.0,1.0,5.0,1.0,3.961083415616304,2.4684649859555066,1.8652663132765817,1.4519077278373267,2.8254950147441287,0.6540409015924463,1.4937797475894228,0.4612155108789723,,,
compas_carla__mlp__dice,detail,,0,compas_carla__mlp__dice__sample_seed_0,completed,compas_carla,mlp,dice,1,prediction_not_equal_desired_class,50,231,50,35.0,3306.0,True,1.0,2.1393849849700928,1.418492317199707,5.0,1.0,5.0,1.0,1.2217782091349365,0.1487329583615064,0.743416331328361,0.1100404630522808,1.88473093456875,0.4193259648388746,1.209718128335687,0.3121072531602143,,,
compas_carla__mlp__dice,detail,,0,compas_carla__mlp__dice__sample_seed_0,completed,compas_carla,mlp,dice,1,prediction_not_equal_desired_class,50,231,50,36.0,2042.0,True,1.0,2.084110736846924,1.416587471961975,5.0,1.0,5.0,1.0,2.172528399527073,0.0803010072559118,1.2754339248288296,0.0504910709899717,1.4194469083136352,0.2640701695983065,0.972963736250226,0.237897942929937,,,
compas_carla__mlp__dice,detail,,0,compas_carla__mlp__dice__sample_seed_0,completed,compas_carla,mlp,dice,1,prediction_not_equal_desired_class,50,231,50,37.0,5355.0,True,1.0,0.6467043161392212,0.4546169638633728,5.0,1.0,5.0,1.0,2.855252002272755,0.40708500565961,1.475751623647565,0.2515504028202435,2.1206423646848016,0.6467042699923007,1.2162920757373128,0.4546169484734559,,,
compas_carla__mlp__dice,detail,,0,compas_carla__mlp__dice__sample_seed_0,completed,compas_carla,mlp,dice,1,prediction_not_equal_desired_class,50,231,50,38.0,713.0,True,1.0,0.0832516849040985,0.0574240311980247,5.0,1.0,5.0,1.0,2.545954177851672,0.4458510032854974,1.348395349896721,0.2957555478680828,1.5741651206901237,0.083251706995623,0.9094858404104116,0.0574240455984405,,,
compas_carla__mlp__dice,detail,,0,compas_carla__mlp__dice__sample_seed_0,completed,compas_carla,mlp,dice,1,prediction_not_equal_desired_class,50,231,50,39.0,4107.0,True,1.0,3.0576210021972656,1.732935070991516,5.0,1.0,5.0,1.0,3.526386187784374,0.40687798243016,1.7113339735053696,0.2972583958437951,2.387315115381892,0.4338309206412388,1.2782819039240985,0.3895863980013656,,,
compas_carla__mlp__dice,detail,,0,compas_carla__mlp__dice__sample_seed_0,completed,compas_carla,mlp,dice,1,prediction_not_equal_desired_class,50,231,50,40.0,4839.0,True,1.0,3.2688651084899902,1.745780110359192,5.0,1.0,5.0,1.0,3.4954924054443834,0.3098139986395836,1.7153015293168328,0.2300191115602046,2.721231399500069,0.5645829107617399,1.4721175999055585,0.5110909991657434,,,
compas_carla__mlp__dice,detail,,0,compas_carla__mlp__dice__sample_seed_0,completed,compas_carla,mlp,dice,1,prediction_not_equal_desired_class,50,231,50,41.0,5039.0,True,1.0,2.287506580352783,1.4285964965820312,5.0,1.0,5.0,1.0,0.2980470158159732,0.0812179849017411,0.1975238347451764,0.0474055621152635,2.227011881786146,2.079246469594428,1.426893390152308,1.4151422365603883,,,
compas_carla__mlp__dice,detail,,0,compas_carla__mlp__dice__sample_seed_0,completed,compas_carla,mlp,dice,1,prediction_not_equal_desired_class,50,231,50,42.0,1442.0,True,1.0,0.1888571083545684,0.1828469485044479,5.0,1.0,5.0,1.0,4.052296800864861,1.081448029493913,1.8368306556576457,0.6632372744256494,2.6899578672330384,0.1888571158028993,1.329783163090773,0.1828469406137684,,,
compas_carla__mlp__dice,detail,,0,compas_carla__mlp__dice__sample_seed_0,completed,compas_carla,mlp,dice,1,prediction_not_equal_desired_class,50,231,50,43.0,4982.0,True,1.0,2.6235783100128174,1.4753769636154177,5.0,1.0,5.0,1.0,2.8901856003561988,0.6309310048818588,1.4535827452289565,0.4829685995745904,3.272378790681325,1.0266456246014066,1.5901148886219345,0.7574789487789096,,,
compas_carla__mlp__dice,detail,,0,compas_carla__mlp__dice__sample_seed_0,completed,compas_carla,mlp,dice,1,prediction_not_equal_desired_class,50,231,50,44.0,4399.0,True,1.0,0.7364664077758789,0.5972647070884705,5.0,1.0,5.0,1.0,1.6232482025399804,0.4334150180220604,0.9944248361648228,0.3094449613902939,1.150210054883706,0.3155791005037734,0.8407591426324765,0.2894658886684965,,,
compas_carla__mlp__dice,detail,,0,compas_carla__mlp__dice__sample_seed_0,completed,compas_carla,mlp,dice,1,prediction_not_equal_desired_class,50,231,50,45.0,1156.0,True,1.0,2.3067626953125,1.4322441816329956,5.0,1.0,5.0,1.0,2.809999385755509,0.6543030007742345,1.4328532212203753,0.4501946755858759,2.568874341007166,1.0182316361462218,1.4232503001560943,0.6364504688545188,,,
compas_carla__mlp__dice,detail,,0,compas_carla__mlp__dice__sample_seed_0,completed,compas_carla,mlp,dice,1,prediction_not_equal_desired_class,50,231,50,46.0,5354.0,True,1.0,2.4771878719329834,1.478682518005371,5.0,1.0,5.0,1.0,3.5606454201973974,0.4442830146290362,1.7086532116021715,0.3383731231940834,2.452009895089245,0.6121379538758955,1.3930022928888386,0.4851793849720534,,,
compas_carla__mlp__dice,detail,,0,compas_carla__mlp__dice__sample_seed_0,completed,compas_carla,mlp,dice,1,prediction_not_equal_desired_class,50,231,50,47.0,3452.0,True,1.0,3.2765800952911377,1.7309638261795044,5.0,1.0,5.0,1.0,2.7015665812417864,0.347546998411417,1.4216662051570474,0.2271708920201101,2.1939799611708164,0.5905973116367773,1.2289034088433737,0.5076337185837214,,,
compas_carla__mlp__dice,detail,,0,compas_carla__mlp__dice__sample_seed_0,completed,compas_carla,mlp,dice,1,prediction_not_equal_desired_class,50,231,50,48.0,5289.0,True,1.0,0.2733877599239349,0.267417162656784,5.0,1.0,5.0,1.0,3.2618447904940693,0.2571819871664047,1.6121450338834802,0.1515595150788896,2.000437532358955,0.2733877247191624,1.0951526439998278,0.2496466372250676,,,
compas_carla__mlp__dice,detail,,0,compas_carla__mlp__dice__sample_seed_0,completed,compas_carla,mlp,dice,1,prediction_not_equal_desired_class,50,231,50,49.0,1117.0,True,1.0,0.7900289297103882,0.6365987062454224,5.0,1.0,5.0,1.0,3.5936232179868965,1.1753560292418117,1.7143108445792588,0.7656159776513626,2.2365308180149546,0.483749706540395,1.2321914839218036,0.436505053151431,,,
compas_carla__mlp__dice,detail,,0,compas_carla__mlp__dice__sample_seed_0,completed,compas_carla,mlp,dice,1,prediction_not_equal_desired_class,50,231,50,50.0,5792.0,True,1.0,3.325822830200196,1.7150734663009644,5.0,1.0,5.0,1.0,2.636093021929264,0.2968460172414779,1.3215394974296653,0.1664488118046027,2.511602533331485,0.7920038099214937,1.3917061204550034,0.6809902224676274,,,
compas_carla__mlp__dice,summary,seed,0,compas_carla__mlp__dice__sample_seed_0,completed,compas_carla,mlp,dice,1,prediction_not_equal_desired_class,50,231,50,,,,1.0,1.919984441995621,1.1490883480012417,5.0,1.0,5.0,1.0,2.6228486802339903,0.6261427191496477,1.3260065219045076,0.4047433816131074,2.130616009686891,0.6412114280165837,1.2050583857113824,0.4721446072494008,50.0,,442.131062
compas_carla__mlp__diverse_dist,detail,,0,compas_carla__mlp__diverse_dist__sample_seed_0,completed,compas_carla,mlp,diverse_dist,1,prediction_not_equal_desired_class,50,231,50,1.0,4462.0,True,1.0,0.2738545835018158,0.192880317568779,1.0,1.0,1.0,1.0,,,,,0.2738546061027272,0.2738546061027272,0.192880320928022,0.192880320928022,,,
compas_carla__mlp__diverse_dist,detail,,0,compas_carla__mlp__diverse_dist__sample_seed_0,completed,compas_carla,mlp,diverse_dist,1,prediction_not_equal_desired_class,50,231,50,2.0,2905.0,True,1.0,0.1519795805215835,0.1046772077679634,2.0,1.0,2.0,1.0,1.098772767232731,1.098772767232731,1.0023149381219718,1.0023149381219718,0.6057182051877172,0.1519795887575167,0.5526900390060397,0.1046772083734575,,,
compas_carla__mlp__diverse_dist,detail,,0,compas_carla__mlp__diverse_dist__sample_seed_0,completed,compas_carla,mlp,diverse_dist,1,prediction_not_equal_desired_class,50,231,50,3.0,5631.0,True,1.0,0.1179841458797454,0.0829504951834678,1.0,1.0,1.0,1.0,,,,,0.1179841451513783,0.1179841451513783,0.0829504948534518,0.0829504948534518,,,
compas_carla__mlp__diverse_dist,detail,,0,compas_carla__mlp__diverse_dist__sample_seed_0,completed,compas_carla,mlp,diverse_dist,1,prediction_not_equal_desired_class,50,231,50,4.0,3779.0,True,1.0,0.2057388722896576,0.1308278739452362,2.0,1.0,2.0,1.0,0.2183367228135466,0.2183367228135466,0.1435719009049671,0.1435719009049671,0.2116683608107268,0.2057388781077466,0.1411146121620179,0.1308278716199957,,,
compas_carla__mlp__diverse_dist,detail,,0,compas_carla__mlp__diverse_dist__sample_seed_0,completed,compas_carla,mlp,diverse_dist,1,prediction_not_equal_desired_class,50,231,50,5.0,2047.0,True,1.0,0.7156845331192017,0.4200959205627441,1.0,1.0,1.0,1.0,,,,,0.7156844997824284,0.7156844997824284,0.4200959240326913,0.4200959240326913,,,
compas_carla__mlp__diverse_dist,detail,,0,compas_carla__mlp__diverse_dist__sample_seed_0,completed,compas_carla,mlp,diverse_dist,1,prediction_not_equal_desired_class,50,231,50,6.0,2235.0,True,1.0,0.1101636439561843,0.0737495496869087,1.0,1.0,1.0,1.0,,,,,0.11016363833356,0.11016363833356,0.0737495439026513,0.0737495439026513,,,
compas_carla__mlp__diverse_dist,detail,,0,compas_carla__mlp__diverse_dist__sample_seed_0,completed,compas_carla,mlp,diverse_dist,1,prediction_not_equal_desired_class,50,231,50,7.0,4014.0,True,1.0,0.1644568145275116,0.1183479353785514,1.0,1.0,1.0,1.0,,,,,0.1644568078732683,0.1644568078732683,0.1183479291761066,0.1183479291761066,,,
compas_carla__mlp__diverse_dist,detail,,0,compas_carla__mlp__diverse_dist__sample_seed_0,completed,compas_carla,mlp,diverse_dist,1,prediction_not_equal_desired_class,50,231,50,8.0,3601.0,True,1.0,0.2644079029560089,0.2631608843803406,1.0,1.0,1.0,1.0,,,,,0.2644078989475639,0.2644078989475639,0.2631608626859666,0.2631608626859666,,,
compas_carla__mlp__diverse_dist,detail,,0,compas_carla__mlp__diverse_dist__sample_seed_0,completed,compas_carla,mlp,diverse_dist,1,prediction_not_equal_desired_class,50,231,50,9.0,1518.0,True,1.0,0.2367425858974456,0.1912195980548858,1.0,1.0,1.0,1.0,,,,,0.236742584549064,0.236742584549064,0.191219585528109,0.191219585528109,,,
compas_carla__mlp__diverse_dist,detail,,0,compas_carla__mlp__diverse_dist__sample_seed_0,completed,compas_carla,mlp,diverse_dist,1,prediction_not_equal_desired_class,50,231,50,10.0,2542.0,True,1.0,0.136734127998352,0.085318349301815,1.0,1.0,1.0,1.0,,,,,0.1367341442470276,0.1367341442470276,0.0853183566418123,0.0853183566418123,,,
compas_carla__mlp__diverse_dist,detail,,0,compas_carla__mlp__diverse_dist__sample_seed_0,completed,compas_carla,mlp,diverse_dist,1,prediction_not_equal_desired_class,50,231,50,11.0,5201.0,True,1.0,0.1591447442770004,0.1578996926546096,1.0,1.0,1.0,1.0,,,,,0.159144741052827,0.159144741052827,0.1578996838972226,0.1578996838972226,,,
compas_carla__mlp__diverse_dist,detail,,0,compas_carla__mlp__diverse_dist__sample_seed_0,completed,compas_carla,mlp,diverse_dist,1,prediction_not_equal_desired_class,50,231,50,12.0,728.0,True,1.0,0.0919568091630935,0.0543137416243553,1.0,1.0,1.0,1.0,,,,,0.0919568168798992,0.0919568168798992,0.0543137465393898,0.0543137465393898,,,
compas_carla__mlp__diverse_dist,detail,,0,compas_carla__mlp__diverse_dist__sample_seed_0,completed,compas_carla,mlp,diverse_dist,1,prediction_not_equal_desired_class,50,231,50,13.0,5642.0,True,1.0,0.1450801342725753,0.1293109506368637,2.0,1.0,2.0,1.0,0.2285821891855448,0.2285821891855448,0.1549784622637876,0.1549784622637876,0.1623680264575598,0.1450801579685386,0.1346990626587334,0.1293109563980442,,,
compas_carla__mlp__diverse_dist,detail,,0,compas_carla__mlp__diverse_dist__sample_seed_0,completed,compas_carla,mlp,diverse_dist,1,prediction_not_equal_desired_class,50,231,50,14.0,5182.0,True,1.0,0.2394559681415558,0.1599965840578079,2.0,1.0,2.0,1.0,0.494698891416192,0.494698891416192,0.355408814401704,0.355408814401704,0.4098823355902966,0.2394559668052776,0.276286653103804,0.1599965717099145,,,
compas_carla__mlp__diverse_dist,detail,,0,compas_carla__mlp__diverse_dist__sample_seed_0,completed,compas_carla,mlp,diverse_dist,1,prediction_not_equal_desired_class,50,231,50,15.0,2438.0,True,1.0,0.057692315429449,0.057692315429449,2.0,1.0,2.0,1.0,0.6136839005630463,0.6136839005630463,0.5647610583985326,0.5647610583985326,0.3140534916645489,0.0576923169181324,0.3101194911135889,0.057692316862253,,,
compas_carla__mlp__diverse_dist,detail,,0,compas_carla__mlp__diverse_dist__sample_seed_0,completed,compas_carla,mlp,diverse_dist,1,prediction_not_equal_desired_class,50,231,50,16.0,2296.0,True,1.0,0.0529192090034484,0.0415081791579723,2.0,1.0,2.0,1.0,0.2337559021543711,0.2337559021543711,0.1684399012648516,0.1684399012648516,0.1296984777364354,0.0529192188149381,0.1020540333937649,0.041508178606371,,,
compas_carla__mlp__diverse_dist,detail,,0,compas_carla__mlp__diverse_dist__sample_seed_0,completed,compas_carla,mlp,diverse_dist,1,prediction_not_equal_desired_class,50,231,50,17.0,1480.0,True,1.0,0.2101636379957199,0.1291859000921249,1.0,1.0,1.0,1.0,,,,,0.2101636363885412,0.2101636363885412,0.1291858932816488,0.1291858932816488,,,
compas_carla__mlp__diverse_dist,detail,,0,compas_carla__mlp__diverse_dist__sample_seed_0,completed,compas_carla,mlp,diverse_dist,1,prediction_not_equal_desired_class,50,231,50,18.0,2121.0,True,1.0,0.4574899077415466,0.3610396385192871,1.0,1.0,1.0,1.0,,,,,0.4574898963070546,0.4574898963070546,0.3610396480801243,0.3610396480801243,,,
compas_carla__mlp__diverse_dist,detail,,0,compas_carla__mlp__diverse_dist__sample_seed_0,completed,compas_carla,mlp,diverse_dist,1,prediction_not_equal_desired_class,50,231,50,19.0,2609.0,True,1.0,0.0573557652533054,0.0427005589008331,2.0,1.0,2.0,1.0,0.0692796874791383,0.0692796874791383,0.0480954305681434,0.0480954305681434,0.0615148434415459,0.0573557703400108,0.0410534404148445,0.0394063170048391,,,
compas_carla__mlp__diverse_dist,detail,,0,compas_carla__mlp__diverse_dist__sample_seed_0,completed,compas_carla,mlp,diverse_dist,1,prediction_not_equal_desired_class,50,231,50,20.0,3780.0,True,1.0,0.0929183512926101,0.0693390965461731,1.0,1.0,1.0,1.0,,,,,0.0929183556776941,0.0929183556776941,0.0693390926502701,0.0693390926502701,,,
compas_carla__mlp__diverse_dist,detail,,0,compas_carla__mlp__diverse_dist__sample_seed_0,completed,compas_carla,mlp,diverse_dist,1,prediction_not_equal_desired_class,50,231,50,21.0,265.0,True,1.0,0.5864052176475525,0.4377739727497101,1.0,1.0,1.0,1.0,,,,,0.586405213446056,0.586405213446056,0.4377739445681924,0.4377739445681924,,,
compas_carla__mlp__diverse_dist,detail,,0,compas_carla__mlp__diverse_dist__sample_seed_0,completed,compas_carla,mlp,diverse_dist,1,prediction_not_equal_desired_class,50,231,50,22.0,4753.0,True,1.0,0.1966666579246521,0.1693451404571533,2.0,1.0,2.0,1.0,0.3277041101828217,0.3277041101828217,0.2118407202945362,0.2118407202945362,0.2407751411844331,0.1966666739598399,0.1851896616434106,0.169345147764847,,,
compas_carla__mlp__diverse_dist,detail,,0,compas_carla__mlp__diverse_dist__sample_seed_0,completed,compas_carla,mlp,diverse_dist,1,prediction_not_equal_desired_class,50,231,50,23.0,2303.0,True,1.0,0.2350067496299743,0.1439938992261886,2.0,1.0,2.0,1.0,0.3701366460882127,0.3701366460882127,0.2375591143525537,0.2375591143525537,0.2903314754489417,0.2350067441810963,0.2010828137065581,0.143993901596577,,,
compas_carla__mlp__diverse_dist,detail,,0,compas_carla__mlp__diverse_dist__sample_seed_0,completed,compas_carla,mlp,diverse_dist,1,prediction_not_equal_desired_class,50,231,50,24.0,6086.0,True,1.0,0.1193336695432663,0.1060483902692794,2.0,1.0,2.0,1.0,0.2212230127770453,0.2212230127770453,0.1616245100346256,0.1616245100346256,0.1369273021643197,0.1193336688852824,0.1184632485279594,0.10604838986063,,,
compas_carla__mlp__diverse_dist,detail,,0,compas_carla__mlp__diverse_dist__sample_seed_0,completed,compas_carla,mlp,diverse_dist,1,prediction_not_equal_desired_class,50,231,50,25.0,2059.0,True,1.0,0.2738545835018158,0.192880317568779,2.0,1.0,2.0,1.0,0.3507776681799441,0.3507776681799441,0.2545903138843592,0.2545903138843592,0.3069677877884456,0.2738546053944444,0.2335252040597109,0.1928803203696622,,,
compas_carla__mlp__diverse_dist,detail,,0,compas_carla__mlp__diverse_dist__sample_seed_0,completed,compas_carla,mlp,diverse_dist,1,prediction_not_equal_desired_class,50,231,50,26.0,2427.0,True,1.0,0.1668336689472198,0.1167101562023162,2.0,1.0,2.0,1.0,0.2212230127770453,0.2212230127770453,0.1616245100346256,0.1616245100346256,0.1972478199518862,0.1668336788193899,0.1399292998988354,0.1167101591411514,,,
compas_carla__mlp__diverse_dist,detail,,0,compas_carla__mlp__diverse_dist__sample_seed_0,completed,compas_carla,mlp,diverse_dist,1,prediction_not_equal_desired_class,50,231,50,27.0,3785.0,True,1.0,0.3669719994068146,0.2824411988258362,1.0,1.0,1.0,1.0,,,,,0.3669720150654891,0.3669720150654891,0.2824412166285952,0.2824412166285952,,,
compas_carla__mlp__diverse_dist,detail,,0,compas_carla__mlp__diverse_dist__sample_seed_0,completed,compas_carla,mlp,diverse_dist,1,prediction_not_equal_desired_class,50,231,50,28.0,4574.0,True,1.0,0.0365705154836177,0.0269894078373909,2.0,1.0,2.0,1.0,0.0557068176567554,0.0557068176567554,0.0369329879057853,0.0369329879057853,0.0478534087911248,0.0365705126557655,0.0312209997612372,0.026989406016895,,,
compas_carla__mlp__diverse_dist,detail,,0,compas_carla__mlp__diverse_dist__sample_seed_0,completed,compas_carla,mlp,diverse_dist,1,prediction_not_equal_desired_class,50,231,50,29.0,3571.0,True,1.0,0.2341430634260177,0.1668305099010467,1.0,1.0,1.0,1.0,,,,,0.2341430676970681,0.2341430676970681,0.1668305083841917,0.1668305083841917,,,
compas_carla__mlp__diverse_dist,detail,,0,compas_carla__mlp__diverse_dist__sample_seed_0,completed,compas_carla,mlp,diverse_dist,1,prediction_not_equal_desired_class,50,231,50,30.0,4163.0,True,1.0,0.3053694367408752,0.2659801244735718,1.0,1.0,1.0,1.0,,,,,0.3053694274749948,0.3053694274749948,0.2659801293489971,0.2659801293489971,,,
compas_carla__mlp__diverse_dist,detail,,0,compas_carla__mlp__diverse_dist__sample_seed_0,completed,compas_carla,mlp,diverse_dist,1,prediction_not_equal_desired_class,50,231,50,31.0,1515.0,True,1.0,0.1051636412739753,0.073494866490364,1.0,1.0,1.0,1.0,,,,,0.1051636383335599,0.1051636383335599,0.073494865302612,0.073494865302612,,,
compas_carla__mlp__diverse_dist,detail,,0,compas_carla__mlp__diverse_dist__sample_seed_0,completed,compas_carla,mlp,diverse_dist,1,prediction_not_equal_desired_class,50,231,50,32.0,3458.0,True,1.0,0.1841109991073608,0.1412247568368911,2.0,1.0,2.0,1.0,0.2376994604710489,0.2376994604710489,0.165406007565191,0.165406007565191,0.1898686379810428,0.1841110036253562,0.1577230452607202,0.1412247536934523,,,
compas_carla__mlp__diverse_dist,detail,,0,compas_carla__mlp__diverse_dist__sample_seed_0,completed,compas_carla,mlp,diverse_dist,1,prediction_not_equal_desired_class,50,231,50,33.0,4927.0,True,1.0,0.1042012423276901,0.0752841308712959,2.0,1.0,2.0,1.0,0.1939448422053828,0.1939448422053828,0.1588307371480974,0.1588307371480974,0.1370711060555798,0.1042012566970736,0.0974086190680552,0.0752841426612175,,,
compas_carla__mlp__diverse_dist,detail,,0,compas_carla__mlp__diverse_dist__sample_seed_0,completed,compas_carla,mlp,diverse_dist,1,prediction_not_equal_desired_class,50,231,50,34.0,1655.0,True,1.0,0.0679520964622497,0.0542282201349735,1.0,1.0,1.0,1.0,,,,,0.0679520998720215,0.0679520998720215,0.0542282132201867,0.0542282132201867,,,
compas_carla__mlp__diverse_dist,detail,,0,compas_carla__mlp__diverse_dist__sample_seed_0,completed,compas_carla,mlp,diverse_dist,1,prediction_not_equal_desired_class,50,231,50,35.0,3306.0,True,1.0,0.3278357088565826,0.253277838230133,1.0,1.0,1.0,1.0,,,,,0.3278357018406066,0.3278357018406066,0.2532778295240945,0.2532778295240945,,,
compas_carla__mlp__diverse_dist,detail,,0,compas_carla__mlp__diverse_dist__sample_seed_0,completed,compas_carla,mlp,diverse_dist,1,prediction_not_equal_desired_class,50,231,50,36.0,2042.0,True,1.0,0.0399999991059303,0.0399999991059303,1.0,1.0,1.0,1.0,,,,,0.0400000007715775,0.0400000007715775,0.0399999999068677,0.0399999999068677,,,
compas_carla__mlp__diverse_dist,detail,,0,compas_carla__mlp__diverse_dist__sample_seed_0,completed,compas_carla,mlp,diverse_dist,1,prediction_not_equal_desired_class,50,231,50,37.0,5355.0,True,1.0,0.2379925847053527,0.1912318617105484,1.0,1.0,1.0,1.0,,,,,0.237992585701981,0.237992585701981,0.191231844770805,0.191231844770805,,,
compas_carla__mlp__diverse_dist,detail,,0,compas_carla__mlp__diverse_dist__sample_seed_0,completed,compas_carla,mlp,diverse_dist,1,prediction_not_equal_desired_class,50,231,50,38.0,713.0,True,1.0,0.0446976535022258,0.0343410074710845,1.0,1.0,1.0,1.0,,,,,0.0446976197936777,0.0446976197936777,0.0343409940226716,0.0343409940226716,,,
compas_carla__mlp__diverse_dist,detail,,0,compas_carla__mlp__diverse_dist__sample_seed_0,completed,compas_carla,mlp,diverse_dist,1,prediction_not_equal_desired_class,50,231,50,39.0,4107.0,True,1.0,0.021570511162281,0.0155218560248613,1.0,1.0,1.0,1.0,,,,,0.0215705149219586,0.0215705149219586,0.0155218588727047,0.0155218588727047,,,
compas_carla__mlp__diverse_dist,detail,,0,compas_carla__mlp__diverse_dist__sample_seed_0,completed,compas_carla,mlp,diverse_dist,1,prediction_not_equal_desired_class,50,231,50,40.0,4839.0,True,1.0,0.1483046561479568,0.0950726345181465,1.0,1.0,1.0,1.0,,,,,0.1483046579718911,0.1483046579718911,0.0950726337549667,0.0950726337549667,,,
compas_carla__mlp__diverse_dist,detail,,0,compas_carla__mlp__diverse_dist__sample_seed_0,completed,compas_carla,mlp,diverse_dist,1,prediction_not_equal_desired_class,50,231,50,41.0,5039.0,True,1.0,0.3739962577819824,0.343121737241745,1.0,1.0,1.0,1.0,,,,,0.3739962881308566,0.3739962881308566,0.3431217520539976,0.3431217520539976,,,
compas_carla__mlp__diverse_dist,detail,,0,compas_carla__mlp__diverse_dist__sample_seed_0,completed,compas_carla,mlp,diverse_dist,1,prediction_not_equal_desired_class,50,231,50,42.0,1442.0,True,1.0,0.1180836707353591,0.1060410216450691,1.0,1.0,1.0,1.0,,,,,0.1180836718972626,0.1180836718972626,0.1060410196236728,0.1060410196236728,,,
compas_carla__mlp__diverse_dist,detail,,0,compas_carla__mlp__diverse_dist__sample_seed_0,completed,compas_carla,mlp,diverse_dist,1,prediction_not_equal_desired_class,50,231,50,43.0,4982.0,True,1.0,0.5204908847808838,0.3036049306392669,1.0,1.0,1.0,1.0,,,,,0.5204908927834709,0.5204908927834709,0.3036049246380254,0.3036049246380254,,,
compas_carla__mlp__diverse_dist,detail,,0,compas_carla__mlp__diverse_dist__sample_seed_0,completed,compas_carla,mlp,diverse_dist,1,prediction_not_equal_desired_class,50,231,50,44.0,4399.0,True,1.0,0.0416362918913364,0.0293791703879833,2.0,1.0,2.0,1.0,0.1320546665228903,0.1320546665228903,0.0932389088950488,0.0932389088950488,0.0923431180294995,0.0416363032359639,0.0655369740375619,0.029379180102152,,,
compas_carla__mlp__diverse_dist,detail,,0,compas_carla__mlp__diverse_dist__sample_seed_0,completed,compas_carla,mlp,diverse_dist,1,prediction_not_equal_desired_class,50,231,50,45.0,1156.0,True,1.0,0.1659699827432632,0.1343392878770828,2.0,1.0,2.0,1.0,0.2212230127770453,0.2212230127770453,0.1616245100346256,0.1616245100346256,0.1963841222460833,0.165969981113587,0.1546398053269159,0.1343392912247764,,,
compas_carla__mlp__diverse_dist,detail,,0,compas_carla__mlp__diverse_dist__sample_seed_0,completed,compas_carla,mlp,diverse_dist,1,prediction_not_equal_desired_class,50,231,50,46.0,5354.0,True,1.0,0.025641031563282,0.025641031563282,2.0,1.0,2.0,1.0,0.0935931229032576,0.0935931229032576,0.065235139925473,0.065235139925473,0.0467965615075081,0.0256410325844187,0.0399346204107053,0.0256410321364035,,,
compas_carla__mlp__diverse_dist,detail,,0,compas_carla__mlp__diverse_dist__sample_seed_0,completed,compas_carla,mlp,diverse_dist,1,prediction_not_equal_desired_class,50,231,50,47.0,3452.0,True,1.0,0.1491346210241317,0.120219275355339,2.0,1.0,2.0,1.0,0.1558704450726509,0.1558704450726509,0.1102263429923008,0.1102263429923008,0.1501467662363962,0.1491346234887556,0.1071496173726986,0.0940799637706536,,,
compas_carla__mlp__diverse_dist,detail,,0,compas_carla__mlp__diverse_dist__sample_seed_0,completed,compas_carla,mlp,diverse_dist,1,prediction_not_equal_desired_class,50,231,50,48.0,5289.0,True,1.0,0.0602918341755867,0.0530352443456649,2.0,1.0,2.0,1.0,0.0724375781137496,0.0724375781137496,0.0520342274353722,0.0520342274353722,0.0637845778301064,0.0602918280713013,0.0498524680920568,0.0466696979296466,,,
compas_carla__mlp__diverse_dist,detail,,0,compas_carla__mlp__diverse_dist__sample_seed_0,completed,compas_carla,mlp,diverse_dist,1,prediction_not_equal_desired_class,50,231,50,49.0,1117.0,True,1.0,0.2090772539377212,0.1469737738370895,2.0,1.0,2.0,1.0,0.2731798228342086,0.2731798228342086,0.1971285672472353,0.1971285672472353,0.2418530685275695,0.2090772600007694,0.1835215037904684,0.1469737730272926,,,
compas_carla__mlp__diverse_dist,detail,,0,compas_carla__mlp__diverse_dist__sample_seed_0,completed,compas_carla,mlp,diverse_dist,1,prediction_not_equal_desired_class,50,231,50,50.0,5792.0,True,1.0,0.4983687400817871,0.3253840804100036,1.0,1.0,1.0,1.0,,,,,0.4983687605297597,0.4983687605297597,0.3253840719627939,0.3253840719627939,,,
compas_carla__mlp__diverse_dist,summary,seed,0,compas_carla__mlp__diverse_dist__sample_seed_0,completed,compas_carla,mlp,diverse_dist,1,prediction_not_equal_desired_class,50,231,50,,,,1.0,0.1981519771367311,0.1467324926331639,1.42,1.0,1.42,1.0,0.2801849656860299,0.2801849656860299,0.2145460525558947,0.2145460525558947,0.2252460512431407,0.1981519799590094,0.1702208420318106,0.1460165093730215,50.0,,1.048833
compas_carla__mlp__cols,detail,,0,compas_carla__mlp__cols__sample_seed_0,completed,compas_carla,mlp,cols,1,prediction_not_equal_desired_class,50,231,50,1.0,4462.0,True,1.0,0.3333333134651184,0.3333333134651184,5.0,1.0,5.0,1.0,0.0875843454790823,0.0128205128205127,0.0752589623970506,0.0128205128205127,0.4233468286099865,0.3333333333333333,0.4131424034462246,0.3333333333333333,,,
compas_carla__mlp__cols,detail,,0,compas_carla__mlp__cols__sample_seed_0,completed,compas_carla,mlp,cols,1,prediction_not_equal_desired_class,50,231,50,2.0,2905.0,True,1.0,0.2051282227039337,0.2051282227039337,5.0,1.0,5.0,1.0,2.864102564102564,0.0384615384615384,1.5711021149517863,0.0384615384615384,1.7564102564102562,0.2051282051282051,1.1788225289089556,0.2051282051282051,,,
compas_carla__mlp__cols,detail,,0,compas_carla__mlp__cols__sample_seed_0,completed,compas_carla,mlp,cols,1,prediction_not_equal_desired_class,50,231,50,3.0,5631.0,True,1.0,0.1923076957464218,0.1923076957464218,5.0,1.0,5.0,1.0,2.105128205128205,0.1153846153846153,1.283817468991958,0.1153846153846153,1.4205128205128204,0.1923076923076923,0.958491155709296,0.1923076923076923,,,
compas_carla__mlp__cols,detail,,0,compas_carla__mlp__cols__sample_seed_0,completed,compas_carla,mlp,cols,1,prediction_not_equal_desired_class,50,231,50,4.0,3779.0,True,1.0,0.1923076808452606,0.1923076808452606,5.0,1.0,5.0,1.0,2.153846153846154,0.0128205128205127,1.1931514401073129,0.0128205128205127,1.335897435897436,0.1923076923076923,0.8187401483720549,0.1923076923076923,,,
compas_carla__mlp__cols,detail,,0,compas_carla__mlp__cols__sample_seed_0,completed,compas_carla,mlp,cols,1,prediction_not_equal_desired_class,50,231,50,5.0,2047.0,True,1.0,0.6666666269302368,0.6666666269302368,5.0,1.0,5.0,1.0,1.005128205128205,0.0128205128205128,0.6875795915892017,0.0128205128205128,2.07948717948718,0.6666666666666667,1.32114040832782,0.6666666666666667,,,
compas_carla__mlp__cols,detail,,0,compas_carla__mlp__cols__sample_seed_0,completed,compas_carla,mlp,cols,1,prediction_not_equal_desired_class,50,231,50,6.0,2235.0,True,1.0,0.1410256624221801,0.1410256624221801,5.0,1.0,5.0,1.0,1.929135627530364,0.264809379217274,1.1557099930009664,0.1757071289836841,1.132584008097166,0.141025641025641,0.7921518907884803,0.141025641025641,,,
compas_carla__mlp__cols,detail,,0,compas_carla__mlp__cols__sample_seed_0,completed,compas_carla,mlp,cols,1,prediction_not_equal_desired_class,50,231,50,7.0,4014.0,True,1.0,0.1175000071525573,0.1175000071525573,5.0,1.0,5.0,1.0,1.875224358974359,0.3475961538461538,1.1879362439288854,0.2474019028893157,1.180621794871795,0.1175,0.832244849016712,0.1175,,,
compas_carla__mlp__cols,detail,,0,compas_carla__mlp__cols__sample_seed_0,completed,compas_carla,mlp,cols,1,prediction_not_equal_desired_class,50,231,50,8.0,3601.0,True,1.0,0.3157894611358642,0.3157894611358642,5.0,1.0,5.0,1.0,3.566396761133604,1.5823211875843457,1.7716939245150989,1.0874524156637173,2.470985155195682,0.3157894736842105,1.3953730195240033,0.3157894736842105,,,
compas_carla__mlp__cols,detail,,0,compas_carla__mlp__cols__sample_seed_0,completed,compas_carla,mlp,cols,1,prediction_not_equal_desired_class,50,231,50,9.0,1518.0,True,1.0,0.3333333432674408,0.3333333432674408,5.0,1.0,5.0,1.0,1.3948717948717948,0.0512820512820513,0.9337539946152272,0.0512820512820513,1.2282051282051285,0.3333333333333333,0.8561809161509013,0.3333333333333333,,,
compas_carla__mlp__cols,detail,,0,compas_carla__mlp__cols__sample_seed_0,completed,compas_carla,mlp,cols,1,prediction_not_equal_desired_class,50,231,50,10.0,2542.0,True,1.0,0.1923076957464218,0.1923076957464218,5.0,1.0,5.0,1.0,0.9794871794871792,0.0128205128205128,0.6918350484056648,0.0128205128205128,0.7230769230769232,0.1923076923076923,0.561366706880739,0.1923076923076923,,,
compas_carla__mlp__cols,detail,,0,compas_carla__mlp__cols__sample_seed_0,completed,compas_carla,mlp,cols,1,prediction_not_equal_desired_class,50,231,50,11.0,5201.0,True,1.0,0.2874493896961212,0.2241394370794296,5.0,1.0,5.0,1.0,1.230896423751687,0.0547115384615384,0.7881975346114959,0.0417534722008649,0.901688596491228,0.2874493927125506,0.6441732790849263,0.2241394418731402,,,
compas_carla__mlp__cols,detail,,0,compas_carla__mlp__cols__sample_seed_0,completed,compas_carla,mlp,cols,1,prediction_not_equal_desired_class,50,231,50,12.0,728.0,True,1.0,0.128205120563507,0.128205120563507,5.0,1.0,5.0,1.0,2.9333333333333336,0.0256410256410256,1.576352203279472,0.0256410256410256,1.815384615384616,0.1282051282051282,1.1760518830556872,0.1282051282051282,,,
compas_carla__mlp__cols,detail,,0,compas_carla__mlp__cols__sample_seed_0,completed,compas_carla,mlp,cols,1,prediction_not_equal_desired_class,50,231,50,13.0,5642.0,True,1.0,0.2948718070983886,0.2948718070983886,5.0,1.0,5.0,1.0,1.2228070175438597,0.2078272604588393,0.8025013870801668,0.146968457652491,0.8074224021592442,0.2948717948717948,0.5449744845596445,0.2192317972618989,,,
compas_carla__mlp__cols,detail,,0,compas_carla__mlp__cols__sample_seed_0,completed,compas_carla,mlp,cols,1,prediction_not_equal_desired_class,50,231,50,14.0,5182.0,True,1.0,0.2354925870895385,0.1912155151367187,5.0,1.0,5.0,1.0,2.599170715249662,0.035,1.463769335639792,0.035,2.11825641025641,0.2354925775978407,1.2901251844770931,0.1912154982976932,,,
compas_carla__mlp__cols,detail,,0,compas_carla__mlp__cols__sample_seed_0,completed,compas_carla,mlp,cols,1,prediction_not_equal_desired_class,50,231,50,15.0,2438.0,True,1.0,0.2435897588729858,0.2435897588729858,5.0,1.0,5.0,1.0,2.8974358974358974,1.0,1.6430498374149884,1.0,2.2487179487179487,0.2435897435897435,1.3608135351809625,0.2435897435897435,,,
compas_carla__mlp__cols,detail,,0,compas_carla__mlp__cols__sample_seed_0,completed,compas_carla,mlp,cols,1,prediction_not_equal_desired_class,50,231,50,16.0,2296.0,True,1.0,0.1842105388641357,0.1842105388641357,5.0,1.0,5.0,1.0,2.520782726045884,0.0256410256410256,1.457278591346716,0.0256410256410256,2.0788124156545207,0.1842105263157894,1.2878060981972324,0.1842105263157894,,,
compas_carla__mlp__cols,detail,,0,compas_carla__mlp__cols__sample_seed_0,completed,compas_carla,mlp,cols,1,prediction_not_equal_desired_class,50,231,50,17.0,1480.0,True,1.0,0.3461538553237915,0.3461538553237915,5.0,1.0,5.0,1.0,2.08974358974359,0.064102564102564,1.196418579574224,0.064102564102564,2.025641025641026,0.3461538461538461,1.2562715392257109,0.3461538461538461,,,
compas_carla__mlp__cols,detail,,0,compas_carla__mlp__cols__sample_seed_0,completed,compas_carla,mlp,cols,1,prediction_not_equal_desired_class,50,231,50,18.0,2121.0,True,1.0,0.4338731467723846,0.4212477803230285,5.0,1.0,5.0,1.0,1.375938596491228,0.0128205128205128,0.9160934903001908,0.0128205128205128,1.2319639001349525,0.4338731443994601,0.8177752400426751,0.3458508141040637,,,
compas_carla__mlp__cols,detail,,0,compas_carla__mlp__cols__sample_seed_0,completed,compas_carla,mlp,cols,1,prediction_not_equal_desired_class,50,231,50,19.0,2609.0,True,1.0,0.2820512652397156,0.2820512652397156,5.0,1.0,5.0,1.0,3.769230769230769,2.0,1.8687093776017825,1.4142135623730951,2.512820512820513,0.282051282051282,1.4276660702313138,0.282051282051282,,,
compas_carla__mlp__cols,detail,,0,compas_carla__mlp__cols__sample_seed_0,completed,compas_carla,mlp,cols,1,prediction_not_equal_desired_class,50,231,50,20.0,3780.0,True,1.0,0.1410256475210189,0.1410256475210189,5.0,1.0,5.0,1.0,2.194871794871795,0.0128205128205128,1.2254687732980334,0.0128205128205128,1.8102564102564105,0.141025641025641,1.1806126201380436,0.141025641025641,,,
compas_carla__mlp__cols,detail,,0,compas_carla__mlp__cols__sample_seed_0,completed,compas_carla,mlp,cols,1,prediction_not_equal_desired_class,50,231,50,21.0,265.0,True,1.0,0.6818774938583374,0.453603982925415,5.0,1.0,5.0,1.0,3.55773717948718,1.0,1.767883492195428,1.0,4.978364709851552,0.6818775303643725,1.97897033134995,0.4536039699534342,,,
compas_carla__mlp__cols,detail,,0,compas_carla__mlp__cols__sample_seed_0,completed,compas_carla,mlp,cols,1,prediction_not_equal_desired_class,50,231,50,22.0,4753.0,True,1.0,1.0,1.0,5.0,0.4,2.0,1.0,0.3421052631578947,0.3421052631578947,0.3421052631578947,0.3421052631578947,1.1710526315789471,1.0,1.0284496217900845,1.0,,,
compas_carla__mlp__cols,detail,,0,compas_carla__mlp__cols__sample_seed_0,completed,compas_carla,mlp,cols,1,prediction_not_equal_desired_class,50,231,50,23.0,2303.0,True,1.0,0.2051281929016113,0.2051281929016113,5.0,1.0,5.0,1.0,2.0589743589743588,0.0384615384615384,1.2600537075981804,0.0384615384615384,1.3948717948717948,0.2051282051282051,0.9451299197905486,0.2051282051282051,,,
compas_carla__mlp__cols,detail,,0,compas_carla__mlp__cols__sample_seed_0,completed,compas_carla,mlp,cols,1,prediction_not_equal_desired_class,50,231,50,24.0,6086.0,True,1.0,0.1666666716337204,0.1666666716337204,5.0,1.0,5.0,1.0,3.038461538461538,1.1025641025641026,1.6613920467743497,1.0052459376365466,2.356410256410256,0.1666666666666666,1.3641934785716443,0.1666666666666666,,,
compas_carla__mlp__cols,detail,,0,compas_carla__mlp__cols__sample_seed_0,completed,compas_carla,mlp,cols,1,prediction_not_equal_desired_class,50,231,50,25.0,2059.0,True,1.0,0.3461538553237915,0.3461538553237915,5.0,1.0,5.0,1.0,1.3615384615384616,0.0256410256410256,0.9174113513277864,0.0256410256410256,1.4794871794871791,0.3461538461538461,1.0063873965397734,0.3461538461538461,,,
compas_carla__mlp__cols,detail,,0,compas_carla__mlp__cols__sample_seed_0,completed,compas_carla,mlp,cols,1,prediction_not_equal_desired_class,50,231,50,26.0,2427.0,True,1.0,0.307692289352417,0.307692289352417,5.0,1.0,5.0,1.0,3.171794871794872,0.0128205128205127,1.592441161284056,0.0128205128205127,1.905128205128205,0.3076923076923077,1.185015733516992,0.3076923076923077,,,
compas_carla__mlp__cols,detail,,0,compas_carla__mlp__cols__sample_seed_0,completed,compas_carla,mlp,cols,1,prediction_not_equal_desired_class,50,231,50,27.0,3785.0,True,1.0,0.3684210479259491,0.3684210479259491,5.0,1.0,5.0,1.0,2.8672064777327937,0.3333333333333333,1.4864461595278384,0.3333333333333333,1.8005398110661268,0.3684210526315789,1.1092510286373325,0.3684210526315789,,,
compas_carla__mlp__cols,detail,,0,compas_carla__mlp__cols__sample_seed_0,completed,compas_carla,mlp,cols,1,prediction_not_equal_desired_class,50,231,50,28.0,4574.0,True,1.0,0.0384615361690521,0.0384615361690521,5.0,1.0,5.0,1.0,1.2179487179487178,0.0128205128205128,0.8563134123759777,0.0128205128205128,0.846153846153846,0.0384615384615384,0.5966870387968601,0.0384615384615384,,,
compas_carla__mlp__cols,detail,,0,compas_carla__mlp__cols__sample_seed_0,completed,compas_carla,mlp,cols,1,prediction_not_equal_desired_class,50,231,50,29.0,3571.0,True,1.0,0.3589743971824646,0.3589743971824646,5.0,1.0,5.0,1.0,2.82974358974359,0.0512820512820513,1.50999931338366,0.0512820512820513,1.935384615384616,0.358974358974359,1.1231835791295786,0.358974358974359,,,
compas_carla__mlp__cols,detail,,0,compas_carla__mlp__cols__sample_seed_0,completed,compas_carla,mlp,cols,1,prediction_not_equal_desired_class,50,231,50,30.0,4163.0,True,1.0,0.2631579041481018,0.2631579041481018,5.0,0.6,3.0,1.0,5.042360548807918,2.0,2.114472808691556,1.4142135623730951,2.626443432298695,0.2631578947368421,1.3170321300637948,0.2631578947368421,,,
compas_carla__mlp__cols,detail,,0,compas_carla__mlp__cols__sample_seed_0,completed,compas_carla,mlp,cols,1,prediction_not_equal_desired_class,50,231,50,31.0,1515.0,True,1.0,0.1410256624221801,0.1410256624221801,5.0,1.0,4.0,0.8,4.047025641025641,0.0,1.8250939122894831,0.0,2.577358974358974,0.141025641025641,1.4226403023056131,0.141025641025641,,,
compas_carla__mlp__cols,detail,,0,compas_carla__mlp__cols__sample_seed_0,completed,compas_carla,mlp,cols,1,prediction_not_equal_desired_class,50,231,50,32.0,3458.0,True,1.0,0.1794871985912323,0.1794871985912323,5.0,1.0,5.0,1.0,1.5952368421052632,0.0128205128205127,1.0013526331120093,0.0128205128205127,1.555310728744939,0.1794871794871795,0.9794841130223002,0.1794871794871795,,,
compas_carla__mlp__cols,detail,,0,compas_carla__mlp__cols__sample_seed_0,completed,compas_carla,mlp,cols,1,prediction_not_equal_desired_class,50,231,50,33.0,4927.0,True,1.0,0.2692307531833648,0.2692307531833648,5.0,1.0,5.0,1.0,2.9720647773279354,0.0263157894736842,1.581407297993228,0.0263157894736842,1.7129554655870445,0.2692307692307691,1.1903458290640876,0.2692307692307691,,,
compas_carla__mlp__cols,detail,,0,compas_carla__mlp__cols__sample_seed_0,completed,compas_carla,mlp,cols,1,prediction_not_equal_desired_class,50,231,50,34.0,1655.0,True,1.0,0.1153846234083175,0.1153846234083175,5.0,1.0,5.0,1.0,1.20863697705803,0.0384615384615384,0.7643843701966201,0.0384615384615384,0.727800269905533,0.1153846153846153,0.5445720387201038,0.1153846153846153,,,
compas_carla__mlp__cols,detail,,0,compas_carla__mlp__cols__sample_seed_0,completed,compas_carla,mlp,cols,1,prediction_not_equal_desired_class,50,231,50,35.0,3306.0,True,1.0,0.7287449240684509,0.5214977264404297,5.0,1.0,5.0,1.0,1.2673377192982456,0.0049999999999999,0.7658448608897267,0.0049999999999999,1.8738130904183528,0.728744939271255,1.254131790277184,0.5214977226916475,,,
compas_carla__mlp__cols,detail,,0,compas_carla__mlp__cols__sample_seed_0,completed,compas_carla,mlp,cols,1,prediction_not_equal_desired_class,50,231,50,36.0,2042.0,True,1.0,0.0897435992956161,0.0897435992956161,5.0,1.0,5.0,1.0,2.5128205128205128,0.0128205128205128,1.0345135438476103,0.0128205128205128,1.3205128205128205,0.0897435897435897,0.6104107690694561,0.0897435897435897,,,
compas_carla__mlp__cols,detail,,0,compas_carla__mlp__cols__sample_seed_0,completed,compas_carla,mlp,cols,1,prediction_not_equal_desired_class,50,231,50,37.0,5355.0,True,1.0,0.3974359333515167,0.3974359333515167,5.0,1.0,5.0,1.0,3.374358974358974,2.051282051282051,1.7632129167898654,1.4151430488765773,2.397435897435897,0.3974358974358973,1.375330891493638,0.3974358974358973,,,
compas_carla__mlp__cols,detail,,0,compas_carla__mlp__cols__sample_seed_0,completed,compas_carla,mlp,cols,1,prediction_not_equal_desired_class,50,231,50,38.0,713.0,True,1.0,0.2631579041481018,0.2631579041481018,5.0,1.0,5.0,1.0,3.305263157894737,1.0,1.7477967944042092,1.0,2.2526315789473683,0.2631578947368421,1.364727165410382,0.2631578947368421,,,
compas_carla__mlp__cols,detail,,0,compas_carla__mlp__cols__sample_seed_0,completed,compas_carla,mlp,cols,1,prediction_not_equal_desired_class,50,231,50,39.0,4107.0,True,1.0,1.4871795177459717,1.112359642982483,5.0,1.0,5.0,1.0,3.194871794871795,1.0,1.7179369688114097,1.0,2.497435897435897,1.4871794871794872,1.534567504037207,1.1123595878709671,,,
compas_carla__mlp__cols,detail,,0,compas_carla__mlp__cols__sample_seed_0,completed,compas_carla,mlp,cols,1,prediction_not_equal_desired_class,50,231,50,40.0,4839.0,True,1.0,0.1538461595773697,0.1538461595773697,5.0,1.0,5.0,1.0,2.1988076923076925,0.01625,1.333147984767139,0.01625,1.2904294871794872,0.1538461538461538,0.8615652137718858,0.1538461538461538,,,
compas_carla__mlp__cols,detail,,0,compas_carla__mlp__cols__sample_seed_0,completed,compas_carla,mlp,cols,1,prediction_not_equal_desired_class,50,231,50,41.0,5039.0,True,1.0,2.0,1.4142135381698608,5.0,1.0,5.0,1.0,3.149844129554656,0.01125,1.5028271240702922,0.01125,2.2933431174089067,2.0,1.4537587380846446,1.4142135623730951,,,
compas_carla__mlp__cols,detail,,0,compas_carla__mlp__cols__sample_seed_0,completed,compas_carla,mlp,cols,1,prediction_not_equal_desired_class,50,231,50,42.0,1442.0,True,1.0,2.0,1.4142135381698608,5.0,1.0,5.0,1.0,2.823076923076924,0.0384615384615384,1.5561259555494549,0.0384615384615384,2.815384615384615,2.0,1.6487373019438352,1.4142135623730951,,,
compas_carla__mlp__cols,detail,,0,compas_carla__mlp__cols__sample_seed_0,completed,compas_carla,mlp,cols,1,prediction_not_equal_desired_class,50,231,50,43.0,4982.0,True,1.0,0.4615384936332702,0.4615384936332702,5.0,1.0,5.0,1.0,2.858974358974359,0.0384615384615384,1.5576188697742237,0.0384615384615384,2.08974358974359,0.4615384615384615,1.205248548954472,0.4615384615384615,,,
compas_carla__mlp__cols,detail,,0,compas_carla__mlp__cols__sample_seed_0,completed,compas_carla,mlp,cols,1,prediction_not_equal_desired_class,50,231,50,44.0,4399.0,True,1.0,0.0384615361690521,0.0384615361690521,5.0,1.0,5.0,1.0,1.846153846153846,0.0769230769230769,1.1454164694491538,0.0769230769230769,1.1794871794871795,0.0384615384615384,0.8011523280432552,0.0384615384615384,,,
compas_carla__mlp__cols,detail,,0,compas_carla__mlp__cols__sample_seed_0,completed,compas_carla,mlp,cols,1,prediction_not_equal_desired_class,50,231,50,45.0,1156.0,True,1.0,0.1815114617347717,0.129429817199707,5.0,1.0,5.0,1.0,1.7578947368421052,0.0904183535762483,1.1024374589565251,0.0692940076784898,1.077867746288799,0.1815114709851552,0.721547060351823,0.1294298347190058,,,
compas_carla__mlp__cols,detail,,0,compas_carla__mlp__cols__sample_seed_0,completed,compas_carla,mlp,cols,1,prediction_not_equal_desired_class,50,231,50,46.0,5354.0,True,1.0,0.025641031563282,0.025641031563282,5.0,1.0,5.0,1.0,2.648717948717949,0.4358974358974358,1.5121548050403186,0.4358974358974358,1.6564102564102563,0.0256410256410256,1.093212221837106,0.0256410256410256,,,
compas_carla__mlp__cols,detail,,0,compas_carla__mlp__cols__sample_seed_0,completed,compas_carla,mlp,cols,1,prediction_not_equal_desired_class,50,231,50,47.0,3452.0,True,1.0,0.2051282227039337,0.2051282227039337,5.0,1.0,5.0,1.0,0.2129379217273954,0.0128205128205128,0.1822399428569872,0.0128205128205128,0.3963475033738192,0.2051282051282051,0.3729799457266837,0.2051282051282051,,,
compas_carla__mlp__cols,detail,,0,compas_carla__mlp__cols__sample_seed_0,completed,compas_carla,mlp,cols,1,prediction_not_equal_desired_class,50,231,50,48.0,5289.0,True,1.0,0.0897435992956161,0.0897435992956161,5.0,1.0,5.0,1.0,1.841025641025641,0.0256410256410256,1.148660339436225,0.0256410256410256,2.176923076923077,0.0897435897435897,1.288411393044967,0.0897435897435897,,,
compas_carla__mlp__cols,detail,,0,compas_carla__mlp__cols__sample_seed_0,completed,compas_carla,mlp,cols,1,prediction_not_equal_desired_class,50,231,50,49.0,1117.0,True,1.0,0.1653947234153747,0.158072754740715,5.0,1.0,5.0,1.0,3.2020553306342783,1.1153846153846154,1.7013361851244508,1.0066347944848,2.943335357624832,0.1653947368421052,1.5142095352630465,0.1580727614816597,,,
compas_carla__mlp__cols,detail,,0,compas_carla__mlp__cols__sample_seed_0,completed,compas_carla,mlp,cols,1,prediction_not_equal_desired_class,50,231,50,50.0,5792.0,True,1.0,0.4358974397182464,0.4358974397182464,5.0,1.0,5.0,1.0,2.234820512820513,0.1025641025641025,1.2577189950419652,0.1025641025641025,1.6661282051282051,0.4358974358974359,0.9784023855802784,0.415424994080486,,,
compas_carla__mlp__cols,summary,seed,0,compas_carla__mlp__cols__sample_seed_0,completed,compas_carla,mlp,cols,1,prediction_not_equal_desired_class,50,231,50,,,,1.0,0.3686341799795627,0.3254035897552967,5.0,0.98,4.88,0.996,2.290698250112461,0.3383900472334682,1.263988480747353,0.2825323202022184,1.765931662168241,0.3686341767881241,1.0796731859101405,0.3219733975272987,50.0,,129.825359
compas_carla__mlp__cemsp,detail,,0,compas_carla__mlp__cemsp__sample_seed_0,completed,compas_carla,mlp,cemsp,1,prediction_not_equal_desired_class,50,231,50,1.0,4462.0,False,0.0,,,0.0,0.0,,,,,,,,,,,,,
compas_carla__mlp__cemsp,detail,,0,compas_carla__mlp__cemsp__sample_seed_0,completed,compas_carla,mlp,cemsp,1,prediction_not_equal_desired_class,50,231,50,2.0,2905.0,True,1.0,1.0897436141967771,1.0040189027786257,1.0,1.0,1.0,1.0,,,,,1.08974358974359,1.08974358974359,1.0040188802507977,1.0040188802507977,,,
compas_carla__mlp__cemsp,detail,,0,compas_carla__mlp__cemsp__sample_seed_0,completed,compas_carla,mlp,cemsp,1,prediction_not_equal_desired_class,50,231,50,3.0,5631.0,True,1.0,0.1666666716337204,0.1666666716337204,1.0,1.0,1.0,1.0,,,,,0.1666666666666666,0.1666666666666666,0.1666666666666666,0.1666666666666666,,,
compas_carla__mlp__cemsp,detail,,0,compas_carla__mlp__cemsp__sample_seed_0,completed,compas_carla,mlp,cemsp,1,prediction_not_equal_desired_class,50,231,50,4.0,3779.0,True,1.0,1.0,1.0,1.0,1.0,1.0,1.0,,,,,1.0,1.0,1.0,1.0,,,
compas_carla__mlp__cemsp,detail,,0,compas_carla__mlp__cemsp__sample_seed_0,completed,compas_carla,mlp,cemsp,1,prediction_not_equal_desired_class,50,231,50,5.0,2047.0,False,0.0,,,0.0,0.0,,,,,,,,,,,,,
compas_carla__mlp__cemsp,detail,,0,compas_carla__mlp__cemsp__sample_seed_0,completed,compas_carla,mlp,cemsp,1,prediction_not_equal_desired_class,50,231,50,6.0,2235.0,True,1.0,1.076923131942749,1.0029542446136477,1.0,1.0,1.0,1.0,,,,,1.0769230769230769,1.0769230769230769,1.002954216185023,1.002954216185023,,,
compas_carla__mlp__cemsp,detail,,0,compas_carla__mlp__cemsp__sample_seed_0,completed,compas_carla,mlp,cemsp,1,prediction_not_equal_desired_class,50,231,50,7.0,4014.0,False,0.0,,,0.0,0.0,,,,,,,,,,,,,
compas_carla__mlp__cemsp,detail,,0,compas_carla__mlp__cemsp__sample_seed_0,completed,compas_carla,mlp,cemsp,1,prediction_not_equal_desired_class,50,231,50,8.0,3601.0,False,0.0,,,0.0,0.0,,,,,,,,,,,,,
compas_carla__mlp__cemsp,detail,,0,compas_carla__mlp__cemsp__sample_seed_0,completed,compas_carla,mlp,cemsp,1,prediction_not_equal_desired_class,50,231,50,9.0,1518.0,False,0.0,,,0.0,0.0,,,,,,,,,,,,,
compas_carla__mlp__cemsp,detail,,0,compas_carla__mlp__cemsp__sample_seed_0,completed,compas_carla,mlp,cemsp,1,prediction_not_equal_desired_class,50,231,50,10.0,2542.0,True,1.0,1.1538461446762085,1.0117651224136353,1.0,1.0,1.0,1.0,,,,,1.1538461538461535,1.1538461538461535,1.011765110612762,1.011765110612762,,,
compas_carla__mlp__cemsp,detail,,0,compas_carla__mlp__cemsp__sample_seed_0,completed,compas_carla,mlp,cemsp,1,prediction_not_equal_desired_class,50,231,50,11.0,5201.0,True,1.0,3.0256409645080566,1.7322406768798828,1.0,1.0,1.0,1.0,,,,,3.025641025641025,3.025641025641025,1.7322405901594395,1.7322405901594395,,,
compas_carla__mlp__cemsp,detail,,0,compas_carla__mlp__cemsp__sample_seed_0,completed,compas_carla,mlp,cemsp,1,prediction_not_equal_desired_class,50,231,50,12.0,728.0,True,1.0,0.128205120563507,0.128205120563507,1.0,1.0,1.0,1.0,,,,,0.1282051282051282,0.1282051282051282,0.1282051282051282,0.1282051282051282,,,
compas_carla__mlp__cemsp,detail,,0,compas_carla__mlp__cemsp__sample_seed_0,completed,compas_carla,mlp,cemsp,1,prediction_not_equal_desired_class,50,231,50,13.0,5642.0,False,0.0,,,0.0,0.0,,,,,,,,,,,,,
compas_carla__mlp__cemsp,detail,,0,compas_carla__mlp__cemsp__sample_seed_0,completed,compas_carla,mlp,cemsp,1,prediction_not_equal_desired_class,50,231,50,14.0,5182.0,True,1.0,2.0,1.4142135381698608,1.0,1.0,1.0,1.0,,,,,2.0,2.0,1.4142135623730951,1.4142135623730951,,,
compas_carla__mlp__cemsp,detail,,0,compas_carla__mlp__cemsp__sample_seed_0,completed,compas_carla,mlp,cemsp,1,prediction_not_equal_desired_class,50,231,50,15.0,2438.0,True,1.0,1.0,1.0,2.0,1.0,2.0,1.0,1.1538461538461535,1.1538461538461535,1.011765110612762,1.011765110612762,0.5769230769230769,0.1538461538461538,0.5769230769230769,0.1538461538461538,,,
compas_carla__mlp__cemsp,detail,,0,compas_carla__mlp__cemsp__sample_seed_0,completed,compas_carla,mlp,cemsp,1,prediction_not_equal_desired_class,50,231,50,16.0,2296.0,True,1.0,1.0,1.0,2.0,1.0,2.0,1.0,2.0,2.0,1.4142135623730951,1.4142135623730951,1.0,1.0,1.0,1.0,,,
compas_carla__mlp__cemsp,detail,,0,compas_carla__mlp__cemsp__sample_seed_0,completed,compas_carla,mlp,cemsp,1,prediction_not_equal_desired_class,50,231,50,17.0,1480.0,False,0.0,,,0.0,0.0,,,,,,,,,,,,,
compas_carla__mlp__cemsp,detail,,0,compas_carla__mlp__cemsp__sample_seed_0,completed,compas_carla,mlp,cemsp,1,prediction_not_equal_desired_class,50,231,50,18.0,2121.0,False,0.0,,,0.0,0.0,,,,,,,,,,,,,
compas_carla__mlp__cemsp,detail,,0,compas_carla__mlp__cemsp__sample_seed_0,completed,compas_carla,mlp,cemsp,1,prediction_not_equal_desired_class,50,231,50,19.0,2609.0,True,1.0,1.0,1.0,2.0,1.0,2.0,1.0,3.0,3.0,1.7320508075688772,1.7320508075688772,1.5,1.0,1.2071067811865477,1.0,,,
compas_carla__mlp__cemsp,detail,,0,compas_carla__mlp__cemsp__sample_seed_0,completed,compas_carla,mlp,cemsp,1,prediction_not_equal_desired_class,50,231,50,20.0,3780.0,True,1.0,1.0,1.0,2.0,1.0,2.0,1.0,1.1666666666666667,1.1666666666666667,1.0137937550497031,1.0137937550497031,0.5833333333333334,0.1666666666666666,0.5833333333333334,0.1666666666666666,,,
compas_carla__mlp__cemsp,detail,,0,compas_carla__mlp__cemsp__sample_seed_0,completed,compas_carla,mlp,cemsp,1,prediction_not_equal_desired_class,50,231,50,21.0,265.0,False,0.0,,,0.0,0.0,,,,,,,,,,,,,
compas_carla__mlp__cemsp,detail,,0,compas_carla__mlp__cemsp__sample_seed_0,completed,compas_carla,mlp,cemsp,1,prediction_not_equal_desired_class,50,231,50,22.0,4753.0,False,0.0,,,0.0,0.0,,,,,,,,,,,,,
compas_carla__mlp__cemsp,detail,,0,compas_carla__mlp__cemsp__sample_seed_0,completed,compas_carla,mlp,cemsp,1,prediction_not_equal_desired_class,50,231,50,23.0,2303.0,False,0.0,,,0.0,0.0,,,,,,,,,,,,,
compas_carla__mlp__cemsp,detail,,0,compas_carla__mlp__cemsp__sample_seed_0,completed,compas_carla,mlp,cemsp,1,prediction_not_equal_desired_class,50,231,50,24.0,6086.0,False,0.0,,,0.0,0.0,,,,,,,,,,,,,
compas_carla__mlp__cemsp,detail,,0,compas_carla__mlp__cemsp__sample_seed_0,completed,compas_carla,mlp,cemsp,1,prediction_not_equal_desired_class,50,231,50,25.0,2059.0,False,0.0,,,0.0,0.0,,,,,,,,,,,,,
compas_carla__mlp__cemsp,detail,,0,compas_carla__mlp__cemsp__sample_seed_0,completed,compas_carla,mlp,cemsp,1,prediction_not_equal_desired_class,50,231,50,26.0,2427.0,False,0.0,,,0.0,0.0,,,,,,,,,,,,,
compas_carla__mlp__cemsp,detail,,0,compas_carla__mlp__cemsp__sample_seed_0,completed,compas_carla,mlp,cemsp,1,prediction_not_equal_desired_class,50,231,50,27.0,3785.0,False,0.0,,,0.0,0.0,,,,,,,,,,,,,
compas_carla__mlp__cemsp,detail,,0,compas_carla__mlp__cemsp__sample_seed_0,completed,compas_carla,mlp,cemsp,1,prediction_not_equal_desired_class,50,231,50,28.0,4574.0,True,1.0,0.128205120563507,0.128205120563507,1.0,1.0,1.0,1.0,,,,,0.1282051282051282,0.1282051282051282,0.1282051282051282,0.1282051282051282,,,
compas_carla__mlp__cemsp,detail,,0,compas_carla__mlp__cemsp__sample_seed_0,completed,compas_carla,mlp,cemsp,1,prediction_not_equal_desired_class,50,231,50,29.0,3571.0,False,0.0,,,0.0,0.0,,,,,,,,,,,,,
compas_carla__mlp__cemsp,detail,,0,compas_carla__mlp__cemsp__sample_seed_0,completed,compas_carla,mlp,cemsp,1,prediction_not_equal_desired_class,50,231,50,30.0,4163.0,False,0.0,,,0.0,0.0,,,,,,,,,,,,,
compas_carla__mlp__cemsp,detail,,0,compas_carla__mlp__cemsp__sample_seed_0,completed,compas_carla,mlp,cemsp,1,prediction_not_equal_desired_class,50,231,50,31.0,1515.0,True,1.0,1.076923131942749,1.0029542446136477,1.0,1.0,1.0,1.0,,,,,1.0769230769230769,1.0769230769230769,1.002954216185023,1.002954216185023,,,
compas_carla__mlp__cemsp,detail,,0,compas_carla__mlp__cemsp__sample_seed_0,completed,compas_carla,mlp,cemsp,1,prediction_not_equal_desired_class,50,231,50,32.0,3458.0,False,0.0,,,0.0,0.0,,,,,,,,,,,,,
compas_carla__mlp__cemsp,detail,,0,compas_carla__mlp__cemsp__sample_seed_0,completed,compas_carla,mlp,cemsp,1,prediction_not_equal_desired_class,50,231,50,33.0,4927.0,True,1.0,1.0,1.0,2.0,1.0,2.0,1.0,2.0,2.0,1.4142135623730951,1.4142135623730951,1.0,1.0,1.0,1.0,,,
compas_carla__mlp__cemsp,detail,,0,compas_carla__mlp__cemsp__sample_seed_0,completed,compas_carla,mlp,cemsp,1,prediction_not_equal_desired_class,50,231,50,34.0,1655.0,True,1.0,1.0,1.0,1.0,1.0,1.0,1.0,,,,,1.0,1.0,1.0,1.0,,,
compas_carla__mlp__cemsp,detail,,0,compas_carla__mlp__cemsp__sample_seed_0,completed,compas_carla,mlp,cemsp,1,prediction_not_equal_desired_class,50,231,50,35.0,3306.0,True,1.0,2.0,1.4142135381698608,1.0,1.0,1.0,1.0,,,,,2.0,2.0,1.4142135623730951,1.4142135623730951,,,
compas_carla__mlp__cemsp,detail,,0,compas_carla__mlp__cemsp__sample_seed_0,completed,compas_carla,mlp,cemsp,1,prediction_not_equal_desired_class,50,231,50,36.0,2042.0,True,1.0,0.1410256475210189,0.1410256475210189,1.0,1.0,1.0,1.0,,,,,0.141025641025641,0.141025641025641,0.141025641025641,0.141025641025641,,,
compas_carla__mlp__cemsp,detail,,0,compas_carla__mlp__cemsp__sample_seed_0,completed,compas_carla,mlp,cemsp,1,prediction_not_equal_desired_class,50,231,50,37.0,5355.0,False,0.0,,,0.0,0.0,,,,,,,,,,,,,
compas_carla__mlp__cemsp,detail,,0,compas_carla__mlp__cemsp__sample_seed_0,completed,compas_carla,mlp,cemsp,1,prediction_not_equal_desired_class,50,231,50,38.0,713.0,True,1.0,1.0,1.0,2.0,1.0,2.0,1.0,2.0,2.0,1.4142135623730951,1.4142135623730951,1.0,1.0,1.0,1.0,,,
compas_carla__mlp__cemsp,detail,,0,compas_carla__mlp__cemsp__sample_seed_0,completed,compas_carla,mlp,cemsp,1,prediction_not_equal_desired_class,50,231,50,39.0,4107.0,True,1.0,1.0,1.0,2.0,1.0,2.0,1.0,1.1153846153846154,1.1153846153846154,1.0066347944848,1.0066347944848,0.5576923076923077,0.1153846153846153,0.5576923076923077,0.1153846153846153,,,
compas_carla__mlp__cemsp,detail,,0,compas_carla__mlp__cemsp__sample_seed_0,completed,compas_carla,mlp,cemsp,1,prediction_not_equal_desired_class,50,231,50,40.0,4839.0,True,1.0,0.1794871836900711,0.1794871836900711,1.0,1.0,1.0,1.0,,,,,0.1794871794871795,0.1794871794871795,0.1794871794871795,0.1794871794871795,,,
compas_carla__mlp__cemsp,detail,,0,compas_carla__mlp__cemsp__sample_seed_0,completed,compas_carla,mlp,cemsp,1,prediction_not_equal_desired_class,50,231,50,41.0,5039.0,True,1.0,2.0,1.4142135381698608,1.0,1.0,1.0,1.0,,,,,2.0,2.0,1.4142135623730951,1.4142135623730951,,,
compas_carla__mlp__cemsp,detail,,0,compas_carla__mlp__cemsp__sample_seed_0,completed,compas_carla,mlp,cemsp,1,prediction_not_equal_desired_class,50,231,50,42.0,1442.0,True,1.0,1.0,1.0,1.0,1.0,1.0,1.0,,,,,1.0,1.0,1.0,1.0,,,
compas_carla__mlp__cemsp,detail,,0,compas_carla__mlp__cemsp__sample_seed_0,completed,compas_carla,mlp,cemsp,1,prediction_not_equal_desired_class,50,231,50,43.0,4982.0,False,0.0,,,0.0,0.0,,,,,,,,,,,,,
compas_carla__mlp__cemsp,detail,,0,compas_carla__mlp__cemsp__sample_seed_0,completed,compas_carla,mlp,cemsp,1,prediction_not_equal_desired_class,50,231,50,44.0,4399.0,True,1.0,0.0512820482254028,0.0512820482254028,1.0,1.0,1.0,1.0,,,,,0.0512820512820512,0.0512820512820512,0.0512820512820512,0.0512820512820512,,,
compas_carla__mlp__cemsp,detail,,0,compas_carla__mlp__cemsp__sample_seed_0,completed,compas_carla,mlp,cemsp,1,prediction_not_equal_desired_class,50,231,50,45.0,1156.0,False,0.0,,,0.0,0.0,,,,,,,,,,,,,
compas_carla__mlp__cemsp,detail,,0,compas_carla__mlp__cemsp__sample_seed_0,completed,compas_carla,mlp,cemsp,1,prediction_not_equal_desired_class,50,231,50,46.0,5354.0,True,1.0,1.0,1.0,2.0,1.0,2.0,1.0,1.0769230769230769,1.0769230769230769,1.002954216185023,1.002954216185023,0.5384615384615384,0.0769230769230769,0.5384615384615384,0.0769230769230769,,,
compas_carla__mlp__cemsp,detail,,0,compas_carla__mlp__cemsp__sample_seed_0,completed,compas_carla,mlp,cemsp,1,prediction_not_equal_desired_class,50,231,50,47.0,3452.0,True,1.0,1.1410256624221802,1.0098952054977417,1.0,1.0,1.0,1.0,,,,,1.141025641025641,1.141025641025641,1.0098951586311784,1.0098951586311784,,,
compas_carla__mlp__cemsp,detail,,0,compas_carla__mlp__cemsp__sample_seed_0,completed,compas_carla,mlp,cemsp,1,prediction_not_equal_desired_class,50,231,50,48.0,5289.0,True,1.0,1.0,1.0,1.0,1.0,1.0,1.0,,,,,1.0,1.0,1.0,1.0,,,
compas_carla__mlp__cemsp,detail,,0,compas_carla__mlp__cemsp__sample_seed_0,completed,compas_carla,mlp,cemsp,1,prediction_not_equal_desired_class,50,231,50,49.0,1117.0,False,0.0,,,0.0,0.0,,,,,,,,,,,,,
compas_carla__mlp__cemsp,detail,,0,compas_carla__mlp__cemsp__sample_seed_0,completed,compas_carla,mlp,cemsp,1,prediction_not_equal_desired_class,50,231,50,50.0,5792.0,False,0.0,,,0.0,0.0,,,,,,,,,,,,,
compas_carla__mlp__cemsp,summary,seed,0,compas_carla__mlp__cemsp__sample_seed_0,completed,compas_carla,mlp,cemsp,1,prediction_not_equal_desired_class,50,231,50,,,,0.54,1.0132953496994797,0.8815311408705182,0.7,0.54,1.2962962962962965,1.0,1.689102564102564,1.689102564102564,1.2512299213775562,1.2512299213775562,0.9672364672364672,0.8841405508072175,0.8246243589485965,0.7523763395124377,27.0,,12.418418
german__linear__cemsp,detail,,0,german__linear__cemsp__sample_seed_0,completed,german,linear,cemsp,1,prediction_not_equal_desired_class,50,50,50,1.0,622.0,False,0.0,,,0.0,0.0,,,,,,,,,,,,,
german__linear__cemsp,detail,,0,german__linear__cemsp__sample_seed_0,completed,german,linear,cemsp,1,prediction_not_equal_desired_class,50,50,50,2.0,378.0,False,0.0,,,0.0,0.0,,,,,,,,,,,,,
german__linear__cemsp,detail,,0,german__linear__cemsp__sample_seed_0,completed,german,linear,cemsp,1,prediction_not_equal_desired_class,50,50,50,3.0,63.0,False,0.0,,,0.0,0.0,,,,,,,,,,,,,
german__linear__cemsp,detail,,0,german__linear__cemsp__sample_seed_0,completed,german,linear,cemsp,1,prediction_not_equal_desired_class,50,50,50,4.0,952.0,True,1.0,1.1428571939468384,1.0101525783538818,1.0,1.0,1.0,1.0,,,,,1.1428571428571428,1.1428571428571428,1.0101525445522108,1.0101525445522108,,,
german__linear__cemsp,detail,,0,german__linear__cemsp__sample_seed_0,completed,german,linear,cemsp,1,prediction_not_equal_desired_class,50,50,50,5.0,888.0,False,0.0,,,0.0,0.0,,,,,,,,,,,,,
german__linear__cemsp,detail,,0,german__linear__cemsp__sample_seed_0,completed,german,linear,cemsp,1,prediction_not_equal_desired_class,50,50,50,6.0,433.0,True,1.0,1.0,1.0,1.0,1.0,1.0,1.0,,,,,1.0,1.0,1.0,1.0,,,
german__linear__cemsp,detail,,0,german__linear__cemsp__sample_seed_0,completed,german,linear,cemsp,1,prediction_not_equal_desired_class,50,50,50,7.0,730.0,False,0.0,,,0.0,0.0,,,,,,,,,,,,,
german__linear__cemsp,detail,,0,german__linear__cemsp__sample_seed_0,completed,german,linear,cemsp,1,prediction_not_equal_desired_class,50,50,50,8.0,321.0,True,1.0,1.0,1.0,1.0,1.0,1.0,1.0,,,,,1.0,1.0,1.0,1.0,,,
german__linear__cemsp,detail,,0,german__linear__cemsp__sample_seed_0,completed,german,linear,cemsp,1,prediction_not_equal_desired_class,50,50,50,9.0,454.0,True,1.0,0.0892857164144516,0.0892857164144516,1.0,1.0,1.0,1.0,,,,,0.0892857142857142,0.0892857142857142,0.0892857142857142,0.0892857142857142,,,
german__linear__cemsp,detail,,0,german__linear__cemsp__sample_seed_0,completed,german,linear,cemsp,1,prediction_not_equal_desired_class,50,50,50,10.0,910.0,False,0.0,,,0.0,0.0,,,,,,,,,,,,,
german__linear__cemsp,detail,,0,german__linear__cemsp__sample_seed_0,completed,german,linear,cemsp,1,prediction_not_equal_desired_class,50,50,50,11.0,124.0,True,1.0,1.0,1.0,3.0,1.0,3.0,1.0,1.4404761904761905,1.1607142857142856,1.146625992814233,1.0128322080348022,0.7202380952380952,0.1607142857142857,0.7202380952380952,0.1607142857142857,,,
german__linear__cemsp,detail,,0,german__linear__cemsp__sample_seed_0,completed,german,linear,cemsp,1,prediction_not_equal_desired_class,50,50,50,12.0,11.0,False,0.0,,,0.0,0.0,,,,,,,,,,,,,
german__linear__cemsp,detail,,0,german__linear__cemsp__sample_seed_0,completed,german,linear,cemsp,1,prediction_not_equal_desired_class,50,50,50,13.0,17.0,False,0.0,,,0.0,0.0,,,,,,,,,,,,,
german__linear__cemsp,detail,,0,german__linear__cemsp__sample_seed_0,completed,german,linear,cemsp,1,prediction_not_equal_desired_class,50,50,50,14.0,517.0,False,0.0,,,0.0,0.0,,,,,,,,,,,,,
german__linear__cemsp,detail,,0,german__linear__cemsp__sample_seed_0,completed,german,linear,cemsp,1,prediction_not_equal_desired_class,50,50,50,15.0,657.0,False,0.0,,,0.0,0.0,,,,,,,,,,,,,
german__linear__cemsp,detail,,0,german__linear__cemsp__sample_seed_0,completed,german,linear,cemsp,1,prediction_not_equal_desired_class,50,50,50,16.0,566.0,True,1.0,1.0,1.0,2.0,1.0,2.0,1.0,2.0,2.0,1.4142135623730951,1.4142135623730951,1.0,1.0,1.0,1.0,,,
german__linear__cemsp,detail,,0,german__linear__cemsp__sample_seed_0,completed,german,linear,cemsp,1,prediction_not_equal_desired_class,50,50,50,17.0,614.0,True,1.0,1.0,1.0,2.0,1.0,2.0,1.0,1.25,1.25,1.0307764064044151,1.0307764064044151,0.625,0.2499999999999999,0.625,0.2499999999999999,,,
german__linear__cemsp,detail,,0,german__linear__cemsp__sample_seed_0,completed,german,linear,cemsp,1,prediction_not_equal_desired_class,50,50,50,18.0,966.0,True,1.0,0.2321428656578064,0.2321428656578064,1.0,1.0,1.0,1.0,,,,,0.2321428571428571,0.2321428571428571,0.2321428571428571,0.2321428571428571,,,
german__linear__cemsp,detail,,0,german__linear__cemsp__sample_seed_0,completed,german,linear,cemsp,1,prediction_not_equal_desired_class,50,50,50,19.0,405.0,True,1.0,0.25,0.25,1.0,1.0,1.0,1.0,,,,,0.2499999999999999,0.2499999999999999,0.2499999999999999,0.2499999999999999,,,
german__linear__cemsp,detail,,0,german__linear__cemsp__sample_seed_0,completed,german,linear,cemsp,1,prediction_not_equal_desired_class,50,50,50,20.0,446.0,False,0.0,,,0.0,0.0,,,,,,,,,,,,,
german__linear__cemsp,detail,,0,german__linear__cemsp__sample_seed_0,completed,german,linear,cemsp,1,prediction_not_equal_desired_class,50,50,50,21.0,812.0,False,0.0,,,0.0,0.0,,,,,,,,,,,,,
german__linear__cemsp,detail,,0,german__linear__cemsp__sample_seed_0,completed,german,linear,cemsp,1,prediction_not_equal_desired_class,50,50,50,22.0,410.0,True,1.0,0.2857142984867096,0.2857142984867096,1.0,1.0,1.0,1.0,,,,,0.2857142857142857,0.2857142857142857,0.2857142857142857,0.2857142857142857,,,
german__linear__cemsp,detail,,0,german__linear__cemsp__sample_seed_0,completed,german,linear,cemsp,1,prediction_not_equal_desired_class,50,50,50,23.0,706.0,False,0.0,,,0.0,0.0,,,,,,,,,,,,,
german__linear__cemsp,detail,,0,german__linear__cemsp__sample_seed_0,completed,german,linear,cemsp,1,prediction_not_equal_desired_class,50,50,50,24.0,306.0,False,0.0,,,0.0,0.0,,,,,,,,,,,,,
german__linear__cemsp,detail,,0,german__linear__cemsp__sample_seed_0,completed,german,linear,cemsp,1,prediction_not_equal_desired_class,50,50,50,25.0,593.0,True,1.0,1.2857142686843872,1.040015697479248,2.0,1.0,2.0,1.0,2.0,2.0,1.4142135623730951,1.4142135623730951,1.2857142857142856,1.2857142857142856,1.0400156984686455,1.0400156984686455,,,
german__linear__cemsp,detail,,0,german__linear__cemsp__sample_seed_0,completed,german,linear,cemsp,1,prediction_not_equal_desired_class,50,50,50,26.0,338.0,True,1.0,0.1428571492433548,0.1428571492433548,1.0,1.0,1.0,1.0,,,,,0.1428571428571428,0.1428571428571428,0.1428571428571428,0.1428571428571428,,,
german__linear__cemsp,detail,,0,german__linear__cemsp__sample_seed_0,completed,german,linear,cemsp,1,prediction_not_equal_desired_class,50,50,50,27.0,813.0,False,0.0,,,0.0,0.0,,,,,,,,,,,,,
german__linear__cemsp,detail,,0,german__linear__cemsp__sample_seed_0,completed,german,linear,cemsp,1,prediction_not_equal_desired_class,50,50,50,28.0,645.0,False,0.0,,,0.0,0.0,,,,,,,,,,,,,
german__linear__cemsp,detail,,0,german__linear__cemsp__sample_seed_0,completed,german,linear,cemsp,1,prediction_not_equal_desired_class,50,50,50,29.0,746.0,True,1.0,1.0,1.0,3.0,1.0,3.0,1.0,1.488095238095238,1.2321428571428572,1.155798918496023,1.0265915965574863,0.7440476190476191,0.2321428571428571,0.7440476190476191,0.2321428571428571,,,
german__linear__cemsp,detail,,0,german__linear__cemsp__sample_seed_0,completed,german,linear,cemsp,1,prediction_not_equal_desired_class,50,50,50,30.0,522.0,False,0.0,,,0.0,0.0,,,,,,,,,,,,,
german__linear__cemsp,detail,,0,german__linear__cemsp__sample_seed_0,completed,german,linear,cemsp,1,prediction_not_equal_desired_class,50,50,50,31.0,728.0,False,0.0,,,0.0,0.0,,,,,,,,,,,,,
german__linear__cemsp,detail,,0,german__linear__cemsp__sample_seed_0,completed,german,linear,cemsp,1,prediction_not_equal_desired_class,50,50,50,32.0,739.0,False,0.0,,,0.0,0.0,,,,,,,,,,,,,
german__linear__cemsp,detail,,0,german__linear__cemsp__sample_seed_0,completed,german,linear,cemsp,1,prediction_not_equal_desired_class,50,50,50,33.0,701.0,False,0.0,,,0.0,0.0,,,,,,,,,,,,,
german__linear__cemsp,detail,,0,german__linear__cemsp__sample_seed_0,completed,german,linear,cemsp,1,prediction_not_equal_desired_class,50,50,50,34.0,918.0,True,1.0,1.0,1.0,1.0,1.0,1.0,1.0,,,,,1.0,1.0,1.0,1.0,,,
german__linear__cemsp,detail,,0,german__linear__cemsp__sample_seed_0,completed,german,linear,cemsp,1,prediction_not_equal_desired_class,50,50,50,35.0,628.0,False,0.0,,,0.0,0.0,,,,,,,,,,,,,
german__linear__cemsp,detail,,0,german__linear__cemsp__sample_seed_0,completed,german,linear,cemsp,1,prediction_not_equal_desired_class,50,50,50,36.0,340.0,True,1.0,2.2142856121063232,1.4303560256958008,1.0,1.0,1.0,1.0,,,,,2.2142857142857144,2.2142857142857144,1.4303560281786276,1.4303560281786276,,,
german__linear__cemsp,detail,,0,german__linear__cemsp__sample_seed_0,completed,german,linear,cemsp,1,prediction_not_equal_desired_class,50,50,50,37.0,292.0,True,1.0,1.0,1.0,1.0,1.0,1.0,1.0,,,,,1.0,1.0,1.0,1.0,,,
german__linear__cemsp,detail,,0,german__linear__cemsp__sample_seed_0,completed,german,linear,cemsp,1,prediction_not_equal_desired_class,50,50,50,38.0,169.0,True,1.0,1.0,1.0,1.0,1.0,1.0,1.0,,,,,1.0,1.0,1.0,1.0,,,
german__linear__cemsp,detail,,0,german__linear__cemsp__sample_seed_0,completed,german,linear,cemsp,1,prediction_not_equal_desired_class,50,50,50,39.0,1.0,False,0.0,,,0.0,0.0,,,,,,,,,,,,,
german__linear__cemsp,detail,,0,german__linear__cemsp__sample_seed_0,completed,german,linear,cemsp,1,prediction_not_equal_desired_class,50,50,50,40.0,18.0,False,0.0,,,0.0,0.0,,,,,,,,,,,,,
german__linear__cemsp,detail,,0,german__linear__cemsp__sample_seed_0,completed,german,linear,cemsp,1,prediction_not_equal_desired_class,50,50,50,41.0,672.0,False,0.0,,,0.0,0.0,,,,,,,,,,,,,
german__linear__cemsp,detail,,0,german__linear__cemsp__sample_seed_0,completed,german,linear,cemsp,1,prediction_not_equal_desired_class,50,50,50,42.0,983.0,False,0.0,,,0.0,0.0,,,,,,,,,,,,,
german__linear__cemsp,detail,,0,german__linear__cemsp__sample_seed_0,completed,german,linear,cemsp,1,prediction_not_equal_desired_class,50,50,50,43.0,542.0,False,0.0,,,0.0,0.0,,,,,,,,,,,,,
german__linear__cemsp,detail,,0,german__linear__cemsp__sample_seed_0,completed,german,linear,cemsp,1,prediction_not_equal_desired_class,50,50,50,44.0,118.0,False,0.0,,,0.0,0.0,,,,,,,,,,,,,
german__linear__cemsp,detail,,0,german__linear__cemsp__sample_seed_0,completed,german,linear,cemsp,1,prediction_not_equal_desired_class,50,50,50,45.0,915.0,False,0.0,,,0.0,0.0,,,,,,,,,,,,,
german__linear__cemsp,detail,,0,german__linear__cemsp__sample_seed_0,completed,german,linear,cemsp,1,prediction_not_equal_desired_class,50,50,50,46.0,973.0,False,0.0,,,0.0,0.0,,,,,,,,,,,,,
german__linear__cemsp,detail,,0,german__linear__cemsp__sample_seed_0,completed,german,linear,cemsp,1,prediction_not_equal_desired_class,50,50,50,47.0,833.0,True,1.0,1.0,1.0,2.0,1.0,2.0,1.0,2.0,2.0,1.4142135623730951,1.4142135623730951,1.0,1.0,1.0,1.0,,,
german__linear__cemsp,detail,,0,german__linear__cemsp__sample_seed_0,completed,german,linear,cemsp,1,prediction_not_equal_desired_class,50,50,50,48.0,136.0,False,0.0,,,0.0,0.0,,,,,,,,,,,,,
german__linear__cemsp,detail,,0,german__linear__cemsp__sample_seed_0,completed,german,linear,cemsp,1,prediction_not_equal_desired_class,50,50,50,49.0,556.0,True,1.0,1.0,1.0,3.0,1.0,3.0,1.0,1.4285714285714286,1.1428571428571428,1.1448395504925055,1.0101525445522108,0.7142857142857143,0.1428571428571428,0.7142857142857143,0.1428571428571428,,,
german__linear__cemsp,detail,,0,german__linear__cemsp__sample_seed_0,completed,german,linear,cemsp,1,prediction_not_equal_desired_class,50,50,50,50.0,328.0,False,0.0,,,0.0,0.0,,,,,,,,,,,,,
german__linear__cemsp,summary,seed,0,german__linear__cemsp__sample_seed_0,completed,german,linear,cemsp,1,prediction_not_equal_desired_class,50,50,50,,,,0.38,0.8759398476073617,0.8147644384911186,0.58,0.38,1.5263157894736843,1.0,1.6581632653061225,1.540816326530612,1.245811650760923,1.1889990632383145,0.81296992481203,0.706766917293233,0.7517945105142585,0.6455915029954614,19.0,,6.865366
adult__linear__dice,detail,,0,adult__linear__dice__sample_seed_0,completed,adult,linear,dice,1,prediction_not_equal_desired_class,50,2201,50,1.0,32251.0,True,1.0,2.5582096576690674,1.4673676490783691,5.0,1.0,5.0,1.0,11.314313401281831,8.567079979926348,3.2600841706862846,2.8477322048875857,8.495181544146146,2.558209721104329,2.7524044435486195,1.467367792760127,,,
adult__linear__dice,detail,,0,adult__linear__dice__sample_seed_0,completed,adult,linear,dice,1,prediction_not_equal_desired_class,50,2201,50,2.0,23835.0,True,1.0,3.255702495574951,1.6885579824447632,5.0,1.0,5.0,1.0,9.33048660159111,5.293249011039734,2.9223637072758697,2.2049149790764635,7.044827874540927,2.4428913584921705,2.456456159566362,1.4480595976687525,,,
adult__linear__dice,detail,,0,adult__linear__dice__sample_seed_0,completed,adult,linear,dice,1,prediction_not_equal_desired_class,50,2201,50,3.0,34115.0,True,1.0,6.507485866546631,2.4670093059539795,5.0,1.0,5.0,1.0,10.49957559555769,8.588506985455751,3.134353755712905,2.849228829533206,8.278051112093447,6.507485751610229,2.7804263072674837,2.46700922347745,,,
adult__linear__dice,detail,,0,adult__linear__dice__sample_seed_0,completed,adult,linear,dice,1,prediction_not_equal_desired_class,50,2201,50,4.0,2508.0,True,1.0,2.4508578777313232,1.4485108852386477,5.0,1.0,5.0,1.0,9.30383757352829,5.315620943903923,2.917828287015745,2.2075531314037704,7.032591107491788,2.450857918481715,2.455111807533032,1.4485108050096005,,,
adult__linear__dice,detail,,0,adult__linear__dice__sample_seed_0,completed,adult,linear,dice,1,prediction_not_equal_desired_class,50,2201,50,5.0,22059.0,True,1.0,0.4591405391693115,0.2939455509185791,5.0,1.0,5.0,1.0,9.473566234111786,3.333883076906204,2.9322069528292625,1.6898622853855507,6.686631068036109,0.4591405845937608,2.227998169958295,0.2939455673999544,,,
adult__linear__dice,detail,,0,adult__linear__dice__sample_seed_0,completed,adult,linear,dice,1,prediction_not_equal_desired_class,50,2201,50,6.0,21949.0,True,1.0,9.135448455810549,2.975879907608032,5.0,1.0,5.0,1.0,11.333111792057752,8.544744012877345,3.260887267925578,2.850923611227452,8.941823904388068,7.481963388880505,2.899563669577149,2.5948159671676545,,,
adult__linear__dice,detail,,0,adult__linear__dice__sample_seed_0,completed,adult,linear,dice,1,prediction_not_equal_desired_class,50,2201,50,7.0,1667.0,True,1.0,6.34911584854126,2.460613489151001,5.0,1.0,5.0,1.0,10.895393992960454,8.662537049502134,3.1993857309745013,2.8617179728634303,8.27733652567206,6.349115926568023,2.7819488539266297,2.460613642485011,,,
adult__linear__dice,detail,,0,adult__linear__dice__sample_seed_0,completed,adult,linear,dice,1,prediction_not_equal_desired_class,50,2201,50,8.0,19799.0,True,1.0,6.387849807739258,2.4619898796081543,5.0,1.0,5.0,1.0,10.941794621944428,8.472861960530281,3.198159294651567,2.839630105671507,8.140700193911682,4.542182242264619,2.7296802735480075,2.029610723911905,,,
adult__linear__dice,detail,,0,adult__linear__dice__sample_seed_0,completed,adult,linear,dice,1,prediction_not_equal_desired_class,50,2201,50,9.0,25399.0,True,1.0,4.44072961807251,2.023414134979248,5.0,1.0,5.0,1.0,9.5056745916605,7.32219797372818,2.963248809325602,2.619414171768995,6.6305929353751285,4.440729658264681,2.465174049099464,2.023414076509634,,,
adult__linear__dice,detail,,0,adult__linear__dice__sample_seed_0,completed,adult,linear,dice,1,prediction_not_equal_desired_class,50,2201,50,10.0,39111.0,True,1.0,3.3155264854431152,1.696444392204285,5.0,1.0,5.0,1.0,9.488431397080422,6.628271996974945,2.971200518986295,2.478403864741857,7.25987024920583,3.3155264179797777,2.567225792605607,1.6964443096683048,,,
adult__linear__dice,detail,,0,adult__linear__dice__sample_seed_0,completed,adult,linear,dice,1,prediction_not_equal_desired_class,50,2201,50,11.0,12850.0,True,1.0,3.296278953552246,1.6927341222763062,5.0,1.0,5.0,1.0,9.381105989217758,6.575951017439365,2.944834358820604,2.480696236936906,6.907415970637402,3.296278913686676,2.494580489619833,1.692734115748982,,,
adult__linear__dice,detail,,0,adult__linear__dice__sample_seed_0,completed,adult,linear,dice,1,prediction_not_equal_desired_class,50,2201,50,12.0,20546.0,True,1.0,4.4197540283203125,2.0211567878723145,5.0,1.0,5.0,1.0,10.323194414377213,7.351225033402443,3.094227877715113,2.558360328927098,7.636992106294824,4.4197538179963445,2.649957555533028,2.021156884035209,,,
adult__linear__dice,detail,,0,adult__linear__dice__sample_seed_0,completed,adult,linear,dice,1,prediction_not_equal_desired_class,50,2201,50,13.0,9498.0,True,1.0,6.93740177154541,2.5345797538757324,5.0,1.0,5.0,1.0,9.57089561074972,8.588834002614021,2.9864960042668995,2.84630190688161,7.5991107275921665,6.576029671648421,2.656170204343801,2.472856182183251,,,
adult__linear__dice,detail,,0,adult__linear__dice__sample_seed_0,completed,adult,linear,dice,1,prediction_not_equal_desired_class,50,2201,50,14.0,32513.0,True,1.0,8.13254451751709,2.8023016452789307,5.0,1.0,5.0,1.0,11.237455408275128,8.852282021194696,3.2600554355152567,2.865586431376211,8.021435603930144,4.556798158585886,2.713313695118797,2.0299661646379548,,,
adult__linear__dice,detail,,0,adult__linear__dice__sample_seed_0,completed,adult,linear,dice,1,prediction_not_equal_desired_class,50,2201,50,15.0,16965.0,True,1.0,4.3251237869262695,1.971981406211853,5.0,1.0,5.0,1.0,9.490747964382171,7.286445967853069,2.967941222198772,2.530215435494456,7.063887785760263,4.325123997468249,2.5217737144318835,1.9719813604335903,,,
adult__linear__dice,detail,,0,adult__linear__dice__sample_seed_0,completed,adult,linear,dice,1,prediction_not_equal_desired_class,50,2201,50,16.0,45075.0,True,1.0,2.4380979537963867,1.4466592073440552,5.0,1.0,5.0,1.0,10.23531582057476,6.836767971515656,3.0870715200004115,2.478729196412208,7.256599050928235,2.438097848648428,2.537262830165677,1.4466592014557855,,,
adult__linear__dice,detail,,0,adult__linear__dice__sample_seed_0,completed,adult,linear,dice,1,prediction_not_equal_desired_class,50,2201,50,17.0,19971.0,True,1.0,7.086538314819336,2.563472032546997,5.0,1.0,5.0,1.0,8.499634981155396,4.660358995199204,2.7808993035728933,2.050697213782981,6.563314516915933,4.556117789936792,2.456945205298681,2.026010548877237,,,
adult__linear__dice,detail,,0,adult__linear__dice__sample_seed_0,completed,adult,linear,dice,1,prediction_not_equal_desired_class,50,2201,50,18.0,41275.0,True,1.0,2.575575351715088,1.463457107543945,5.0,1.0,5.0,1.0,10.121367397904397,6.665025021880865,3.06942925730986,2.4996097789007625,6.981725262835693,2.575575400814768,2.476874193723593,1.4634570749095954,,,
adult__linear__dice,detail,,0,adult__linear__dice__sample_seed_0,completed,adult,linear,dice,1,prediction_not_equal_desired_class,50,2201,50,19.0,25793.0,True,1.0,4.623978614807129,2.034043073654175,5.0,1.0,5.0,1.0,10.497054386138917,6.798817008733749,3.119839988853967,2.501617619744592,7.99428881062223,4.576260474521408,2.6838021997447603,2.032499515775338,,,
adult__linear__dice,detail,,0,adult__linear__dice__sample_seed_0,completed,adult,linear,dice,1,prediction_not_equal_desired_class,50,2201,50,20.0,42161.0,True,1.0,6.43299674987793,2.468178033828736,5.0,1.0,5.0,1.0,10.312126594781876,7.242585025727749,3.0946048353872984,2.544780608004916,8.634899343891858,6.432996886669367,2.845187328467755,2.46817804009612,,,
adult__linear__dice,detail,,0,adult__linear__dice__sample_seed_0,completed,adult,linear,dice,1,prediction_not_equal_desired_class,50,2201,50,21.0,32780.0,True,1.0,2.4429304599761963,1.4480265378952026,5.0,1.0,5.0,1.0,8.158083599805831,5.307592958211899,2.7184431736623256,2.2059533164850467,6.130057271179366,2.442930516052664,2.2898561416213363,1.448026466932096,,,
adult__linear__dice,detail,,0,adult__linear__dice__sample_seed_0,completed,adult,linear,dice,1,prediction_not_equal_desired_class,50,2201,50,22.0,12845.0,True,1.0,4.254396438598633,2.0088822841644287,5.0,1.0,5.0,1.0,10.437257558107376,9.0374989900738,3.1292101200926616,2.906301751701016,7.331859265528122,4.25439665201347,2.612027122780197,2.008882139095356,,,
adult__linear__dice,detail,,0,adult__linear__dice__sample_seed_0,completed,adult,linear,dice,1,prediction_not_equal_desired_class,50,2201,50,23.0,5474.0,True,1.0,2.432901382446289,1.4458918571472168,5.0,1.0,5.0,1.0,9.905664598941804,7.276020988821983,3.035448394664198,2.617705804373072,7.316099291975886,2.432901426829837,2.5321005108611225,1.4458918050257703,,,
adult__linear__dice,detail,,0,adult__linear__dice__sample_seed_0,completed,adult,linear,dice,1,prediction_not_equal_desired_class,50,2201,50,24.0,16020.0,True,1.0,5.2964186668396,2.2038662433624268,5.0,1.0,5.0,1.0,10.300718994438649,8.710919998586178,3.103516247139728,2.856133627413661,8.989143625744878,5.296418634210486,2.8991916745843453,2.203866228489133,,,
adult__linear__dice,detail,,0,adult__linear__dice__sample_seed_0,completed,adult,linear,dice,1,prediction_not_equal_desired_class,50,2201,50,25.0,1575.0,True,1.0,8.142004013061523,2.8022422790527344,5.0,1.0,5.0,1.0,10.60791481435299,8.490089982748032,3.1577069057382845,2.8426529729672265,8.40473872195643,6.537306030006308,2.812790798824372,2.4708951718551453,,,
adult__linear__dice,detail,,0,adult__linear__dice__sample_seed_0,completed,adult,linear,dice,1,prediction_not_equal_desired_class,50,2201,50,26.0,31962.0,True,1.0,3.300730466842652,1.691718339920044,5.0,1.0,5.0,1.0,9.71572678387165,7.36932997405529,3.0040849961802456,2.6244204765487296,7.318641742097094,3.300730354223421,2.543710528510055,1.691718309874422,,,
adult__linear__dice,detail,,0,adult__linear__dice__sample_seed_0,completed,adult,linear,dice,1,prediction_not_equal_desired_class,50,2201,50,27.0,26429.0,True,1.0,6.194403648376465,2.4567792415618896,5.0,1.0,5.0,1.0,10.09010159559548,6.865388014353812,3.0649894511694056,2.5099154710035485,7.912083679964499,5.300508426342692,2.7027259318905195,2.202728327339826,,,
adult__linear__dice,detail,,0,adult__linear__dice__sample_seed_0,completed,adult,linear,dice,1,prediction_not_equal_desired_class,50,2201,50,28.0,14240.0,True,1.0,2.4507031440734863,1.447848558425903,5.0,1.0,5.0,1.0,9.33134058713913,5.324054971337318,2.9226900563446234,2.2071264703178946,7.443133590968476,2.450702971975142,2.5596664980027484,1.4478484802729792,,,
adult__linear__dice,detail,,0,adult__linear__dice__sample_seed_0,completed,adult,linear,dice,1,prediction_not_equal_desired_class,50,2201,50,29.0,39566.0,True,1.0,2.3822412490844727,1.4386529922485352,5.0,1.0,5.0,1.0,10.297572614625096,7.241416025906801,3.093781923353101,2.623358151054534,7.562290375816881,2.3822412756001663,2.584276985320114,1.4386530182615198,,,
adult__linear__dice,detail,,0,adult__linear__dice__sample_seed_0,completed,adult,linear,dice,1,prediction_not_equal_desired_class,50,2201,50,30.0,37832.0,True,1.0,5.35092830657959,2.213362693786621,5.0,1.0,5.0,1.0,9.88578036427498,6.677531972527504,3.0225874902099803,2.473114912434848,7.967235702855835,5.3509282449059175,2.69866723107305,2.213362760375257,,,
adult__linear__dice,detail,,0,adult__linear__dice__sample_seed_0,completed,adult,linear,dice,1,prediction_not_equal_desired_class,50,2201,50,31.0,17976.0,True,1.0,4.721609115600586,2.046451568603516,5.0,1.0,5.0,1.0,9.900970220565796,6.664432927966118,3.028484731423255,2.474858538676626,7.071740652462725,4.343527472676103,2.512750528866889,2.0121371059861657,,,
adult__linear__dice,detail,,0,adult__linear__dice__sample_seed_0,completed,adult,linear,dice,1,prediction_not_equal_desired_class,50,2201,50,32.0,2984.0,True,1.0,8.132644653320312,2.802190065383911,5.0,1.0,5.0,1.0,11.193702033162117,8.618214040994644,3.254387235502292,2.845680729637331,7.996689128180373,4.5317024772364505,2.709556868119438,2.026777913330829,,,
adult__linear__dice,detail,,0,adult__linear__dice__sample_seed_0,completed,adult,linear,dice,1,prediction_not_equal_desired_class,50,2201,50,33.0,44402.0,True,1.0,2.365397930145264,1.4374576807022097,5.0,1.0,5.0,1.0,8.75522595308721,6.338185979984701,2.8197886472954656,2.4207189903023263,6.42447455925704,2.365397906388389,2.34931975612072,1.4374576503905516,,,
adult__linear__dice,detail,,0,adult__linear__dice__sample_seed_0,completed,adult,linear,dice,1,prediction_not_equal_desired_class,50,2201,50,34.0,6222.0,True,1.0,2.6075186729431152,1.4578447341918943,5.0,1.0,5.0,1.0,10.105805787444115,7.168234001845121,3.0591911100087232,2.57427457454584,7.206513404605351,2.607518704562016,2.5269986769940305,1.4578445947252363,,,
adult__linear__dice,detail,,0,adult__linear__dice__sample_seed_0,completed,adult,linear,dice,1,prediction_not_equal_desired_class,50,2201,50,35.0,78.0,True,1.0,0.5989311337471008,0.308109313249588,5.0,1.0,5.0,1.0,9.827235201001168,7.207636028528213,3.0231157897080965,2.57947534408916,7.0988696381987655,0.5989311518562261,2.3490185032111173,0.3081093257539622,,,
adult__linear__dice,detail,,0,adult__linear__dice__sample_seed_0,completed,adult,linear,dice,1,prediction_not_equal_desired_class,50,2201,50,36.0,42282.0,True,1.0,2.5622878074646,1.4532679319381714,5.0,1.0,5.0,1.0,10.263762402534486,6.759457036852837,3.0785881017666954,2.4754213851391795,7.170833700278823,2.562287836375713,2.49634767273462,1.4532680102746185,,,
adult__linear__dice,detail,,0,adult__linear__dice__sample_seed_0,completed,adult,linear,dice,1,prediction_not_equal_desired_class,50,2201,50,37.0,10016.0,True,1.0,6.209131240844727,2.4567933082580566,5.0,1.0,5.0,1.0,10.514566001668571,5.447307010181248,3.1241408132950936,2.215068725139969,7.530137124811138,4.577737630181141,2.6075034179803938,2.03182583601444,,,
adult__linear__dice,detail,,0,adult__linear__dice__sample_seed_0,completed,adult,linear,dice,1,prediction_not_equal_desired_class,50,2201,50,38.0,24352.0,True,1.0,7.20429801940918,2.6522107124328613,5.0,1.0,5.0,1.0,10.484795612841843,7.744039997458458,3.1276719973593456,2.6729392266323218,7.888023053682524,6.266090230155375,2.7083038325689244,2.423779372949137,,,
adult__linear__dice,detail,,0,adult__linear__dice__sample_seed_0,completed,adult,linear,dice,1,prediction_not_equal_desired_class,50,2201,50,39.0,2186.0,True,1.0,4.53292179107666,2.0265462398529053,5.0,1.0,5.0,1.0,9.470652386546137,6.712978966534138,2.9556659468633497,2.4950998439591063,7.556706108486298,4.532921826621852,2.633999634240617,2.02654617232811,,,
adult__linear__dice,detail,,0,adult__linear__dice__sample_seed_0,completed,adult,linear,dice,1,prediction_not_equal_desired_class,50,2201,50,40.0,4933.0,True,1.0,6.652520656585693,2.4816932678222656,5.0,1.0,5.0,1.0,9.702059380710123,6.523851949721575,3.0011617962351536,2.4773930242084026,7.458137545825847,6.5434441847107205,2.637334781399596,2.4782589971036213,,,
adult__linear__dice,detail,,0,adult__linear__dice__sample_seed_0,completed,adult,linear,dice,1,prediction_not_equal_desired_class,50,2201,50,41.0,25532.0,True,1.0,5.2639265060424805,2.202666044235229,5.0,1.0,5.0,1.0,9.55401820037514,7.414941961411387,2.976039783172959,2.593724705786815,7.417528311931662,5.263926198605808,2.603142371968225,2.2026660918302934,,,
adult__linear__dice,detail,,0,adult__linear__dice__sample_seed_0,completed,adult,linear,dice,1,prediction_not_equal_desired_class,50,2201,50,42.0,831.0,True,1.0,4.407485961914063,2.016305923461914,5.0,1.0,5.0,1.0,10.157776015996934,7.368955001235008,3.066851872589037,2.562081692900968,7.862302939284215,4.407485918860524,2.683427775834464,2.016305898696005,,,
adult__linear__dice,detail,,0,adult__linear__dice__sample_seed_0,completed,adult,linear,dice,1,prediction_not_equal_desired_class,50,2201,50,43.0,33536.0,True,1.0,2.359598159790039,1.4336789846420288,5.0,1.0,5.0,1.0,8.921089599374682,5.250987995881587,2.8558024431689333,2.208278276080554,6.48183199278038,2.359598088406309,2.350300376198116,1.4336789880260534,,,
adult__linear__dice,detail,,0,adult__linear__dice__sample_seed_0,completed,adult,linear,dice,1,prediction_not_equal_desired_class,50,2201,50,44.0,11545.0,True,1.0,4.419761657714844,2.0204224586486816,5.0,1.0,5.0,1.0,9.913792410865426,7.255692004226148,3.027828730578855,2.5460795656794706,7.4371274026210274,4.419761361147854,2.592952441790193,2.020422544404771,,,
adult__linear__dice,detail,,0,adult__linear__dice__sample_seed_0,completed,adult,linear,dice,1,prediction_not_equal_desired_class,50,2201,50,45.0,41631.0,True,1.0,7.133920669555664,2.617936849594116,5.0,1.0,5.0,1.0,11.074042004346849,8.565449997782707,3.2262799010670578,2.8445256697428865,8.851512801917965,7.1339204347502445,2.887232446624417,2.617937031247954,,,
adult__linear__dice,detail,,0,adult__linear__dice__sample_seed_0,completed,adult,linear,dice,1,prediction_not_equal_desired_class,50,2201,50,46.0,13298.0,True,1.0,3.3012657165527344,1.6930218935012815,5.0,1.0,5.0,1.0,9.129767780005931,7.093846008181572,2.899468955117164,2.5461846071010457,6.97831926679294,3.3012658419438328,2.475400469485858,1.6930219205785644,,,
adult__linear__dice,detail,,0,adult__linear__dice__sample_seed_0,completed,adult,linear,dice,1,prediction_not_equal_desired_class,50,2201,50,47.0,25910.0,True,1.0,6.201953887939453,2.456596612930298,5.0,1.0,5.0,1.0,9.842033832147717,6.74232501257211,3.036975543998982,2.493213956545399,7.802521091292637,6.151754402383355,2.7039985014008705,2.4202334459615145,,,
adult__linear__dice,detail,,0,adult__linear__dice__sample_seed_0,completed,adult,linear,dice,1,prediction_not_equal_desired_class,50,2201,50,48.0,12837.0,True,1.0,4.587710380554199,2.027162313461304,5.0,1.0,5.0,1.0,9.28640617914498,6.624954936094582,2.936610063706712,2.482104911831803,7.25157414013903,4.587710544818221,2.576259041152011,2.027162442275669,,,
adult__linear__dice,detail,,0,adult__linear__dice__sample_seed_0,completed,adult,linear,dice,1,prediction_not_equal_desired_class,50,2201,50,49.0,40472.0,True,1.0,5.284420013427734,2.2068824768066406,5.0,1.0,5.0,1.0,10.308564612269402,7.256800994277,3.0957823868510963,2.5544296100317,8.233166570039522,5.284419867256938,2.7635541848125773,2.206882238172049,,,
adult__linear__dice,detail,,0,adult__linear__dice__sample_seed_0,completed,adult,linear,dice,1,prediction_not_equal_desired_class,50,2201,50,50.0,31357.0,True,1.0,0.4681241512298584,0.3196639716625213,5.0,1.0,5.0,1.0,9.670121797919274,5.350933074951172,2.973981239685113,2.209250500861219,6.8090514363640775,0.4681242318388778,2.293938664440576,0.3196640019981939,,,
adult__linear__dice,summary,seed,0,adult__linear__dice__sample_seed_0,completed,adult,linear,dice,1,prediction_not_equal_desired_class,50,2201,50,,,,1.0,4.527828851938248,1.94512939453125,5.0,1.0,5.0,1.0,9.971232665849849,7.039926277194172,3.0397078829394526,2.5388692549242653,7.526992396626196,4.127154535423045,2.5969642062498,1.854822861675614,50.0,,355.440361
adult__linear__cols,detail,,0,adult__linear__cols__sample_seed_0,completed,adult,linear,cols,1,prediction_not_equal_desired_class,50,2201,50,1.0,32251.0,True,1.0,0.792523980140686,0.5399887561798096,5.0,1.0,5.0,1.0,2.59530905366191,0.1044067764846984,1.3450810683078454,0.0755626748918849,1.6674444375902318,0.7925239381385976,1.0932434826347175,0.5399887477113435,,,
adult__linear__cols,detail,,0,adult__linear__cols__sample_seed_0,completed,adult,linear,cols,1,prediction_not_equal_desired_class,50,2201,50,2.0,23835.0,True,1.0,0.0217402167618274,0.0217402167618274,5.0,1.0,5.0,1.0,3.202622982473456,0.3828513285132851,1.6582274992142456,0.3617649397337932,1.717833538688608,0.021740217402174,1.043825508382744,0.021740217402174,,,
adult__linear__cols,detail,,0,adult__linear__cols__sample_seed_0,completed,adult,linear,cols,1,prediction_not_equal_desired_class,50,2201,50,3.0,34115.0,True,1.0,4.838825225830078,2.0679051876068115,5.0,1.0,5.0,1.0,9.822102188813128,6.564081133268885,3.013323884036404,2.4734906459949237,7.947886192392585,4.838825296378108,2.6477221289221253,2.067905299476492,,,
adult__linear__cols,detail,,0,adult__linear__cols__sample_seed_0,completed,adult,linear,cols,1,prediction_not_equal_desired_class,50,2201,50,4.0,2508.0,True,1.0,0.3168044090270996,0.3168044090270996,5.0,1.0,5.0,1.0,1.6956813464659042,0.1333333333333333,1.0136652947728817,0.1223517765153614,1.4928544473376353,0.3168044077134986,1.0099983064120766,0.3168044077134986,,,
adult__linear__cols,detail,,0,adult__linear__cols__sample_seed_0,completed,adult,linear,cols,1,prediction_not_equal_desired_class,50,2201,50,5.0,22059.0,True,1.0,0.0210502110421657,0.0210502110421657,5.0,1.0,5.0,1.0,2.610636534936778,0.0924787819306764,1.4631546053806272,0.0744657785731772,1.5145661456614568,0.021050210502105,0.9434751723968464,0.021050210502105,,,
adult__linear__cols,detail,,0,adult__linear__cols__sample_seed_0,completed,adult,linear,cols,1,prediction_not_equal_desired_class,50,2201,50,6.0,21949.0,True,1.0,2.0,1.4142135381698608,5.0,1.0,5.0,1.0,2.8,1.0,1.6357023842129927,1.0,3.0,2.0,1.7120955864630134,1.4142135623730951,,,
adult__linear__cols,detail,,0,adult__linear__cols__sample_seed_0,completed,adult,linear,cols,1,prediction_not_equal_desired_class,50,2201,50,7.0,1667.0,True,1.0,3.1237096786499023,1.649605393409729,5.0,1.0,5.0,1.0,10.710848047364804,4.882219223777665,3.1251792313454865,2.103388499863652,8.592301682162836,3.1237096484516296,2.712337158349737,1.6496054149398,,,
adult__linear__cols,detail,,0,adult__linear__cols__sample_seed_0,completed,adult,linear,cols,1,prediction_not_equal_desired_class,50,2201,50,8.0,19799.0,True,1.0,2.021740198135376,1.414380669593811,5.0,1.0,5.0,1.0,3.684340804269099,1.40037328944718,1.8210714779614563,1.0627416857757024,2.659593576366292,2.021740217402174,1.5881181524791486,1.4143806549344111,,,
adult__linear__cols,detail,,0,adult__linear__cols__sample_seed_0,completed,adult,linear,cols,1,prediction_not_equal_desired_class,50,2201,50,9.0,25399.0,True,1.0,0.1499081701040268,0.1499081701040268,5.0,1.0,5.0,1.0,2.783115191165497,0.2949954086317723,1.4923929645615628,0.2949954086317723,1.5466081006332535,0.1499081726354453,1.0639402709988612,0.1499081726354453,,,
adult__linear__cols,detail,,0,adult__linear__cols__sample_seed_0,completed,adult,linear,cols,1,prediction_not_equal_desired_class,50,2201,50,10.0,39111.0,True,1.0,0.4545454680919647,0.4545454680919647,5.0,1.0,5.0,1.0,2.1456106519742884,0.2179063360881542,1.3145621727130874,0.200799992211409,1.3162626262626262,0.4545454545454545,0.9724286212474204,0.4545454545454545,,,
adult__linear__cols,detail,,0,adult__linear__cols__sample_seed_0,completed,adult,linear,cols,1,prediction_not_equal_desired_class,50,2201,50,11.0,12850.0,True,1.0,0.6142857074737549,0.453782320022583,5.0,1.0,5.0,1.0,3.0946207904649463,2.191755214482487,1.6401518366061745,1.4222514491727485,1.9036989561664883,0.6142857142857143,1.241018355176088,0.4537822906933882,,,
adult__linear__cols,detail,,0,adult__linear__cols__sample_seed_0,completed,adult,linear,cols,1,prediction_not_equal_desired_class,50,2201,50,12.0,20546.0,True,1.0,0.7422884106636047,0.5291087627410889,5.0,1.0,5.0,1.0,3.9078974599832015,2.0,1.880702316674535,1.4142135623730951,4.169095881463115,0.7422883754052585,1.8857381896806733,0.5291087503220617,,,
adult__linear__cols,detail,,0,adult__linear__cols__sample_seed_0,completed,adult,linear,cols,1,prediction_not_equal_desired_class,50,2201,50,13.0,9498.0,True,1.0,0.0545505471527576,0.0545505471527576,5.0,1.0,5.0,1.0,3.6332963329633294,2.0,1.8342314033923763,1.4142135623730951,2.26060060600606,0.054550545505455,1.2915280807907594,0.054550545505455,,,
adult__linear__cols,detail,,0,adult__linear__cols__sample_seed_0,completed,adult,linear,cols,1,prediction_not_equal_desired_class,50,2201,50,14.0,32513.0,True,1.0,0.1648773550987243,0.1445442885160446,5.0,1.0,5.0,1.0,1.5779403709031186,0.131204059974484,1.035046209441893,0.1020270774842452,0.9231281303367932,0.1648773630593449,0.7136549107128257,0.144544295505079,,,
adult__linear__cols,detail,,0,adult__linear__cols__sample_seed_0,completed,adult,linear,cols,1,prediction_not_equal_desired_class,50,2201,50,15.0,16965.0,True,1.0,0.0789607912302017,0.0789607912302017,5.0,1.0,5.0,1.0,4.358499023006759,2.017450174501745,2.0062251871918133,1.4143212183199902,2.492646645474719,0.078960789607896,1.3863289371078795,0.078960789607896,,,
adult__linear__cols,detail,,0,adult__linear__cols__sample_seed_0,completed,adult,linear,cols,1,prediction_not_equal_desired_class,50,2201,50,16.0,45075.0,True,1.0,0.3611111044883728,0.3611111044883728,5.0,1.0,5.0,1.0,3.39949494949495,2.038567493112948,1.7810620247217268,1.4147393581593104,2.2871441689623504,0.3611111111111111,1.3486908626184653,0.3611111111111111,,,
adult__linear__cols,detail,,0,adult__linear__cols__sample_seed_0,completed,adult,linear,cols,1,prediction_not_equal_desired_class,50,2201,50,17.0,19971.0,True,1.0,0.2251800745725631,0.1304568350315094,5.0,1.0,5.0,1.0,2.912736221239763,2.017784157433411,1.6510019879627251,1.4142706886699985,2.099420092160105,0.2251800885355792,1.2756636692847996,0.130456839999748,,,
adult__linear__cols,detail,,0,adult__linear__cols__sample_seed_0,completed,adult,linear,cols,1,prediction_not_equal_desired_class,50,2201,50,18.0,41275.0,True,1.0,0.4828688502311706,0.4689904153347015,5.0,1.0,5.0,1.0,2.739792702059252,0.5441176891107754,1.5140497498285828,0.4187393102689448,1.601426348147779,0.4828688369528323,1.1273591459188932,0.4689904028253609,,,
adult__linear__cols,detail,,0,adult__linear__cols__sample_seed_0,completed,adult,linear,cols,1,prediction_not_equal_desired_class,50,2201,50,19.0,25793.0,True,1.0,2.488751173019409,1.4962879419326782,5.0,1.0,5.0,1.0,2.527281160398043,0.0520886040366559,1.2928796482827425,0.0376847907693594,3.276519368077809,2.488751147842057,1.7174950133652345,1.496287968446224,,,
adult__linear__cols,detail,,0,adult__linear__cols__sample_seed_0,completed,adult,linear,cols,1,prediction_not_equal_desired_class,50,2201,50,20.0,42161.0,True,1.0,2.489795923233032,1.4966295957565308,5.0,1.0,5.0,1.0,3.224489795918368,2.0816326530612246,1.7278844663246375,1.41656764400639,3.53469387755102,2.489795918367347,1.8109038904526653,1.4966295605958453,,,
adult__linear__cols,detail,,0,adult__linear__cols__sample_seed_0,completed,adult,linear,cols,1,prediction_not_equal_desired_class,50,2201,50,21.0,32780.0,True,1.0,0.5581213235855103,0.4974120855331421,5.0,1.0,5.0,1.0,3.849915200521868,2.0,1.8852812348429675,1.4142135623730951,2.524957600260934,0.5581213346380038,1.4654819374438643,0.4974120860732062,,,
adult__linear__cols,detail,,0,adult__linear__cols__sample_seed_0,completed,adult,linear,cols,1,prediction_not_equal_desired_class,50,2201,50,22.0,12845.0,True,1.0,0.0506005063652992,0.0506005063652992,5.0,1.0,5.0,1.0,3.478926702320346,0.202020202020202,1.6900505966779178,0.202020202020202,1.774845523163711,0.05060050600506,1.026879791008109,0.05060050600506,,,
adult__linear__cols,detail,,0,adult__linear__cols__sample_seed_0,completed,adult,linear,cols,1,prediction_not_equal_desired_class,50,2201,50,23.0,5474.0,True,1.0,0.1082038283348083,0.0808698162436485,5.0,1.0,5.0,1.0,0.2706082887275153,0.0977304194529548,0.2364453477561597,0.074943909615763,0.4301233756139214,0.108203829972184,0.3610739609706136,0.0808698160528099,,,
adult__linear__cols,detail,,0,adult__linear__cols__sample_seed_0,completed,adult,linear,cols,1,prediction_not_equal_desired_class,50,2201,50,24.0,16020.0,True,1.0,5.374630928039551,2.2222297191619877,5.0,1.0,5.0,1.0,10.074067592718244,6.477625570776255,3.071087707892419,2.4846190181416947,9.150812228690103,5.3746312482128245,2.8894423741366158,2.22222980066574,,,
adult__linear__cols,detail,,0,adult__linear__cols__sample_seed_0,completed,adult,linear,cols,1,prediction_not_equal_desired_class,50,2201,50,25.0,1575.0,True,1.0,0.5305420160293579,0.4482145309448242,5.0,1.0,5.0,1.0,3.4567614924757777,0.4379275126028372,1.6639102288172516,0.3823481317084978,1.969175989955211,0.5305419688536572,1.2223697059227383,0.4482145338098942,,,
adult__linear__cols,detail,,0,adult__linear__cols__sample_seed_0,completed,adult,linear,cols,1,prediction_not_equal_desired_class,50,2201,50,26.0,31962.0,True,1.0,0.7890411615371704,0.6220687031745911,5.0,1.0,5.0,1.0,3.6683628841879696,2.008660086600866,1.8111914631092056,1.4142400776034931,2.8689659430002186,0.7890410958904108,1.5408901457986497,0.6220686558956143,,,
adult__linear__cols,detail,,0,adult__linear__cols__sample_seed_0,completed,adult,linear,cols,1,prediction_not_equal_desired_class,50,2201,50,27.0,26429.0,True,1.0,0.2005120068788528,0.2005120068788528,5.0,0.8,4.0,1.0,8.935723827261786,1.0,2.77001358349026,1.0,5.652644759771959,0.2005120051200512,1.87772076778074,0.2005120051200512,,,
adult__linear__cols,detail,,0,adult__linear__cols__sample_seed_0,completed,adult,linear,cols,1,prediction_not_equal_desired_class,50,2201,50,28.0,14240.0,True,1.0,0.3753512501716614,0.3613917827606201,5.0,1.0,5.0,1.0,3.02288185278547,2.047757130463866,1.6686178697505274,1.4146823566244089,1.902586625039804,0.3753512535125351,1.2345124761912727,0.3613917766406895,,,
adult__linear__cols,detail,,0,adult__linear__cols__sample_seed_0,completed,adult,linear,cols,1,prediction_not_equal_desired_class,50,2201,50,29.0,39566.0,True,1.0,2.046870470046997,1.4149900674819946,5.0,1.0,5.0,1.0,2.603476034760348,0.008690086900869,1.507982235664846,0.008690086900869,2.8538225382253826,2.0468704687046877,1.649428468804535,1.4149900497305967,,,
adult__linear__cols,detail,,0,adult__linear__cols__sample_seed_0,completed,adult,linear,cols,1,prediction_not_equal_desired_class,50,2201,50,30.0,37832.0,True,1.0,2.36380934715271,1.454903244972229,5.0,1.0,5.0,1.0,1.7015906729315229,0.0382496180333704,1.0915216826409666,0.0291747777525429,2.7980729807298075,2.3638093199113808,1.5836010114533312,1.4549032369036852,,,
adult__linear__cols,detail,,0,adult__linear__cols__sample_seed_0,completed,adult,linear,cols,1,prediction_not_equal_desired_class,50,2201,50,31.0,17976.0,True,1.0,0.2506887018680572,0.2506887018680572,5.0,1.0,5.0,1.0,3.5085675650144936,2.0,1.80458740122282,1.4142135623730951,2.4542837825072463,0.2506887052341597,1.4158535516764217,0.2506887052341597,,,
adult__linear__cols,detail,,0,adult__linear__cols__sample_seed_0,completed,adult,linear,cols,1,prediction_not_equal_desired_class,50,2201,50,32.0,2984.0,True,1.0,0.399182379245758,0.3674395978450775,5.0,1.0,5.0,1.0,2.5243721556122622,0.1334339872324342,1.3335932295383344,0.0816909881492691,1.3815844536080717,0.3991823802535546,0.8904430328503621,0.3674395843975686,,,
adult__linear__cols,detail,,0,adult__linear__cols__sample_seed_0,completed,adult,linear,cols,1,prediction_not_equal_desired_class,50,2201,50,33.0,44402.0,True,1.0,0.0774347484111785,0.0680006369948387,5.0,1.0,5.0,1.0,1.7422980217455155,0.0666666666666667,1.117858897768482,0.0666666666666667,1.0125998131358824,0.0774347539393761,0.7004520573651299,0.068000636620401,,,
adult__linear__cols,detail,,0,adult__linear__cols__sample_seed_0,completed,adult,linear,cols,1,prediction_not_equal_desired_class,50,2201,50,34.0,6222.0,True,1.0,0.3333333134651184,0.3333333134651184,5.0,1.0,5.0,1.0,2.195730027548209,0.2833333333333333,1.244425657091354,0.2166666666666666,1.2457300275482095,0.3333333333333333,0.8321699454641734,0.3333333333333333,,,
adult__linear__cols,detail,,0,adult__linear__cols__sample_seed_0,completed,adult,linear,cols,1,prediction_not_equal_desired_class,50,2201,50,35.0,78.0,True,1.0,0.3179092109203338,0.2599370181560516,5.0,1.0,5.0,1.0,1.7071146711467116,0.0677866778667786,1.104991255263219,0.0666760741910681,2.34479984799848,0.3179091790917909,1.322423479276187,0.2599370010101162,,,
adult__linear__cols,detail,,0,adult__linear__cols__sample_seed_0,completed,adult,linear,cols,1,prediction_not_equal_desired_class,50,2201,50,36.0,42282.0,True,1.0,2.0241403579711914,1.4144195318222046,5.0,1.0,5.0,1.0,5.500072298243644,2.0,2.249103647015347,1.4142135623730951,3.8048762471095774,2.024140241402414,1.8714611076653915,1.4144195810490487,,,
adult__linear__cols,detail,,0,adult__linear__cols__sample_seed_0,completed,adult,linear,cols,1,prediction_not_equal_desired_class,50,2201,50,37.0,10016.0,True,1.0,3.4378650188446045,1.6556552648544312,5.0,1.0,5.0,1.0,10.776725495099743,7.7560740699397375,3.1933054397695457,2.681199358173189,9.375989744331974,3.4378650876745525,2.858304748020473,1.6556553352355907,,,
adult__linear__cols,detail,,0,adult__linear__cols__sample_seed_0,completed,adult,linear,cols,1,prediction_not_equal_desired_class,50,2201,50,38.0,24352.0,True,1.0,2.076880931854248,1.416301727294922,5.0,1.0,5.0,1.0,3.48594311993044,2.0,1.7804114962518311,1.4142135623730951,2.1932715058302548,2.076880768807688,1.4272342081810552,1.4163017519626462,,,
adult__linear__cols,detail,,0,adult__linear__cols__sample_seed_0,completed,adult,linear,cols,1,prediction_not_equal_desired_class,50,2201,50,39.0,2186.0,True,1.0,0.0091400910168886,0.0091400910168886,5.0,1.0,5.0,1.0,1.827310273102731,0.001410014100141,1.149550591761474,0.001410014100141,1.0264662646626466,0.009140091400914,0.7509048271346945,0.009140091400914,,,
adult__linear__cols,detail,,0,adult__linear__cols__sample_seed_0,completed,adult,linear,cols,1,prediction_not_equal_desired_class,50,2201,50,40.0,4933.0,True,1.0,2.021740198135376,1.414380669593811,5.0,1.0,5.0,1.0,3.1675766553583906,0.2972504214838066,1.659630398603501,0.2763666217288127,2.8976984667805863,2.021740217402174,1.6549816328628717,1.4143806549344111,,,
adult__linear__cols,detail,,0,adult__linear__cols__sample_seed_0,completed,adult,linear,cols,1,prediction_not_equal_desired_class,50,2201,50,41.0,25532.0,True,1.0,0.1808537393808365,0.153328463435173,5.0,1.0,5.0,1.0,0.1822873838453345,0.050270502705027,0.1542040898459863,0.050270502705027,0.2723386365251744,0.1808537473129833,0.1993269531565563,0.1533284663251294,,,
adult__linear__cols,detail,,0,adult__linear__cols__sample_seed_0,completed,adult,linear,cols,1,prediction_not_equal_desired_class,50,2201,50,42.0,831.0,True,1.0,0.0744307413697242,0.0744307413697242,5.0,1.0,5.0,1.0,3.035205877189486,2.1366108440979845,1.6468938945231564,1.4187658976234163,2.3499099674754547,0.074430744307443,1.3186113406044466,0.074430744307443,,,
adult__linear__cols,detail,,0,adult__linear__cols__sample_seed_0,completed,adult,linear,cols,1,prediction_not_equal_desired_class,50,2201,50,43.0,33536.0,True,1.0,0.1687074899673462,0.1218883693218231,5.0,1.0,5.0,1.0,2.760605546736864,0.6395522947471,1.4681009838362822,0.4863657156878938,1.5201879891627388,0.1687074829931973,0.9737097421548732,0.121888361384626,,,
adult__linear__cols,detail,,0,adult__linear__cols__sample_seed_0,completed,adult,linear,cols,1,prediction_not_equal_desired_class,50,2201,50,44.0,11545.0,True,1.0,0.4655881822109222,0.3691548407077789,5.0,1.0,5.0,1.0,2.817011118067707,0.000370003700037,1.4856223206830332,0.000370003700037,1.788857310479592,0.4655881558815588,1.068161601703759,0.3691548505772294,,,
adult__linear__cols,detail,,0,adult__linear__cols__sample_seed_0,completed,adult,linear,cols,1,prediction_not_equal_desired_class,50,2201,50,45.0,41631.0,True,1.0,0.4048886001110077,0.3844151794910431,5.0,1.0,5.0,1.0,1.8220836597807704,0.2825286310714346,1.2081508185659502,0.2623243713146267,2.0303734219666367,0.4048885943404888,1.2649308106972814,0.3844151613423245,,,
adult__linear__cols,detail,,0,adult__linear__cols__sample_seed_0,completed,adult,linear,cols,1,prediction_not_equal_desired_class,50,2201,50,46.0,13298.0,True,1.0,0.034320343285799,0.034320343285799,5.0,1.0,5.0,1.0,3.660816371800081,2.034320343203432,1.829021857592684,1.414629946649512,2.139709878916971,0.034320343203432,1.2673303405754084,0.034320343203432,,,
adult__linear__cols,detail,,0,adult__linear__cols__sample_seed_0,completed,adult,linear,cols,1,prediction_not_equal_desired_class,50,2201,50,47.0,25910.0,True,1.0,0.7397260665893555,0.7397260665893555,5.0,1.0,5.0,1.0,11.053379291038585,0.3333333333333333,3.0896761817924907,0.3333333333333333,8.290625383562952,0.7397260273972603,2.4018832731557724,0.7397260273972603,,,
adult__linear__cols,detail,,0,adult__linear__cols__sample_seed_0,completed,adult,linear,cols,1,prediction_not_equal_desired_class,50,2201,50,48.0,12837.0,True,1.0,0.6900217533111572,0.5583496689796448,5.0,1.0,5.0,1.0,5.882338758789848,2.0,2.340840575748475,1.4142135623730951,4.9422243899450296,0.6900217387230374,2.059876816908791,0.5583496505666883,,,
adult__linear__cols,detail,,0,adult__linear__cols__sample_seed_0,completed,adult,linear,cols,1,prediction_not_equal_desired_class,50,2201,50,49.0,40472.0,True,1.0,1.396350383758545,0.8149988055229187,5.0,1.0,5.0,1.0,4.4381319998469975,2.13265306122449,1.9946022575289368,1.420421358137165,3.532331306045948,1.3963504077807585,1.7518197996866358,0.8149987963973322,,,
adult__linear__cols,detail,,0,adult__linear__cols__sample_seed_0,completed,adult,linear,cols,1,prediction_not_equal_desired_class,50,2201,50,50.0,31357.0,True,1.0,2.090207099914551,1.4159797430038452,5.0,1.0,5.0,1.0,5.77689908735822,2.0,2.298565414469266,1.4142135623730951,3.987429135515845,2.0902069020690206,1.9152889085629148,1.415979726947827,,,
adult__linear__cols,summary,seed,0,adult__linear__cols__sample_seed_0,completed,adult,linear,cols,1,prediction_not_equal_desired_class,50,2201,50,,,,1.0,1.0206921936944129,0.6494729172065854,5.0,0.996,4.98,1.0,3.84706199067007,1.4136300093749268,1.7158966754489695,0.8502349503444343,2.930420399180042,1.0206921877442343,1.4276426852121729,0.6494729193474165,50.0,,101.765825
adult__linear__cemsp,detail,,0,adult__linear__cemsp__sample_seed_0,completed,adult,linear,cemsp,1,prediction_not_equal_desired_class,50,2201,50,1.0,32251.0,True,1.0,2.0,1.4142135381698608,2.0,1.0,2.0,1.0,3.0,3.0,1.7320508075688772,1.7320508075688772,2.5,2.0,1.5731321849709865,1.4142135623730951,,,
adult__linear__cemsp,detail,,0,adult__linear__cemsp__sample_seed_0,completed,adult,linear,cemsp,1,prediction_not_equal_desired_class,50,2201,50,2.0,23835.0,True,1.0,1.0,1.0,2.0,1.0,2.0,1.0,2.0,2.0,1.4142135623730951,1.4142135623730951,1.0,1.0,1.0,1.0,,,
adult__linear__cemsp,detail,,0,adult__linear__cemsp__sample_seed_0,completed,adult,linear,cemsp,1,prediction_not_equal_desired_class,50,2201,50,3.0,34115.0,True,1.0,5.400000095367432,2.2715632915496826,1.0,1.0,1.0,1.0,,,,,5.4,5.4,2.2715633383201093,2.2715633383201093,,,
adult__linear__cemsp,detail,,0,adult__linear__cemsp__sample_seed_0,completed,adult,linear,cemsp,1,prediction_not_equal_desired_class,50,2201,50,4.0,2508.0,True,1.0,1.030612230300903,1.0004684925079346,3.0,1.0,3.0,1.0,1.5315192743764172,0.2972789115646259,1.0406994603185538,0.2684179961343944,1.099092970521542,1.0,1.0118044749330444,1.0,,,
adult__linear__cemsp,detail,,0,adult__linear__cemsp__sample_seed_0,completed,adult,linear,cemsp,1,prediction_not_equal_desired_class,50,2201,50,5.0,22059.0,True,1.0,0.1326530575752258,0.1326530575752258,3.0,1.0,3.0,1.0,1.4217687074829932,1.1326530612244898,1.143911219527509,1.0087600481047156,0.7108843537414966,0.1326530612244897,0.7108843537414966,0.1326530612244897,,,
adult__linear__cemsp,detail,,0,adult__linear__cemsp__sample_seed_0,completed,adult,linear,cemsp,1,prediction_not_equal_desired_class,50,2201,50,6.0,21949.0,True,1.0,1.0,1.0,1.0,1.0,1.0,1.0,,,,,1.0,1.0,1.0,1.0,,,
adult__linear__cemsp,detail,,0,adult__linear__cemsp__sample_seed_0,completed,adult,linear,cemsp,1,prediction_not_equal_desired_class,50,2201,50,7.0,1667.0,True,1.0,5.400000095367432,2.2715632915496826,1.0,1.0,1.0,1.0,,,,,5.4,5.4,2.2715633383201093,2.2715633383201093,,,
adult__linear__cemsp,detail,,0,adult__linear__cemsp__sample_seed_0,completed,adult,linear,cemsp,1,prediction_not_equal_desired_class,50,2201,50,8.0,19799.0,True,1.0,1.0,1.0,1.0,1.0,1.0,1.0,,,,,1.0,1.0,1.0,1.0,,,
adult__linear__cemsp,detail,,0,adult__linear__cemsp__sample_seed_0,completed,adult,linear,cemsp,1,prediction_not_equal_desired_class,50,2201,50,9.0,25399.0,True,1.0,1.0,1.0,2.0,1.0,2.0,1.0,2.0,2.0,1.4142135623730951,1.4142135623730951,1.0,1.0,1.0,1.0,,,
adult__linear__cemsp,detail,,0,adult__linear__cemsp__sample_seed_0,completed,adult,linear,cemsp,1,prediction_not_equal_desired_class,50,2201,50,10.0,39111.0,True,1.0,1.0,1.0,2.0,1.0,2.0,1.0,2.533333333333333,2.533333333333333,1.5114378731672846,1.5114378731672846,1.2666666666666666,1.0,1.0666666666666669,1.0,,,
adult__linear__cemsp,detail,,0,adult__linear__cemsp__sample_seed_0,completed,adult,linear,cemsp,1,prediction_not_equal_desired_class,50,2201,50,11.0,12850.0,True,1.0,1.0,1.0,3.0,1.0,3.0,1.0,2.3315192743764173,2.0306122448979598,1.4644334977682858,1.4145448418264062,1.1657596371882086,1.0,1.0346660451771958,1.0,,,
adult__linear__cemsp,detail,,0,adult__linear__cemsp__sample_seed_0,completed,adult,linear,cemsp,1,prediction_not_equal_desired_class,50,2201,50,12.0,20546.0,True,1.0,3.0,1.7320507764816284,3.0,1.0,3.0,1.0,2.1777777777777776,2.0,1.4308282161209387,1.4142135623730951,3.1777777777777776,3.0,1.745655996131396,1.7320508075688772,,,
adult__linear__cemsp,detail,,0,adult__linear__cemsp__sample_seed_0,completed,adult,linear,cemsp,1,prediction_not_equal_desired_class,50,2201,50,13.0,9498.0,True,1.0,3.0,1.7320507764816284,2.0,1.0,2.0,1.0,3.2,3.2,1.743559577416269,1.743559577416269,3.6,3.0,1.8710129658965275,1.7320508075688772,,,
adult__linear__cemsp,detail,,0,adult__linear__cemsp__sample_seed_0,completed,adult,linear,cemsp,1,prediction_not_equal_desired_class,50,2201,50,14.0,32513.0,True,1.0,2.0,1.4142135381698608,1.0,1.0,1.0,1.0,,,,,2.0,2.0,1.4142135623730951,1.4142135623730951,,,
adult__linear__cemsp,detail,,0,adult__linear__cemsp__sample_seed_0,completed,adult,linear,cemsp,1,prediction_not_equal_desired_class,50,2201,50,15.0,16965.0,True,1.0,2.0,1.4142135381698608,2.0,1.0,2.0,1.0,1.6666666666666667,1.6666666666666667,1.2018504251546631,1.2018504251546631,1.8333333333333333,1.6666666666666667,1.3080319937638791,1.2018504251546631,,,
adult__linear__cemsp,detail,,0,adult__linear__cemsp__sample_seed_0,completed,adult,linear,cemsp,1,prediction_not_equal_desired_class,50,2201,50,16.0,45075.0,True,1.0,1.0,1.0,1.0,1.0,1.0,1.0,,,,,1.0,1.0,1.0,1.0,,,
adult__linear__cemsp,detail,,0,adult__linear__cemsp__sample_seed_0,completed,adult,linear,cemsp,1,prediction_not_equal_desired_class,50,2201,50,17.0,19971.0,True,1.0,1.2346938848495483,1.0271714925765991,3.0,1.0,3.0,1.0,1.4897959183673468,1.2346938775510203,1.1561854966949847,1.0271714638559295,1.4897959183673468,1.2346938775510203,1.1561854966949847,1.0271714638559295,,,
adult__linear__cemsp,detail,,0,adult__linear__cemsp__sample_seed_0,completed,adult,linear,cemsp,1,prediction_not_equal_desired_class,50,2201,50,18.0,41275.0,True,1.0,2.0,1.4142135381698608,2.0,1.0,2.0,1.0,3.2,3.2,1.743559577416269,1.743559577416269,2.6,2.0,1.5788865698946823,1.4142135623730951,,,
adult__linear__cemsp,detail,,0,adult__linear__cemsp__sample_seed_0,completed,adult,linear,cemsp,1,prediction_not_equal_desired_class,50,2201,50,19.0,25793.0,True,1.0,4.266666412353516,2.0176994800567627,1.0,1.0,1.0,1.0,,,,,4.266666666666667,4.266666666666667,2.017699460056208,2.017699460056208,,,
adult__linear__cemsp,detail,,0,adult__linear__cemsp__sample_seed_0,completed,adult,linear,cemsp,1,prediction_not_equal_desired_class,50,2201,50,20.0,42161.0,True,1.0,4.0,2.0,3.0,1.0,3.0,1.0,2.1777777777777776,2.0,1.4308282161209387,1.4142135623730951,4.177777777777777,4.0,2.011799640037472,2.0,,,
adult__linear__cemsp,detail,,0,adult__linear__cemsp__sample_seed_0,completed,adult,linear,cemsp,1,prediction_not_equal_desired_class,50,2201,50,21.0,32780.0,True,1.0,1.0816326141357422,1.003326416015625,3.0,1.0,3.0,1.0,2.054421768707483,2.0,1.415782950128625,1.4142135623730951,1.0272108843537415,1.0,1.0011088041709348,1.0,,,
adult__linear__cemsp,detail,,0,adult__linear__cemsp__sample_seed_0,completed,adult,linear,cemsp,1,prediction_not_equal_desired_class,50,2201,50,22.0,12845.0,True,1.0,1.0,1.0,2.0,1.0,2.0,1.0,2.0,2.0,1.4142135623730951,1.4142135623730951,1.0,1.0,1.0,1.0,,,
adult__linear__cemsp,detail,,0,adult__linear__cemsp__sample_seed_0,completed,adult,linear,cemsp,1,prediction_not_equal_desired_class,50,2201,50,23.0,5474.0,True,1.0,2.0,1.4142135381698608,3.0,1.0,3.0,1.0,2.8000000000000003,2.0,1.633777572401878,1.4142135623730951,2.4,2.0,1.5239955673874863,1.4142135623730951,,,
adult__linear__cemsp,detail,,0,adult__linear__cemsp__sample_seed_0,completed,adult,linear,cemsp,1,prediction_not_equal_desired_class,50,2201,50,24.0,16020.0,True,1.0,4.18367338180542,2.008416175842285,2.0,1.0,2.0,1.0,1.4503401360544217,1.4503401360544217,1.0511170507931291,1.0511170507931291,4.725170068027211,4.183673469387755,2.130164522307577,2.008416277407882,,,
adult__linear__cemsp,detail,,0,adult__linear__cemsp__sample_seed_0,completed,adult,linear,cemsp,1,prediction_not_equal_desired_class,50,2201,50,25.0,1575.0,True,1.0,2.0,1.4142135381698608,2.0,1.0,2.0,1.0,2.0,2.0,1.4142135623730951,1.4142135623730951,2.0,2.0,1.4142135623730951,1.4142135623730951,,,
adult__linear__cemsp,detail,,0,adult__linear__cemsp__sample_seed_0,completed,adult,linear,cemsp,1,prediction_not_equal_desired_class,50,2201,50,26.0,31962.0,True,1.0,1.0816326141357422,1.003326416015625,4.0,1.0,4.0,1.0,1.3988662131519274,0.3482993197278912,1.0351692843722378,0.2788816974219093,1.4241496598639456,1.0816326530612246,1.1226610960458403,1.0033264125128043,,,
adult__linear__cemsp,detail,,0,adult__linear__cemsp__sample_seed_0,completed,adult,linear,cemsp,1,prediction_not_equal_desired_class,50,2201,50,27.0,26429.0,False,0.0,,,0.0,0.0,,,,,,,,,,,,,
adult__linear__cemsp,detail,,0,adult__linear__cemsp__sample_seed_0,completed,adult,linear,cemsp,1,prediction_not_equal_desired_class,50,2201,50,28.0,14240.0,True,1.0,1.0,1.0,2.0,1.0,2.0,1.0,2.0,2.0,1.4142135623730951,1.4142135623730951,1.0,1.0,1.0,1.0,,,
adult__linear__cemsp,detail,,0,adult__linear__cemsp__sample_seed_0,completed,adult,linear,cemsp,1,prediction_not_equal_desired_class,50,2201,50,29.0,39566.0,True,1.0,5.199999809265137,2.2449944019317627,1.0,1.0,1.0,1.0,,,,,5.2,5.2,2.244994432064365,2.244994432064365,,,
adult__linear__cemsp,detail,,0,adult__linear__cemsp__sample_seed_0,completed,adult,linear,cemsp,1,prediction_not_equal_desired_class,50,2201,50,30.0,37832.0,True,1.0,4.0,2.0,2.0,1.0,2.0,1.0,1.1333333333333333,1.1333333333333333,1.008849730028104,1.008849730028104,3.5666666666666664,3.1333333333333333,1.8685876147196925,1.7371752294393843,,,
adult__linear__cemsp,detail,,0,adult__linear__cemsp__sample_seed_0,completed,adult,linear,cemsp,1,prediction_not_equal_desired_class,50,2201,50,31.0,17976.0,True,1.0,3.0,1.7320507764816284,1.0,1.0,1.0,1.0,,,,,3.0,3.0,1.7320508075688772,1.7320508075688772,,,
adult__linear__cemsp,detail,,0,adult__linear__cemsp__sample_seed_0,completed,adult,linear,cemsp,1,prediction_not_equal_desired_class,50,2201,50,32.0,2984.0,True,1.0,2.0,1.4142135381698608,1.0,1.0,1.0,1.0,,,,,2.0,2.0,1.4142135623730951,1.4142135623730951,,,
adult__linear__cemsp,detail,,0,adult__linear__cemsp__sample_seed_0,completed,adult,linear,cemsp,1,prediction_not_equal_desired_class,50,2201,50,33.0,44402.0,True,1.0,2.0,1.4142135381698608,2.0,1.0,2.0,1.0,1.4,1.4,1.077032961426901,1.077032961426901,1.7,1.4,1.245623261899998,1.077032961426901,,,
adult__linear__cemsp,detail,,0,adult__linear__cemsp__sample_seed_0,completed,adult,linear,cemsp,1,prediction_not_equal_desired_class,50,2201,50,34.0,6222.0,True,1.0,3.2666666507720947,1.752458572387695,1.0,1.0,1.0,1.0,,,,,3.2666666666666666,3.2666666666666666,1.7524585904126555,1.7524585904126555,,,
adult__linear__cemsp,detail,,0,adult__linear__cemsp__sample_seed_0,completed,adult,linear,cemsp,1,prediction_not_equal_desired_class,50,2201,50,35.0,78.0,True,1.0,3.081632614135742,1.7339733839035034,4.0,1.0,4.0,1.0,2.385260770975057,1.0816326530612246,1.4674214626714182,1.0033264125128043,3.90374149659864,3.0816326530612246,1.94234308998632,1.7339734398328637,,,
adult__linear__cemsp,detail,,0,adult__linear__cemsp__sample_seed_0,completed,adult,linear,cemsp,1,prediction_not_equal_desired_class,50,2201,50,36.0,42282.0,True,1.0,3.0,1.7320507764816284,1.0,1.0,1.0,1.0,,,,,3.0,3.0,1.7320508075688772,1.7320508075688772,,,
adult__linear__cemsp,detail,,0,adult__linear__cemsp__sample_seed_0,completed,adult,linear,cemsp,1,prediction_not_equal_desired_class,50,2201,50,37.0,10016.0,True,1.0,5.552381038665772,2.269965648651123,1.0,1.0,1.0,1.0,,,,,5.552380952380952,5.552380952380952,2.269965586561245,2.269965586561245,,,
adult__linear__cemsp,detail,,0,adult__linear__cemsp__sample_seed_0,completed,adult,linear,cemsp,1,prediction_not_equal_desired_class,50,2201,50,38.0,24352.0,True,1.0,4.0,2.0,1.0,1.0,1.0,1.0,,,,,4.0,4.0,2.0,2.0,,,
adult__linear__cemsp,detail,,0,adult__linear__cemsp__sample_seed_0,completed,adult,linear,cemsp,1,prediction_not_equal_desired_class,50,2201,50,39.0,2186.0,True,1.0,1.0,1.0,4.0,1.0,4.0,1.0,1.6486394557823127,1.2666666666666666,1.224765136714388,1.0349449797506682,0.8243197278911565,0.2666666666666667,0.8167837779287828,0.2666666666666667,,,
adult__linear__cemsp,detail,,0,adult__linear__cemsp__sample_seed_0,completed,adult,linear,cemsp,1,prediction_not_equal_desired_class,50,2201,50,40.0,4933.0,True,1.0,3.0,1.7320507764816284,5.0,1.0,5.0,1.0,2.72,2.0,1.5897054363749898,1.4142135623730951,3.3200000000000003,3.0,1.7802025005530058,1.7320508075688772,,,
adult__linear__cemsp,detail,,0,adult__linear__cemsp__sample_seed_0,completed,adult,linear,cemsp,1,prediction_not_equal_desired_class,50,2201,50,41.0,25532.0,True,1.0,4.0,2.0,1.0,1.0,1.0,1.0,,,,,4.0,4.0,2.0,2.0,,,
adult__linear__cemsp,detail,,0,adult__linear__cemsp__sample_seed_0,completed,adult,linear,cemsp,1,prediction_not_equal_desired_class,50,2201,50,42.0,831.0,True,1.0,3.0,1.7320507764816284,5.0,1.0,5.0,1.0,1.96,1.2666666666666666,1.3301551349320366,1.0349449797506682,2.706666666666666,2.2666666666666666,1.6148847017392705,1.4391355429948602,,,
adult__linear__cemsp,detail,,0,adult__linear__cemsp__sample_seed_0,completed,adult,linear,cemsp,1,prediction_not_equal_desired_class,50,2201,50,43.0,33536.0,True,1.0,2.0,1.4142135381698608,2.0,1.0,2.0,1.0,1.4666666666666668,1.4666666666666668,1.103529690483123,1.103529690483123,1.7333333333333334,1.4666666666666668,1.2588716264281092,1.103529690483123,,,
adult__linear__cemsp,detail,,0,adult__linear__cemsp__sample_seed_0,completed,adult,linear,cemsp,1,prediction_not_equal_desired_class,50,2201,50,44.0,11545.0,True,1.0,3.0,1.7320507764816284,2.0,1.0,2.0,1.0,1.2666666666666666,1.2666666666666666,1.0349449797506682,1.0349449797506682,2.6333333333333333,2.2666666666666666,1.5855931752818688,1.4391355429948602,,,
adult__linear__cemsp,detail,,0,adult__linear__cemsp__sample_seed_0,completed,adult,linear,cemsp,1,prediction_not_equal_desired_class,50,2201,50,45.0,41631.0,True,1.0,2.0,1.4142135381698608,3.0,1.0,3.0,1.0,2.088888888888889,1.1333333333333333,1.3871285292581608,1.008849730028104,2.3777777777777778,2.0,1.5222498067064911,1.4142135623730951,,,
adult__linear__cemsp,detail,,0,adult__linear__cemsp__sample_seed_0,completed,adult,linear,cemsp,1,prediction_not_equal_desired_class,50,2201,50,46.0,13298.0,True,1.0,1.0816326141357422,1.003326416015625,5.0,1.0,5.0,1.0,1.4089795918367347,0.3482993197278912,1.034563115257217,0.2788816974219093,1.3393197278911564,1.0816326530612246,1.0981512693800082,1.0033264125128043,,,
adult__linear__cemsp,detail,,0,adult__linear__cemsp__sample_seed_0,completed,adult,linear,cemsp,1,prediction_not_equal_desired_class,50,2201,50,47.0,25910.0,True,1.0,1.0,1.0,1.0,1.0,1.0,1.0,,,,,1.0,1.0,1.0,1.0,,,
adult__linear__cemsp,detail,,0,adult__linear__cemsp__sample_seed_0,completed,adult,linear,cemsp,1,prediction_not_equal_desired_class,50,2201,50,48.0,12837.0,True,1.0,1.3163264989852903,1.0488386154174805,5.0,1.0,5.0,1.0,2.096462585034013,1.2666666666666666,1.3479327277894704,1.0349449797506682,1.8431292517006803,1.316326530612245,1.2817265444760315,1.0488386310434887,,,
adult__linear__cemsp,detail,,0,adult__linear__cemsp__sample_seed_0,completed,adult,linear,cemsp,1,prediction_not_equal_desired_class,50,2201,50,49.0,40472.0,True,1.0,3.0,1.7320507764816284,4.0,1.0,4.0,1.0,3.1333333333333333,2.0,1.733488636398728,1.4142135623730951,4.2,3.0,2.004840623722141,1.7320508075688772,,,
adult__linear__cemsp,detail,,0,adult__linear__cemsp__sample_seed_0,completed,adult,linear,cemsp,1,prediction_not_equal_desired_class,50,2201,50,50.0,31357.0,True,1.0,2.0,1.4142135381698608,2.0,1.0,2.0,1.0,2.0,2.0,1.4142135623730951,1.4142135623730951,2.0,2.0,1.4142135623730951,1.4142135623730951,,,
adult__linear__cemsp,summary,seed,0,adult__linear__cemsp__sample_seed_0,completed,adult,linear,cemsp,1,prediction_not_equal_desired_class,50,2201,50,,,,0.98,2.373677624731648,1.4531122506881249,2.22,0.98,2.26530612244898,1.0,2.034606610320896,1.6886002886002884,1.3503027315240672,1.1991564923709277,2.4986045166365867,2.2788699153130643,1.4860349996123818,1.4031936703608865,49.0,,14.419883
compas_carla__linear__dice,detail,,0,compas_carla__linear__dice__sample_seed_0,completed,compas_carla,linear,dice,1,prediction_not_equal_desired_class,50,212,50,1.0,2121.0,True,1.0,3.383383274078369,1.7727502584457395,5.0,1.0,5.0,1.0,1.7879132017493249,0.6397709753364325,1.062275736912507,0.4465035584464737,1.6013167092914764,0.5837513221542423,1.0380013721529555,0.57627082703962,,,
compas_carla__linear__dice,detail,,0,compas_carla__linear__dice__sample_seed_0,completed,compas_carla,linear,dice,1,prediction_not_equal_desired_class,50,212,50,2.0,382.0,True,1.0,1.4335310459136963,1.087183117866516,5.0,1.0,5.0,1.0,0.8101454012095928,0.2366480268537998,0.5918967366669974,0.1354393872754709,1.2844317657857247,0.5572566733505281,0.9591590536090402,0.5309359382900332,,,
compas_carla__linear__dice,detail,,0,compas_carla__linear__dice__sample_seed_0,completed,compas_carla,linear,dice,1,prediction_not_equal_desired_class,50,212,50,3.0,3940.0,True,1.0,0.3544090390205383,0.237772136926651,5.0,1.0,5.0,1.0,1.5611515878932551,0.2483969880267977,0.9814187124190866,0.1593612382754933,1.2857685777501242,0.3544090162183934,0.8502672341248203,0.2377721373411658,,,
compas_carla__linear__dice,detail,,0,compas_carla__linear__dice__sample_seed_0,completed,compas_carla,linear,dice,1,prediction_not_equal_desired_class,50,212,50,4.0,1204.0,True,1.0,1.4569878578186035,1.046803593635559,5.0,1.0,5.0,1.0,1.461625986918807,0.1962329745292663,0.962522332471264,0.1185350206273342,1.777154561179792,0.711970948222195,1.1417419768080197,0.6317901047225226,,,
compas_carla__linear__dice,detail,,0,compas_carla__linear__dice__sample_seed_0,completed,compas_carla,linear,dice,1,prediction_not_equal_desired_class,50,212,50,5.0,2059.0,True,1.0,1.0620511770248413,0.8269020915031433,5.0,1.0,5.0,1.0,1.685373203153722,0.3215419960906729,0.9971568400814688,0.2166562591353453,1.394495355349651,0.5033951171381492,0.9721574883206624,0.469408446094267,,,
compas_carla__linear__dice,detail,,0,compas_carla__linear__dice__sample_seed_0,completed,compas_carla,linear,dice,1,prediction_not_equal_desired_class,50,212,50,6.0,1832.0,True,1.0,1.052428960800171,0.8245123624801636,5.0,1.0,5.0,1.0,1.3993775917217135,0.0507639991119504,0.9189849042444094,0.0312234724720633,1.2338875794252142,0.2755069816475495,0.9128244113622566,0.2362331379081588,,,
compas_carla__linear__dice,detail,,0,compas_carla__linear__dice__sample_seed_0,completed,compas_carla,linear,dice,1,prediction_not_equal_desired_class,50,212,50,7.0,4303.0,True,1.0,1.2534451484680176,1.0309218168258667,5.0,1.0,5.0,1.0,2.0899052015156485,0.4023210052400827,1.2528385595807872,0.3009996000695628,1.7924470138666635,0.5026327725649653,1.1541808687741877,0.4941187397963777,,,
compas_carla__linear__dice,detail,,0,compas_carla__linear__dice__sample_seed_0,completed,compas_carla,linear,dice,1,prediction_not_equal_desired_class,50,212,50,8.0,4789.0,True,1.0,3.170876979827881,1.7366598844528198,5.0,1.0,5.0,1.0,2.0283815931528806,0.50381298083812,1.182673065853774,0.3777278466646079,1.812650751811662,0.3345950226452046,1.0541902096342302,0.2785124415242686,,,
compas_carla__linear__dice,detail,,0,compas_carla__linear__dice__sample_seed_0,completed,compas_carla,linear,dice,1,prediction_not_equal_desired_class,50,212,50,9.0,3780.0,True,1.0,0.2722891867160797,0.2406035959720611,5.0,1.0,5.0,1.0,2.4371262054657565,0.2527160125318914,1.4148892206994486,0.2259472489314435,1.637832333826338,0.2722891834652989,1.037233783930776,0.2406035876490809,,,
compas_carla__linear__dice,detail,,0,compas_carla__linear__dice__sample_seed_0,completed,compas_carla,linear,dice,1,prediction_not_equal_desired_class,50,212,50,10.0,5153.0,True,1.0,2.102749347686768,1.4160367250442505,5.0,1.0,5.0,1.0,1.8986584041267636,0.2040200214833021,1.1431321578885152,0.1382528371761365,1.0214961073011883,0.2259655111135259,0.7045961953248631,0.1518942029075335,,,
compas_carla__linear__dice,detail,,0,compas_carla__linear__dice__sample_seed_0,completed,compas_carla,linear,dice,1,prediction_not_equal_desired_class,50,212,50,11.0,1265.0,True,1.0,1.1288156509399414,1.0057729482650757,5.0,1.0,5.0,1.0,2.414249800122343,0.1195859800791367,1.3705328638759504,0.0845749074558341,1.5572924964251371,0.2765246312845091,0.9792002025816152,0.259517301890099,,,
compas_carla__linear__dice,detail,,0,compas_carla__linear__dice__sample_seed_0,completed,compas_carla,linear,dice,1,prediction_not_equal_desired_class,50,212,50,12.0,4513.0,True,1.0,3.0394859313964844,1.7325009107589722,5.0,1.0,5.0,1.0,3.585737404227257,1.164677992463112,1.8235075698006,1.0134687174262855,2.3959451749538765,0.4576779886698111,1.418950280355595,0.4576779886698111,,,
compas_carla__linear__dice,detail,,0,compas_carla__linear__dice__sample_seed_0,completed,compas_carla,linear,dice,1,prediction_not_equal_desired_class,50,212,50,13.0,2438.0,True,1.0,0.664960503578186,0.492583692073822,5.0,1.0,5.0,1.0,3.149626597762108,0.6947820390341803,1.6246298868850215,0.4743278935637569,1.9413140680188885,0.4795284671508349,1.154593528444653,0.3764369354230511,,,
compas_carla__linear__dice,detail,,0,compas_carla__linear__dice__sample_seed_0,completed,compas_carla,linear,dice,1,prediction_not_equal_desired_class,50,212,50,14.0,5137.0,True,1.0,1.7107224464416504,1.201231837272644,5.0,1.0,5.0,1.0,1.7464061824604868,0.2341570034623146,1.115413433987515,0.1462675195177616,2.337938479364189,0.90657955007243,1.3645589203438615,0.7644477202432206,,,
compas_carla__linear__dice,detail,,0,compas_carla__linear__dice__sample_seed_0,completed,compas_carla,linear,dice,1,prediction_not_equal_desired_class,50,212,50,15.0,3145.0,True,1.0,3.135169506072998,1.7357656955718994,5.0,1.0,5.0,1.0,1.5575058054178954,0.1616589948534965,1.0065639106386517,0.1109397785466089,1.3290094792378333,0.3521642355783748,0.8967249598242223,0.3010438683468525,,,
compas_carla__linear__dice,detail,,0,compas_carla__linear__dice__sample_seed_0,completed,compas_carla,linear,dice,1,prediction_not_equal_desired_class,50,212,50,16.0,4409.0,True,1.0,0.4365046918392181,0.3105441927909851,5.0,1.0,5.0,1.0,1.6581984124321023,0.3500390024855733,1.043479728279396,0.2532605261113318,1.2748638267061732,0.4365046851979456,0.8892084981398478,0.3105442029704848,,,
compas_carla__linear__dice,detail,,0,compas_carla__linear__dice__sample_seed_0,completed,compas_carla,linear,dice,1,prediction_not_equal_desired_class,50,212,50,17.0,2028.0,True,1.0,1.114694595336914,1.005558967590332,5.0,1.0,5.0,1.0,2.484725601971149,0.3149939961731434,1.3874370684685378,0.2027520271846203,1.6343689345160244,0.3661195936941827,1.0154317447999175,0.273868559923946,,,
compas_carla__linear__dice,detail,,0,compas_carla__linear__dice__sample_seed_0,completed,compas_carla,linear,dice,1,prediction_not_equal_desired_class,50,212,50,18.0,3095.0,True,1.0,0.2943969368934631,0.2701680958271026,5.0,1.0,5.0,1.0,1.1926851886324583,0.1454379977658391,0.7625528720929593,0.1047417941731316,0.7458132949313689,0.2943969411679447,0.544366434175213,0.2411716776109561,,,
compas_carla__linear__dice,detail,,0,compas_carla__linear__dice__sample_seed_0,completed,compas_carla,linear,dice,1,prediction_not_equal_desired_class,50,212,50,19.0,797.0,True,1.0,0.394945353269577,0.3274477422237396,5.0,1.0,5.0,1.0,0.852987590059638,0.3137160371989012,0.6609916266769957,0.1809120562134723,0.9898245352644034,0.3949453352789888,0.7418435634543175,0.2680685933560803,,,
compas_carla__linear__dice,detail,,0,compas_carla__linear__dice__sample_seed_0,completed,compas_carla,linear,dice,1,prediction_not_equal_desired_class,50,212,50,20.0,3527.0,True,1.0,1.15408194065094,1.0058990716934204,5.0,1.0,5.0,1.0,2.4402512053027747,0.6057299878448248,1.3929807945096686,0.3821774567026473,1.4524678656581065,0.2788728724985148,0.9381104801197132,0.2012403802243545,,,
compas_carla__linear__dice,detail,,0,compas_carla__linear__dice__sample_seed_0,completed,compas_carla,linear,dice,1,prediction_not_equal_desired_class,50,212,50,21.0,3571.0,True,1.0,1.2393505573272705,1.025222897529602,5.0,1.0,5.0,1.0,1.7035508000815751,0.4642049914400559,1.02114011078165,0.3269627091491415,1.3425050194935584,0.4318580831471685,0.9451598822674606,0.3895203422111273,,,
compas_carla__linear__dice,detail,,0,compas_carla__linear__dice__sample_seed_0,completed,compas_carla,linear,dice,1,prediction_not_equal_desired_class,50,212,50,22.0,4695.0,True,1.0,0.4343087077140808,0.4300011396408081,5.0,1.0,5.0,1.0,0.2763035994023085,0.0518699800595641,0.2013761805189662,0.043774461680616,0.3049535892674053,0.2173461670375224,0.2632345049055532,0.1625146441533149,,,
compas_carla__linear__dice,detail,,0,compas_carla__linear__dice__sample_seed_0,completed,compas_carla,linear,dice,1,prediction_not_equal_desired_class,50,212,50,23.0,5773.0,True,1.0,1.3396718502044678,1.04892098903656,5.0,1.0,5.0,1.0,1.6443102141376584,0.3028600383549928,0.994885066559774,0.1860411667954579,1.5317188498308598,0.5817788325976982,1.0285738201391392,0.440268574962861,,,
compas_carla__linear__dice,detail,,0,compas_carla__linear__dice__sample_seed_0,completed,compas_carla,linear,dice,1,prediction_not_equal_desired_class,50,212,50,24.0,2427.0,True,1.0,1.2147064208984375,1.0169469118118286,5.0,1.0,5.0,1.0,0.7384015994612128,0.259523999528028,0.5494829945410532,0.2079869686307058,0.9661491673636828,0.3494043860213476,0.7429541960592626,0.2903717672041255,,,
compas_carla__linear__dice,detail,,0,compas_carla__linear__dice__sample_seed_0,completed,compas_carla,linear,dice,1,prediction_not_equal_desired_class,50,212,50,25.0,4496.0,True,1.0,0.6573635935783386,0.4705554842948913,5.0,1.0,5.0,1.0,1.4555128037929534,0.2698609523940831,0.9340416099908736,0.2377349325741815,1.6728669668108445,0.6573635808292992,1.0853310095544235,0.470555493349712,,,
compas_carla__linear__dice,detail,,0,compas_carla__linear__dice__sample_seed_0,completed,compas_carla,linear,dice,1,prediction_not_equal_desired_class,50,212,50,26.0,5273.0,True,1.0,1.3537943363189695,1.029682159423828,5.0,1.0,5.0,1.0,1.4582244157791138,0.3077470138669014,0.8690142723216878,0.225761814295769,1.647731885373713,0.927416409823576,1.0764191937890877,0.607310745087313,,,
compas_carla__linear__dice,detail,,0,compas_carla__linear__dice__sample_seed_0,completed,compas_carla,linear,dice,1,prediction_not_equal_desired_class,50,212,50,27.0,1494.0,True,1.0,0.3585961759090423,0.3410774767398834,5.0,1.0,5.0,1.0,0.9318634049966932,0.3478569919243455,0.6106394152363249,0.2518859419679311,1.1068662622574208,0.3585961908015062,0.7972685690324589,0.3410775037981079,,,
compas_carla__linear__dice,detail,,0,compas_carla__linear__dice__sample_seed_0,completed,compas_carla,linear,dice,1,prediction_not_equal_desired_class,50,212,50,28.0,5023.0,True,1.0,1.4069923162460327,1.0395673513412476,5.0,1.0,5.0,1.0,0.8126203864812851,0.1585670262575149,0.6215417681441211,0.1018957627806999,1.1678313651746903,0.578166414872918,0.8661143178645114,0.5490091260452179,,,
compas_carla__linear__dice,detail,,0,compas_carla__linear__dice__sample_seed_0,completed,compas_carla,linear,dice,1,prediction_not_equal_desired_class,50,212,50,29.0,6086.0,True,1.0,2.2920584678649902,1.4329415559768677,5.0,1.0,5.0,1.0,2.8450684032985007,0.89298300788505,1.5343605054288014,0.7058803107754206,1.9901719302731655,0.3989882985656193,1.2223889080727393,0.3609528404132751,,,
compas_carla__linear__dice,detail,,0,compas_carla__linear__dice__sample_seed_0,completed,compas_carla,linear,dice,1,prediction_not_equal_desired_class,50,212,50,30.0,1504.0,True,1.0,0.3108316957950592,0.3020465672016144,5.0,1.0,5.0,1.0,1.1509511935873888,0.1590600171475671,0.7487659501367236,0.1368020816552424,0.7384235211775887,0.310831682571372,0.5376383198427924,0.2282144475664923,,,
compas_carla__linear__dice,detail,,0,compas_carla__linear__dice__sample_seed_0,completed,compas_carla,linear,dice,1,prediction_not_equal_desired_class,50,212,50,31.0,5039.0,True,1.0,0.4081624150276184,0.2878069281578064,5.0,1.0,5.0,1.0,1.0853230200707913,0.0995570109225809,0.7080337358197666,0.0639528126888154,0.760259689466035,0.32880960296201,0.5245485064860469,0.2711803656860395,,,
compas_carla__linear__dice,detail,,0,compas_carla__linear__dice__sample_seed_0,completed,compas_carla,linear,dice,1,prediction_not_equal_desired_class,50,212,50,32.0,3640.0,True,1.0,1.1475988626480105,1.0054302215576172,5.0,1.0,5.0,1.0,1.7253740008571186,0.1193309921654872,1.0290884317279083,0.0833951366913452,1.3791717643219013,0.6820166328963642,0.9161145765813896,0.4136974643924481,,,
compas_carla__linear__dice,detail,,0,compas_carla__linear__dice__sample_seed_0,completed,compas_carla,linear,dice,1,prediction_not_equal_desired_class,50,212,50,33.0,277.0,True,1.0,1.2088137865066528,1.0181424617767334,5.0,1.0,5.0,1.0,1.70243858267786,0.3021450042724609,1.0153368051560518,0.177113383509191,1.262195264663661,0.4691238129586384,0.9597804781938676,0.4547315583687037,,,
compas_carla__linear__dice,detail,,0,compas_carla__linear__dice__sample_seed_0,completed,compas_carla,linear,dice,1,prediction_not_equal_desired_class,50,212,50,34.0,4611.0,True,1.0,1.423087239265442,1.0546257495880127,5.0,1.0,5.0,1.0,0.6602973882108927,0.2536499910056591,0.4501981984946894,0.1836148336830584,1.3189184365733433,1.0275972477509547,0.9293467134014988,0.6795924287412133,,,
compas_carla__linear__dice,detail,,0,compas_carla__linear__dice__sample_seed_0,completed,compas_carla,linear,dice,1,prediction_not_equal_desired_class,50,212,50,35.0,5184.0,True,1.0,3.047386646270752,1.7323787212371826,5.0,1.0,5.0,1.0,3.193378992751241,1.2150509941857308,1.6997677674163234,1.018883082933474,1.9696299991166288,0.3378067056987405,1.2469138498536765,0.3258167430377768,,,
compas_carla__linear__dice,detail,,0,compas_carla__linear__dice__sample_seed_0,completed,compas_carla,linear,dice,1,prediction_not_equal_desired_class,50,212,50,36.0,2490.0,True,1.0,0.2103008031845092,0.1820452958345413,5.0,1.0,5.0,1.0,0.3034145999699831,0.0873340014368295,0.2149063269758941,0.0587888887390171,0.2343476449427937,0.1771067507611273,0.2055939494203248,0.1399255465287815,,,
compas_carla__linear__dice,detail,,0,compas_carla__linear__dice__sample_seed_0,completed,compas_carla,linear,dice,1,prediction_not_equal_desired_class,50,212,50,37.0,3785.0,True,1.0,3.022380352020264,1.5787657499313354,5.0,1.0,5.0,1.0,1.7189741902053357,0.1662840023636818,1.0336741424342202,0.1056057401157737,1.5982621724137498,0.5674051575364694,1.0728446787904409,0.5455480284296282,,,
compas_carla__linear__dice,detail,,0,compas_carla__linear__dice__sample_seed_0,completed,compas_carla,linear,dice,1,prediction_not_equal_desired_class,50,212,50,38.0,5526.0,True,1.0,1.1585477590560913,1.0107290744781494,5.0,1.0,5.0,1.0,1.6989691849797963,0.2951199751696549,1.0758943075876646,0.2088367942267227,1.1487029383796803,0.2388631946472866,0.8286070126268875,0.2177339221049753,,,
compas_carla__linear__dice,detail,,0,compas_carla__linear__dice__sample_seed_0,completed,compas_carla,linear,dice,1,prediction_not_equal_desired_class,50,212,50,39.0,2890.0,True,1.0,0.8006580471992493,0.5521107912063599,5.0,1.0,5.0,1.0,1.6192355995066463,0.1233109920285642,1.014689351002374,0.0904498836855153,1.418986288415522,0.3417701810268577,0.9423578956838468,0.327623686398543,,,
compas_carla__linear__dice,detail,,0,compas_carla__linear__dice__sample_seed_0,completed,compas_carla,linear,dice,1,prediction_not_equal_desired_class,50,212,50,40.0,4715.0,True,1.0,3.319465398788452,1.7485737800598145,5.0,1.0,5.0,1.0,1.923254406824708,0.135299053043127,1.0865852539205112,0.117829037376256,2.2777216316349955,0.9696774517633172,1.2992958064878493,0.6210079452169218,,,
compas_carla__linear__dice,detail,,0,compas_carla__linear__dice__sample_seed_0,completed,compas_carla,linear,dice,1,prediction_not_equal_desired_class,50,212,50,41.0,2405.0,True,1.0,1.1918437480926514,1.0121926069259644,5.0,1.0,5.0,1.0,2.0731239944521804,0.3537980059918482,1.222655455915668,0.2527325090360885,1.7799873335486158,0.6313917073295747,1.13869972143959,0.4561345461714315,,,
compas_carla__linear__dice,detail,,0,compas_carla__linear__dice__sample_seed_0,completed,compas_carla,linear,dice,1,prediction_not_equal_desired_class,50,212,50,42.0,6152.0,True,1.0,1.2238329648971558,1.021864652633667,5.0,1.0,5.0,1.0,1.5013439934700727,0.207198997028172,0.9553694868363856,0.1415942222801675,1.3446482878221897,0.3665238693176533,0.9490318255453208,0.346720906131872,,,
compas_carla__linear__dice,detail,,0,compas_carla__linear__dice__sample_seed_0,completed,compas_carla,linear,dice,1,prediction_not_equal_desired_class,50,212,50,43.0,1197.0,True,1.0,1.156779646873474,1.0068317651748655,5.0,1.0,5.0,1.0,0.8509643941186369,0.3458400126546621,0.6620249157733149,0.203395684853171,0.8264016923513642,0.4063682657662231,0.6382336517040782,0.270433908533529,,,
compas_carla__linear__dice,detail,,0,compas_carla__linear__dice__sample_seed_0,completed,compas_carla,linear,dice,1,prediction_not_equal_desired_class,50,212,50,44.0,4342.0,True,1.0,0.5056146383285522,0.4873276650905609,5.0,1.0,5.0,1.0,3.0071592062711714,1.2220540344715118,1.5993889921346314,0.9693450264615204,2.2176842575834987,0.5056146384894284,1.30407309988803,0.4873276537408338,,,
compas_carla__linear__dice,detail,,0,compas_carla__linear__dice__sample_seed_0,completed,compas_carla,linear,dice,1,prediction_not_equal_desired_class,50,212,50,45.0,1320.0,True,1.0,1.2135745286941528,1.0207234621047974,5.0,1.0,5.0,1.0,2.057673014665488,0.3033629963756539,1.2433478067477246,0.2030230331851317,1.7119156960232942,0.3916455579670674,1.1230159693646746,0.389103073747943,,,
compas_carla__linear__dice,detail,,0,compas_carla__linear__dice__sample_seed_0,completed,compas_carla,linear,dice,1,prediction_not_equal_desired_class,50,212,50,46.0,1378.0,True,1.0,1.2329868078231812,1.015405297279358,5.0,1.0,5.0,1.0,1.5979133998975157,0.2408340256661176,1.029070423896428,0.1488174404218479,1.3665085720725647,0.4942927558951371,0.8991949993080212,0.3674471446691031,,,
compas_carla__linear__dice,detail,,0,compas_carla__linear__dice__sample_seed_0,completed,compas_carla,linear,dice,1,prediction_not_equal_desired_class,50,212,50,47.0,5907.0,True,1.0,1.1007819175720217,1.0040594339370728,5.0,1.0,5.0,1.0,0.820235588029027,0.1211880091577768,0.626795210711707,0.1026009061606936,0.7301425393948309,0.3011830696612396,0.6013276339957838,0.1849714638778764,,,
compas_carla__linear__dice,detail,,0,compas_carla__linear__dice__sample_seed_0,completed,compas_carla,linear,dice,1,prediction_not_equal_desired_class,50,212,50,48.0,1518.0,True,1.0,2.385870933532715,1.4497216939926147,5.0,1.0,5.0,1.0,2.1310755976475777,0.4114640140905976,1.2862335984169009,0.2925761720394298,1.7762565758266309,0.5273717966411821,1.15226970518185,0.4903064305334079,,,
compas_carla__linear__dice,detail,,0,compas_carla__linear__dice__sample_seed_0,completed,compas_carla,linear,dice,1,prediction_not_equal_desired_class,50,212,50,49.0,3404.0,True,1.0,3.0238797664642334,1.670668363571167,5.0,1.0,5.0,1.0,1.5087533973157403,0.0992990098893642,1.0062535730570017,0.0623372548264047,1.248628710621822,0.3582951676551951,0.8572708181241664,0.2732415458245299,,,
compas_carla__linear__dice,detail,,0,compas_carla__linear__dice__sample_seed_0,completed,compas_carla,linear,dice,1,prediction_not_equal_desired_class,50,212,50,50.0,1330.0,True,1.0,0.4032343924045563,0.2319547086954116,5.0,1.0,5.0,1.0,1.6091062111780048,0.2417930224910378,1.0322664165196764,0.169654349798104,1.1859896198538222,0.4032343713983933,0.8267923143232657,0.2319547111111548,,,
compas_carla__linear__dice,summary,seed,0,compas_carla__linear__dice__sample_seed_0,completed,compas_carla,linear,dice,1,prediction_not_equal_desired_class,50,212,50,,,,1.0,1.3681680870056152,0.9507187938690186,5.0,1.0,5.0,1.0,1.680936954988283,0.3343890434934292,1.0154541219247677,0.2436668297797255,1.410517931654274,0.4580586966700896,0.934954742684176,0.3727170269994028,50.0,,345.942252
compas_carla__linear__cols,detail,,0,compas_carla__linear__cols__sample_seed_0,completed,compas_carla,linear,cols,1,prediction_not_equal_desired_class,50,212,50,1.0,2121.0,True,1.0,0.4165063798427582,0.4103039801120758,5.0,1.0,5.0,1.0,3.2091460863697705,0.8638748313090419,1.652205229727136,0.6070320327722423,2.0650762483130904,0.4165064102564102,1.1784096787244394,0.4103040149163495,,,
compas_carla__linear__cols,detail,,0,compas_carla__linear__cols__sample_seed_0,completed,compas_carla,linear,cols,1,prediction_not_equal_desired_class,50,212,50,2.0,382.0,True,1.0,0.4230769574642181,0.4230769574642181,5.0,1.0,5.0,1.0,1.258974358974359,0.0128205128205127,0.8669751311218764,0.0128205128205127,1.2641025641025645,0.423076923076923,0.8627907497378233,0.423076923076923,,,
compas_carla__linear__cols,detail,,0,compas_carla__linear__cols__sample_seed_0,completed,compas_carla,linear,cols,1,prediction_not_equal_desired_class,50,212,50,3.0,3940.0,True,1.0,0.128205120563507,0.128205120563507,5.0,1.0,5.0,1.0,1.7410256410256408,0.0384615384615384,1.1018156661104903,0.0384615384615384,0.9615384615384616,0.1282051282051282,0.6976610032984757,0.1282051282051282,,,
compas_carla__linear__cols,detail,,0,compas_carla__linear__cols__sample_seed_0,completed,compas_carla,linear,cols,1,prediction_not_equal_desired_class,50,212,50,4.0,1204.0,True,1.0,0.474551260471344,0.3414808511734009,5.0,1.0,5.0,1.0,1.7435128205128203,0.1087820512820513,1.1009675600466882,0.0770460822086038,1.339974358974359,0.474551282051282,0.8514731707679483,0.3414808570136426,,,
compas_carla__linear__cols,detail,,0,compas_carla__linear__cols__sample_seed_0,completed,compas_carla,linear,cols,1,prediction_not_equal_desired_class,50,212,50,5.0,2059.0,True,1.0,0.2564102411270141,0.2564102411270141,5.0,1.0,5.0,1.0,0.9958589743589744,0.0512820512820512,0.6988932763632313,0.0512820512820512,0.7722884615384615,0.2564102564102564,0.5985716482476189,0.2564102564102564,,,
compas_carla__linear__cols,detail,,0,compas_carla__linear__cols__sample_seed_0,completed,compas_carla,linear,cols,1,prediction_not_equal_desired_class,50,212,50,6.0,1832.0,True,1.0,0.1538461595773697,0.1538461595773697,5.0,1.0,5.0,1.0,3.497435897435898,1.1666666666666667,1.8129216572077056,1.0137937550497031,2.264102564102564,0.1538461538461538,1.3547998401544747,0.1538461538461538,,,
compas_carla__linear__cols,detail,,0,compas_carla__linear__cols__sample_seed_0,completed,compas_carla,linear,cols,1,prediction_not_equal_desired_class,50,212,50,7.0,4303.0,True,1.0,0.4230769276618957,0.4230769276618957,5.0,1.0,5.0,1.0,2.82834008097166,0.7887989203778678,1.5520999155336246,0.5878354917825873,2.51417004048583,0.423076923076923,1.4103125837984298,0.423076923076923,,,
compas_carla__linear__cols,detail,,0,compas_carla__linear__cols__sample_seed_0,completed,compas_carla,linear,cols,1,prediction_not_equal_desired_class,50,212,50,8.0,4789.0,True,1.0,0.1775961369276046,0.155668556690216,5.0,1.0,5.0,1.0,2.083666666666667,0.01625,1.2699111360273716,0.01625,1.8321794871794872,0.1775961538461538,1.0391936926751475,0.1556685631502213,,,
compas_carla__linear__cols,detail,,0,compas_carla__linear__cols__sample_seed_0,completed,compas_carla,linear,cols,1,prediction_not_equal_desired_class,50,212,50,9.0,3780.0,True,1.0,0.1282051354646682,0.1282051354646682,5.0,1.0,5.0,1.0,2.3278515519568157,0.427800269905533,1.3683321226983112,0.3054005258470541,1.258932523616734,0.1282051282051282,0.8880189823269171,0.1282051282051282,,,
compas_carla__linear__cols,detail,,0,compas_carla__linear__cols__sample_seed_0,completed,compas_carla,linear,cols,1,prediction_not_equal_desired_class,50,212,50,10.0,5153.0,True,1.0,0.0384615361690521,0.0384615361690521,5.0,1.0,5.0,1.0,3.0769230769230766,1.1025641025641026,1.6937383189156054,1.0052459376365466,1.892307692307692,0.0384615384615384,1.1876270765361128,0.0384615384615384,,,
compas_carla__linear__cols,detail,,0,compas_carla__linear__cols__sample_seed_0,completed,compas_carla,linear,cols,1,prediction_not_equal_desired_class,50,212,50,11.0,1265.0,True,1.0,0.1025641113519668,0.1025641113519668,5.0,1.0,5.0,1.0,2.212820512820513,0.064102564102564,1.309846257719741,0.064102564102564,1.476923076923077,0.1025641025641025,0.9875698253665132,0.1025641025641025,,,
compas_carla__linear__cols,detail,,0,compas_carla__linear__cols__sample_seed_0,completed,compas_carla,linear,cols,1,prediction_not_equal_desired_class,50,212,50,12.0,4513.0,True,1.0,0.1025641113519668,0.1025641113519668,5.0,1.0,5.0,1.0,3.475538461538461,1.1375641025641026,1.784630598148798,1.0058550567227764,2.048025641025641,0.1025641025641025,1.2506310150508235,0.1025641025641025,,,
compas_carla__linear__cols,detail,,0,compas_carla__linear__cols__sample_seed_0,completed,compas_carla,linear,cols,1,prediction_not_equal_desired_class,50,212,50,13.0,2438.0,True,1.0,0.0769230723381042,0.0769230723381042,5.0,1.0,5.0,1.0,1.7615384615384615,0.0384615384615384,1.0771140923340516,0.0384615384615384,1.5743589743589743,0.0769230769230769,1.0854029603722322,0.0769230769230769,,,
compas_carla__linear__cols,detail,,0,compas_carla__linear__cols__sample_seed_0,completed,compas_carla,linear,cols,1,prediction_not_equal_desired_class,50,212,50,14.0,5137.0,True,1.0,0.6959936618804932,0.6128564476966858,5.0,1.0,5.0,1.0,1.7932948717948718,0.0922115384615384,1.1233757597114424,0.066093512849813,1.6390897435897436,0.6959935897435898,1.021839699851301,0.6128564060202568,,,
compas_carla__linear__cols,detail,,0,compas_carla__linear__cols__sample_seed_0,completed,compas_carla,linear,cols,1,prediction_not_equal_desired_class,50,212,50,15.0,3145.0,True,1.0,0.1585256606340408,0.1421073079109192,5.0,1.0,5.0,1.0,2.693424089068826,0.1085931174089069,1.4720647337789292,0.0674953557166823,1.5799527665317137,0.1585256410256409,0.9456019878091102,0.1421072884362127,,,
compas_carla__linear__cols,detail,,0,compas_carla__linear__cols__sample_seed_0,completed,compas_carla,linear,cols,1,prediction_not_equal_desired_class,50,212,50,16.0,4409.0,True,1.0,0.1282051354646682,0.1282051354646682,5.0,1.0,5.0,1.0,1.458974358974359,0.0512820512820512,1.0147823876173674,0.0512820512820512,0.8282051282051281,0.1282051282051282,0.6664949120089438,0.1282051282051282,,,
compas_carla__linear__cols,detail,,0,compas_carla__linear__cols__sample_seed_0,completed,compas_carla,linear,cols,1,prediction_not_equal_desired_class,50,212,50,17.0,2028.0,True,1.0,0.1153846159577369,0.1153846159577369,5.0,1.0,5.0,1.0,2.112820512820513,0.4743589743589743,1.333602329935276,0.4743589743589743,1.4179487179487178,0.1153846153846153,0.9805520930510728,0.1153846153846153,,,
compas_carla__linear__cols,detail,,0,compas_carla__linear__cols__sample_seed_0,completed,compas_carla,linear,cols,1,prediction_not_equal_desired_class,50,212,50,18.0,3095.0,True,1.0,0.2840755581855774,0.2197959721088409,5.0,1.0,5.0,1.0,1.7002611336032392,0.0087499999999999,1.015542080002706,0.0087499999999999,1.1995907557354926,0.2840755735492577,0.7677443746103305,0.2197959679332821,,,
compas_carla__linear__cols,detail,,0,compas_carla__linear__cols__sample_seed_0,completed,compas_carla,linear,cols,1,prediction_not_equal_desired_class,50,212,50,19.0,797.0,True,1.0,0.1538461744785308,0.1538461744785308,5.0,1.0,5.0,1.0,1.4253205128205129,0.0256410256410256,0.9272354346666551,0.0256410256410256,1.236852564102564,0.1538461538461538,0.8008578487246643,0.1538461538461538,,,
compas_carla__linear__cols,detail,,0,compas_carla__linear__cols__sample_seed_0,completed,compas_carla,linear,cols,1,prediction_not_equal_desired_class,50,212,50,20.0,3527.0,True,1.0,0.0769230723381042,0.0769230723381042,5.0,1.0,5.0,1.0,0.9889871794871794,0.0493910256410256,0.688428925956073,0.0349503175368083,0.609878205128205,0.0769230769230769,0.4731613597033351,0.0769230769230769,,,
compas_carla__linear__cols,detail,,0,compas_carla__linear__cols__sample_seed_0,completed,compas_carla,linear,cols,1,prediction_not_equal_desired_class,50,212,50,21.0,3571.0,True,1.0,0.1923076957464218,0.1923076957464218,5.0,1.0,5.0,1.0,2.072166666666667,0.0128205128205128,1.2571242132703593,0.0128205128205128,1.4565961538461538,0.1923076923076923,0.9458740368576454,0.1923076923076923,,,
compas_carla__linear__cols,detail,,0,compas_carla__linear__cols__sample_seed_0,completed,compas_carla,linear,cols,1,prediction_not_equal_desired_class,50,212,50,22.0,4695.0,True,1.0,0.1025641039013862,0.1025641039013862,5.0,1.0,5.0,1.0,0.2059807692307692,0.0837820512820512,0.1789145901328156,0.0607132504787458,0.2730897435897436,0.1025641025641025,0.2471528495351673,0.1025641025641025,,,
compas_carla__linear__cols,detail,,0,compas_carla__linear__cols__sample_seed_0,completed,compas_carla,linear,cols,1,prediction_not_equal_desired_class,50,212,50,23.0,5773.0,True,1.0,0.2948718070983886,0.2948718070983886,5.0,1.0,5.0,1.0,2.4589743589743587,0.0128205128205128,1.382066344561779,0.0128205128205128,1.91025641025641,0.2948717948717949,1.2186134154579191,0.2948717948717949,,,
compas_carla__linear__cols,detail,,0,compas_carla__linear__cols__sample_seed_0,completed,compas_carla,linear,cols,1,prediction_not_equal_desired_class,50,212,50,24.0,2427.0,True,1.0,0.1923076957464218,0.1923076957464218,5.0,1.0,5.0,1.0,1.2717948717948715,0.0256410256410256,0.880643674098167,0.0256410256410256,1.3871794871794871,0.1923076923076923,0.9422153289725412,0.1923076923076923,,,
compas_carla__linear__cols,detail,,0,compas_carla__linear__cols__sample_seed_0,completed,compas_carla,linear,cols,1,prediction_not_equal_desired_class,50,212,50,25.0,4496.0,True,1.0,0.3333333432674408,0.3333333432674408,5.0,1.0,4.0,0.8,1.936437246963563,0.0,1.1538587551795858,0.0,1.2390013495276655,0.3333333333333333,0.8086966543854691,0.3333333333333333,,,
compas_carla__linear__cols,detail,,0,compas_carla__linear__cols__sample_seed_0,completed,compas_carla,linear,cols,1,prediction_not_equal_desired_class,50,212,50,26.0,5273.0,True,1.0,0.289473682641983,0.289473682641983,5.0,0.6,3.0,1.0,2.771929824561404,2.1578947368421053,1.6153337427786507,1.4230006141679763,1.7280701754385968,0.2894736842105263,1.085348819020488,0.2894736842105263,,,
compas_carla__linear__cols,detail,,0,compas_carla__linear__cols__sample_seed_0,completed,compas_carla,linear,cols,1,prediction_not_equal_desired_class,50,212,50,27.0,1494.0,True,1.0,0.2179487198591232,0.2179487198591232,5.0,1.0,5.0,1.0,1.3512820512820514,0.0128205128205128,0.9120121853385482,0.0128205128205128,1.5205128205128204,0.2179487179487179,0.971745298311489,0.2179487179487179,,,
compas_carla__linear__cols,detail,,0,compas_carla__linear__cols__sample_seed_0,completed,compas_carla,linear,cols,1,prediction_not_equal_desired_class,50,212,50,28.0,5023.0,True,1.0,0.385290116071701,0.3599376082420349,5.0,1.0,5.0,1.0,1.368960863697706,0.0263157894736841,0.91439204601548,0.0263157894736841,1.219298245614035,0.3852901484480431,0.821533875028126,0.3476821729920216,,,
compas_carla__linear__cols,detail,,0,compas_carla__linear__cols__sample_seed_0,completed,compas_carla,linear,cols,1,prediction_not_equal_desired_class,50,212,50,29.0,6086.0,True,1.0,0.1025641113519668,0.1025641113519668,5.0,1.0,5.0,1.0,2.4871794871794872,0.0128205128205128,1.440697473428744,0.0128205128205128,1.515384615384615,0.1025641025641025,0.9602231101873194,0.1025641025641025,,,
compas_carla__linear__cols,detail,,0,compas_carla__linear__cols__sample_seed_0,completed,compas_carla,linear,cols,1,prediction_not_equal_desired_class,50,212,50,30.0,1504.0,True,1.0,0.2179487347602844,0.2179487347602844,5.0,1.0,5.0,1.0,1.7027179487179485,0.0128205128205128,1.084736448240767,0.0128205128205128,1.0885384615384617,0.2179487179487179,0.7351454668413478,0.2179487179487179,,,
compas_carla__linear__cols,detail,,0,compas_carla__linear__cols__sample_seed_0,completed,compas_carla,linear,cols,1,prediction_not_equal_desired_class,50,212,50,31.0,5039.0,True,1.0,0.1666666567325592,0.1666666567325592,5.0,1.0,5.0,1.0,2.7470985155195686,0.5614035087719298,1.5202827020922558,0.4284798155024496,1.5086369770580297,0.1666666666666666,0.9850345278172222,0.1666666666666666,,,
compas_carla__linear__cols,detail,,0,compas_carla__linear__cols__sample_seed_0,completed,compas_carla,linear,cols,1,prediction_not_equal_desired_class,50,212,50,32.0,3640.0,True,1.0,0.1025640964508056,0.1025640964508056,5.0,1.0,5.0,1.0,1.3051282051282052,0.064102564102564,0.9325717907966986,0.064102564102564,0.8282051282051283,0.1025641025641025,0.6073196438175568,0.1025641025641025,,,
compas_carla__linear__cols,detail,,0,compas_carla__linear__cols__sample_seed_0,completed,compas_carla,linear,cols,1,prediction_not_equal_desired_class,50,212,50,33.0,277.0,True,1.0,0.2179487198591232,0.2179487198591232,5.0,1.0,5.0,1.0,2.36774628879892,0.3717948717948718,1.341177927203094,0.3133237357185117,1.6331983805668011,0.2179487179487179,1.02600461003953,0.2179487179487179,,,
compas_carla__linear__cols,detail,,0,compas_carla__linear__cols__sample_seed_0,completed,compas_carla,linear,cols,1,prediction_not_equal_desired_class,50,212,50,34.0,4611.0,True,1.0,0.4929538071155548,0.4178003072738647,5.0,1.0,5.0,1.0,2.960963562753036,0.5787044534412956,1.544492261076233,0.395828524680836,2.5223714574898786,0.4929537786774629,1.2344510135195867,0.3948244748604798,,,
compas_carla__linear__cols,detail,,0,compas_carla__linear__cols__sample_seed_0,completed,compas_carla,linear,cols,1,prediction_not_equal_desired_class,50,212,50,35.0,5184.0,True,1.0,0.0641025677323341,0.0641025677323341,5.0,1.0,5.0,1.0,2.335897435897436,0.2948717948717949,1.3867020194788855,0.2948717948717949,1.4743589743589742,0.0641025641025641,1.023050707707105,0.0641025641025641,,,
compas_carla__linear__cols,detail,,0,compas_carla__linear__cols__sample_seed_0,completed,compas_carla,linear,cols,1,prediction_not_equal_desired_class,50,212,50,36.0,2490.0,True,1.0,0.0384615510702133,0.0384615510702133,5.0,1.0,5.0,1.0,2.962679487179487,0.4066987179487179,1.5866130268362586,0.2883196249919346,1.773647435897436,0.0384615384615384,1.0401966267748144,0.0384615384615384,,,
compas_carla__linear__cols,detail,,0,compas_carla__linear__cols__sample_seed_0,completed,compas_carla,linear,cols,1,prediction_not_equal_desired_class,50,212,50,37.0,3785.0,True,1.0,0.3461538553237915,0.3461538553237915,5.0,1.0,5.0,1.0,3.861538461538461,1.1025641025641026,1.8877908924524816,1.0052459376365466,3.407692307692308,0.3461538461538462,1.6305277275009993,0.3461538461538462,,,
compas_carla__linear__cols,detail,,0,compas_carla__linear__cols__sample_seed_0,completed,compas_carla,linear,cols,1,prediction_not_equal_desired_class,50,212,50,38.0,5526.0,True,1.0,0.1923076808452606,0.1923076808452606,5.0,1.0,5.0,1.0,2.976923076923077,1.3461538461538465,1.652794880457142,1.0582166532459696,2.3076923076923075,0.1923076923076923,1.3589066159998977,0.1923076923076923,,,
compas_carla__linear__cols,detail,,0,compas_carla__linear__cols__sample_seed_0,completed,compas_carla,linear,cols,1,prediction_not_equal_desired_class,50,212,50,39.0,2890.0,True,1.0,0.217948704957962,0.217948704957962,5.0,1.0,5.0,1.0,2.4932523616734144,0.675438596491228,1.4453300337939148,0.4776474873705958,1.6197031039136305,0.2179487179487179,1.014526661993171,0.2179487179487179,,,
compas_carla__linear__cols,detail,,0,compas_carla__linear__cols__sample_seed_0,completed,compas_carla,linear,cols,1,prediction_not_equal_desired_class,50,212,50,40.0,4715.0,True,1.0,0.5526316165924072,0.5526316165924072,5.0,0.8,4.0,1.0,3.24383181511471,0.0212499999999999,1.560555133004705,0.0212499999999999,2.151773363697706,0.5526315789473685,1.1769193800274906,0.5526315789473685,,,
compas_carla__linear__cols,detail,,0,compas_carla__linear__cols__sample_seed_0,completed,compas_carla,linear,cols,1,prediction_not_equal_desired_class,50,212,50,41.0,2405.0,True,1.0,0.1794871836900711,0.1794871836900711,5.0,1.0,5.0,1.0,1.878812415654521,0.1025641025641025,1.1238774519721244,0.1025641025641025,1.0701754385964912,0.1794871794871795,0.7568551993442908,0.1794871794871795,,,
compas_carla__linear__cols,detail,,0,compas_carla__linear__cols__sample_seed_0,completed,compas_carla,linear,cols,1,prediction_not_equal_desired_class,50,212,50,42.0,6152.0,True,1.0,0.1538461595773697,0.1538461595773697,5.0,1.0,5.0,1.0,1.2999999999999996,0.0641025641025641,0.8961038885184553,0.0641025641025641,1.0102564102564102,0.1538461538461538,0.7116189440642977,0.1538461538461538,,,
compas_carla__linear__cols,detail,,0,compas_carla__linear__cols__sample_seed_0,completed,compas_carla,linear,cols,1,prediction_not_equal_desired_class,50,212,50,43.0,1197.0,True,1.0,0.1025641039013862,0.1025641039013862,5.0,1.0,5.0,1.0,2.625641025641026,0.2948717948717949,1.4982106015978238,0.2948717948717949,2.376923076923077,0.1025641025641025,1.3234311569529984,0.1025641025641025,,,
compas_carla__linear__cols,detail,,0,compas_carla__linear__cols__sample_seed_0,completed,compas_carla,linear,cols,1,prediction_not_equal_desired_class,50,212,50,44.0,4342.0,True,1.0,0.3717948794364929,0.3717948794364929,5.0,1.0,5.0,1.0,2.4091767881241566,0.1282051282051281,1.3351992608232286,0.1282051282051281,1.784075573549258,0.3717948717948718,1.1286791176810689,0.3717948717948718,,,
compas_carla__linear__cols,detail,,0,compas_carla__linear__cols__sample_seed_0,completed,compas_carla,linear,cols,1,prediction_not_equal_desired_class,50,212,50,45.0,1320.0,True,1.0,0.1923076957464218,0.1923076957464218,5.0,1.0,5.0,1.0,2.976923076923077,0.0769230769230769,1.5854801449504576,0.0769230769230769,2.382051282051282,0.1923076923076923,1.2149638088604615,0.1923076923076923,,,
compas_carla__linear__cols,detail,,0,compas_carla__linear__cols__sample_seed_0,completed,compas_carla,linear,cols,1,prediction_not_equal_desired_class,50,212,50,46.0,1378.0,True,1.0,0.2692307829856872,0.2692307829856872,5.0,1.0,5.0,1.0,2.4188205128205125,0.1175641025641025,1.399689287550356,0.103655174182381,2.756846153846154,0.2692307692307692,1.4882994800767806,0.2692307692307692,,,
compas_carla__linear__cols,detail,,0,compas_carla__linear__cols__sample_seed_0,completed,compas_carla,linear,cols,1,prediction_not_equal_desired_class,50,212,50,47.0,5907.0,True,1.0,0.0512820482254028,0.0512820482254028,5.0,1.0,5.0,1.0,2.766261808367072,0.4541160593792172,1.483550670683229,0.3219585265558379,2.2780026990553304,0.0512820512820512,1.1873663511354686,0.0512820512820512,,,
compas_carla__linear__cols,detail,,0,compas_carla__linear__cols__sample_seed_0,completed,compas_carla,linear,cols,1,prediction_not_equal_desired_class,50,212,50,48.0,1518.0,True,1.0,0.2820512950420379,0.2820512950420379,5.0,1.0,5.0,1.0,2.2365721997300945,0.0904183535762483,1.2845226351849857,0.0692940076784898,1.6272604588394064,0.282051282051282,1.0141879096620936,0.282051282051282,,,
compas_carla__linear__cols,detail,,0,compas_carla__linear__cols__sample_seed_0,completed,compas_carla,linear,cols,1,prediction_not_equal_desired_class,50,212,50,49.0,3404.0,True,1.0,0.1282051354646682,0.1282051354646682,5.0,1.0,5.0,1.0,2.580730769230769,0.0256410256410256,1.3770935208928112,0.0256410256410256,1.5954935897435898,0.1282051282051282,0.9880494153876958,0.1282051282051282,,,
compas_carla__linear__cols,detail,,0,compas_carla__linear__cols__sample_seed_0,completed,compas_carla,linear,cols,1,prediction_not_equal_desired_class,50,212,50,50.0,1330.0,True,1.0,0.192307710647583,0.192307710647583,5.0,1.0,5.0,1.0,1.7179487179487178,0.1153846153846153,1.0983900328399518,0.1153846153846153,1.1282051282051282,0.1923076923076923,0.7687692613754901,0.1923076923076923,,,
compas_carla__linear__cols,summary,seed,0,compas_carla__linear__cols__sample_seed_0,completed,compas_carla,linear,cols,1,prediction_not_equal_desired_class,50,212,50,,,,1.0,0.2231673458218574,0.2146565148234367,5.0,0.988,4.92,0.996,2.2035817172739542,0.317563326585695,1.2724938049774617,0.2560363544525458,1.6069998937246963,0.2231673414304992,0.9892884303430248,0.2139518847849918,50.0,,94.342829
compas_carla__linear__cemsp,detail,,0,compas_carla__linear__cemsp__sample_seed_0,completed,compas_carla,linear,cemsp,1,prediction_not_equal_desired_class,50,212,50,1.0,2121.0,False,0.0,,,0.0,0.0,,,,,,,,,,,,,
compas_carla__linear__cemsp,detail,,0,compas_carla__linear__cemsp__sample_seed_0,completed,compas_carla,linear,cemsp,1,prediction_not_equal_desired_class,50,212,50,2.0,382.0,False,0.0,,,0.0,0.0,,,,,,,,,,,,,
compas_carla__linear__cemsp,detail,,0,compas_carla__linear__cemsp__sample_seed_0,completed,compas_carla,linear,cemsp,1,prediction_not_equal_desired_class,50,212,50,3.0,3940.0,True,1.0,0.128205120563507,0.128205120563507,1.0,1.0,1.0,1.0,,,,,0.1282051282051282,0.1282051282051282,0.1282051282051282,0.1282051282051282,,,
compas_carla__linear__cemsp,detail,,0,compas_carla__linear__cemsp__sample_seed_0,completed,compas_carla,linear,cemsp,1,prediction_not_equal_desired_class,50,212,50,4.0,1204.0,False,0.0,,,0.0,0.0,,,,,,,,,,,,,
compas_carla__linear__cemsp,detail,,0,compas_carla__linear__cemsp__sample_seed_0,completed,compas_carla,linear,cemsp,1,prediction_not_equal_desired_class,50,212,50,5.0,2059.0,False,0.0,,,0.0,0.0,,,,,,,,,,,,,
compas_carla__linear__cemsp,detail,,0,compas_carla__linear__cemsp__sample_seed_0,completed,compas_carla,linear,cemsp,1,prediction_not_equal_desired_class,50,212,50,6.0,1832.0,True,1.0,0.1666666716337204,0.1666666716337204,1.0,1.0,1.0,1.0,,,,,0.1666666666666666,0.1666666666666666,0.1666666666666666,0.1666666666666666,,,
compas_carla__linear__cemsp,detail,,0,compas_carla__linear__cemsp__sample_seed_0,completed,compas_carla,linear,cemsp,1,prediction_not_equal_desired_class,50,212,50,7.0,4303.0,False,0.0,,,0.0,0.0,,,,,,,,,,,,,
compas_carla__linear__cemsp,detail,,0,compas_carla__linear__cemsp__sample_seed_0,completed,compas_carla,linear,cemsp,1,prediction_not_equal_desired_class,50,212,50,8.0,4789.0,True,1.0,0.128205120563507,0.128205120563507,1.0,1.0,1.0,1.0,,,,,0.1282051282051282,0.1282051282051282,0.1282051282051282,0.1282051282051282,,,
compas_carla__linear__cemsp,detail,,0,compas_carla__linear__cemsp__sample_seed_0,completed,compas_carla,linear,cemsp,1,prediction_not_equal_desired_class,50,212,50,9.0,3780.0,True,1.0,0.1666666716337204,0.1666666716337204,1.0,1.0,1.0,1.0,,,,,0.1666666666666666,0.1666666666666666,0.1666666666666666,0.1666666666666666,,,
compas_carla__linear__cemsp,detail,,0,compas_carla__linear__cemsp__sample_seed_0,completed,compas_carla,linear,cemsp,1,prediction_not_equal_desired_class,50,212,50,10.0,5153.0,True,1.0,1.0,1.0,2.0,1.0,2.0,1.0,2.0,2.0,1.4142135623730951,1.4142135623730951,1.0,1.0,1.0,1.0,,,
compas_carla__linear__cemsp,detail,,0,compas_carla__linear__cemsp__sample_seed_0,completed,compas_carla,linear,cemsp,1,prediction_not_equal_desired_class,50,212,50,11.0,1265.0,True,1.0,0.1538461595773697,0.1538461595773697,1.0,1.0,1.0,1.0,,,,,0.1538461538461538,0.1538461538461538,0.1538461538461538,0.1538461538461538,,,
compas_carla__linear__cemsp,detail,,0,compas_carla__linear__cemsp__sample_seed_0,completed,compas_carla,linear,cemsp,1,prediction_not_equal_desired_class,50,212,50,12.0,4513.0,True,1.0,0.1666666716337204,0.1666666716337204,1.0,1.0,1.0,1.0,,,,,0.1666666666666666,0.1666666666666666,0.1666666666666666,0.1666666666666666,,,
compas_carla__linear__cemsp,detail,,0,compas_carla__linear__cemsp__sample_seed_0,completed,compas_carla,linear,cemsp,1,prediction_not_equal_desired_class,50,212,50,13.0,2438.0,True,1.0,0.1538461595773697,0.1538461595773697,1.0,1.0,1.0,1.0,,,,,0.1538461538461538,0.1538461538461538,0.1538461538461538,0.1538461538461538,,,
compas_carla__linear__cemsp,detail,,0,compas_carla__linear__cemsp__sample_seed_0,completed,compas_carla,linear,cemsp,1,prediction_not_equal_desired_class,50,212,50,14.0,5137.0,False,0.0,,,0.0,0.0,,,,,,,,,,,,,
compas_carla__linear__cemsp,detail,,0,compas_carla__linear__cemsp__sample_seed_0,completed,compas_carla,linear,cemsp,1,prediction_not_equal_desired_class,50,212,50,15.0,3145.0,True,1.0,1.076923131942749,1.0029542446136477,1.0,1.0,1.0,1.0,,,,,1.0769230769230769,1.0769230769230769,1.002954216185023,1.002954216185023,,,
compas_carla__linear__cemsp,detail,,0,compas_carla__linear__cemsp__sample_seed_0,completed,compas_carla,linear,cemsp,1,prediction_not_equal_desired_class,50,212,50,16.0,4409.0,True,1.0,0.1538461595773697,0.1538461595773697,1.0,1.0,1.0,1.0,,,,,0.1538461538461538,0.1538461538461538,0.1538461538461538,0.1538461538461538,,,
compas_carla__linear__cemsp,detail,,0,compas_carla__linear__cemsp__sample_seed_0,completed,compas_carla,linear,cemsp,1,prediction_not_equal_desired_class,50,212,50,17.0,2028.0,True,1.0,0.128205120563507,0.128205120563507,1.0,1.0,1.0,1.0,,,,,0.1282051282051282,0.1282051282051282,0.1282051282051282,0.1282051282051282,,,
compas_carla__linear__cemsp,detail,,0,compas_carla__linear__cemsp__sample_seed_0,completed,compas_carla,linear,cemsp,1,prediction_not_equal_desired_class,50,212,50,18.0,3095.0,False,0.0,,,0.0,0.0,,,,,,,,,,,,,
compas_carla__linear__cemsp,detail,,0,compas_carla__linear__cemsp__sample_seed_0,completed,compas_carla,linear,cemsp,1,prediction_not_equal_desired_class,50,212,50,19.0,797.0,True,1.0,2.076923131942749,1.4163039922714231,1.0,1.0,1.0,1.0,,,,,2.076923076923077,2.076923076923077,1.4163040491939975,1.4163040491939975,,,
compas_carla__linear__cemsp,detail,,0,compas_carla__linear__cemsp__sample_seed_0,completed,compas_carla,linear,cemsp,1,prediction_not_equal_desired_class,50,212,50,20.0,3527.0,False,0.0,,,0.0,0.0,,,,,,,,,,,,,
compas_carla__linear__cemsp,detail,,0,compas_carla__linear__cemsp__sample_seed_0,completed,compas_carla,linear,cemsp,1,prediction_not_equal_desired_class,50,212,50,21.0,3571.0,False,0.0,,,0.0,0.0,,,,,,,,,,,,,
compas_carla__linear__cemsp,detail,,0,compas_carla__linear__cemsp__sample_seed_0,completed,compas_carla,linear,cemsp,1,prediction_not_equal_desired_class,50,212,50,22.0,4695.0,True,1.0,0.128205120563507,0.128205120563507,1.0,1.0,1.0,1.0,,,,,0.1282051282051282,0.1282051282051282,0.1282051282051282,0.1282051282051282,,,
compas_carla__linear__cemsp,detail,,0,compas_carla__linear__cemsp__sample_seed_0,completed,compas_carla,linear,cemsp,1,prediction_not_equal_desired_class,50,212,50,23.0,5773.0,False,0.0,,,0.0,0.0,,,,,,,,,,,,,
compas_carla__linear__cemsp,detail,,0,compas_carla__linear__cemsp__sample_seed_0,completed,compas_carla,linear,cemsp,1,prediction_not_equal_desired_class,50,212,50,24.0,2427.0,False,0.0,,,0.0,0.0,,,,,,,,,,,,,
compas_carla__linear__cemsp,detail,,0,compas_carla__linear__cemsp__sample_seed_0,completed,compas_carla,linear,cemsp,1,prediction_not_equal_desired_class,50,212,50,25.0,4496.0,False,0.0,,,0.0,0.0,,,,,,,,,,,,,
compas_carla__linear__cemsp,detail,,0,compas_carla__linear__cemsp__sample_seed_0,completed,compas_carla,linear,cemsp,1,prediction_not_equal_desired_class,50,212,50,26.0,5273.0,False,0.0,,,0.0,0.0,,,,,,,,,,,,,
compas_carla__linear__cemsp,detail,,0,compas_carla__linear__cemsp__sample_seed_0,completed,compas_carla,linear,cemsp,1,prediction_not_equal_desired_class,50,212,50,27.0,1494.0,False,0.0,,,0.0,0.0,,,,,,,,,,,,,
compas_carla__linear__cemsp,detail,,0,compas_carla__linear__cemsp__sample_seed_0,completed,compas_carla,linear,cemsp,1,prediction_not_equal_desired_class,50,212,50,28.0,5023.0,False,0.0,,,0.0,0.0,,,,,,,,,,,,,
compas_carla__linear__cemsp,detail,,0,compas_carla__linear__cemsp__sample_seed_0,completed,compas_carla,linear,cemsp,1,prediction_not_equal_desired_class,50,212,50,29.0,6086.0,False,0.0,,,0.0,0.0,,,,,,,,,,,,,
compas_carla__linear__cemsp,detail,,0,compas_carla__linear__cemsp__sample_seed_0,completed,compas_carla,linear,cemsp,1,prediction_not_equal_desired_class,50,212,50,30.0,1504.0,False,0.0,,,0.0,0.0,,,,,,,,,,,,,
compas_carla__linear__cemsp,detail,,0,compas_carla__linear__cemsp__sample_seed_0,completed,compas_carla,linear,cemsp,1,prediction_not_equal_desired_class,50,212,50,31.0,5039.0,False,0.0,,,0.0,0.0,,,,,,,,,,,,,
compas_carla__linear__cemsp,detail,,0,compas_carla__linear__cemsp__sample_seed_0,completed,compas_carla,linear,cemsp,1,prediction_not_equal_desired_class,50,212,50,32.0,3640.0,False,0.0,,,0.0,0.0,,,,,,,,,,,,,
compas_carla__linear__cemsp,detail,,0,compas_carla__linear__cemsp__sample_seed_0,completed,compas_carla,linear,cemsp,1,prediction_not_equal_desired_class,50,212,50,33.0,277.0,False,0.0,,,0.0,0.0,,,,,,,,,,,,,
compas_carla__linear__cemsp,detail,,0,compas_carla__linear__cemsp__sample_seed_0,completed,compas_carla,linear,cemsp,1,prediction_not_equal_desired_class,50,212,50,34.0,4611.0,False,0.0,,,0.0,0.0,,,,,,,,,,,,,
compas_carla__linear__cemsp,detail,,0,compas_carla__linear__cemsp__sample_seed_0,completed,compas_carla,linear,cemsp,1,prediction_not_equal_desired_class,50,212,50,35.0,5184.0,True,1.0,1.0,1.0,2.0,1.0,2.0,1.0,1.1153846153846154,1.1153846153846154,1.0066347944848,1.0066347944848,0.5576923076923077,0.1153846153846153,0.5576923076923077,0.1153846153846153,,,
compas_carla__linear__cemsp,detail,,0,compas_carla__linear__cemsp__sample_seed_0,completed,compas_carla,linear,cemsp,1,prediction_not_equal_desired_class,50,212,50,36.0,2490.0,False,0.0,,,0.0,0.0,,,,,,,,,,,,,
compas_carla__linear__cemsp,detail,,0,compas_carla__linear__cemsp__sample_seed_0,completed,compas_carla,linear,cemsp,1,prediction_not_equal_desired_class,50,212,50,37.0,3785.0,False,0.0,,,0.0,0.0,,,,,,,,,,,,,
compas_carla__linear__cemsp,detail,,0,compas_carla__linear__cemsp__sample_seed_0,completed,compas_carla,linear,cemsp,1,prediction_not_equal_desired_class,50,212,50,38.0,5526.0,True,1.0,1.0,1.0,1.0,1.0,1.0,1.0,,,,,1.0,1.0,1.0,1.0,,,
compas_carla__linear__cemsp,detail,,0,compas_carla__linear__cemsp__sample_seed_0,completed,compas_carla,linear,cemsp,1,prediction_not_equal_desired_class,50,212,50,39.0,2890.0,False,0.0,,,0.0,0.0,,,,,,,,,,,,,
compas_carla__linear__cemsp,detail,,0,compas_carla__linear__cemsp__sample_seed_0,completed,compas_carla,linear,cemsp,1,prediction_not_equal_desired_class,50,212,50,40.0,4715.0,False,0.0,,,0.0,0.0,,,,,,,,,,,,,
compas_carla__linear__cemsp,detail,,0,compas_carla__linear__cemsp__sample_seed_0,completed,compas_carla,linear,cemsp,1,prediction_not_equal_desired_class,50,212,50,41.0,2405.0,False,0.0,,,0.0,0.0,,,,,,,,,,,,,
compas_carla__linear__cemsp,detail,,0,compas_carla__linear__cemsp__sample_seed_0,completed,compas_carla,linear,cemsp,1,prediction_not_equal_desired_class,50,212,50,42.0,6152.0,False,0.0,,,0.0,0.0,,,,,,,,,,,,,
compas_carla__linear__cemsp,detail,,0,compas_carla__linear__cemsp__sample_seed_0,completed,compas_carla,linear,cemsp,1,prediction_not_equal_desired_class,50,212,50,43.0,1197.0,True,1.0,0.128205120563507,0.128205120563507,1.0,1.0,1.0,1.0,,,,,0.1282051282051282,0.1282051282051282,0.1282051282051282,0.1282051282051282,,,
compas_carla__linear__cemsp,detail,,0,compas_carla__linear__cemsp__sample_seed_0,completed,compas_carla,linear,cemsp,1,prediction_not_equal_desired_class,50,212,50,44.0,4342.0,False,0.0,,,0.0,0.0,,,,,,,,,,,,,
compas_carla__linear__cemsp,detail,,0,compas_carla__linear__cemsp__sample_seed_0,completed,compas_carla,linear,cemsp,1,prediction_not_equal_desired_class,50,212,50,45.0,1320.0,False,0.0,,,0.0,0.0,,,,,,,,,,,,,
compas_carla__linear__cemsp,detail,,0,compas_carla__linear__cemsp__sample_seed_0,completed,compas_carla,linear,cemsp,1,prediction_not_equal_desired_class,50,212,50,46.0,1378.0,True,1.0,2.1025640964508057,1.417927861213684,1.0,1.0,1.0,1.0,,,,,2.102564102564102,2.102564102564102,1.4179278525844607,1.4179278525844607,,,
compas_carla__linear__cemsp,detail,,0,compas_carla__linear__cemsp__sample_seed_0,completed,compas_carla,linear,cemsp,1,prediction_not_equal_desired_class,50,212,50,47.0,5907.0,False,0.0,,,0.0,0.0,,,,,,,,,,,,,
compas_carla__linear__cemsp,detail,,0,compas_carla__linear__cemsp__sample_seed_0,completed,compas_carla,linear,cemsp,1,prediction_not_equal_desired_class,50,212,50,48.0,1518.0,False,0.0,,,0.0,0.0,,,,,,,,,,,,,
compas_carla__linear__cemsp,detail,,0,compas_carla__linear__cemsp__sample_seed_0,completed,compas_carla,linear,cemsp,1,prediction_not_equal_desired_class,50,212,50,49.0,3404.0,True,1.0,0.1410256475210189,0.1410256475210189,1.0,1.0,1.0,1.0,,,,,0.141025641025641,0.141025641025641,0.141025641025641,0.141025641025641,,,
compas_carla__linear__cemsp,detail,,0,compas_carla__linear__cemsp__sample_seed_0,completed,compas_carla,linear,cemsp,1,prediction_not_equal_desired_class,50,212,50,50.0,1330.0,True,1.0,1.1282050609588623,1.008184790611267,1.0,1.0,1.0,1.0,,,,,1.1282051282051282,1.1282051282051282,1.0081847821198715,1.0081847821198715,,,
compas_carla__linear__cemsp,summary,seed,0,compas_carla__linear__cemsp__sample_seed_0,completed,compas_carla,linear,cemsp,1,prediction_not_equal_desired_class,50,212,50,,,,0.38,0.5856950086982626,0.5046821385622025,0.42,0.38,1.105263157894737,1.0,1.5576923076923077,1.5576923076923077,1.2104241784289476,1.2104241784289476,0.5624156545209177,0.539136302294197,0.4814027869139686,0.458123434687248,19.0,,5.267046
german__linear__dice,detail,,0,german__linear__dice__sample_seed_0,completed,german,linear,dice,1,prediction_not_equal_desired_class,50,50,50,1.0,622.0,True,1.0,2.7824108600616455,1.560850977897644,5.0,1.0,5.0,1.0,1.43238818179816,0.3685370087623596,0.864406406942536,0.26278197444683543,2.951748922740345,2.7824108113445676,1.5682131359387856,1.5223452355225082,,,
german__linear__dice,detail,,0,german__linear__dice__sample_seed_0,completed,german,linear,dice,1,prediction_not_equal_desired_class,50,50,50,2.0,378.0,True,1.0,0.7780086994171143,0.5600212812423706,5.0,1.0,5.0,1.0,0.6071159809827804,0.30081796646118164,0.4091186622758958,0.21851626369727195,0.8984796411844339,0.7780086677342756,0.5919933979649811,0.5315959846486552,,,
german__linear__dice,detail,,0,german__linear__dice__sample_seed_0,completed,german,linear,dice,1,prediction_not_equal_desired_class,50,50,50,3.0,63.0,True,1.0,1.5376513004302979,1.088371992111206,5.0,1.0,5.0,1.0,0.6622147858142853,0.32123392820358276,0.4493394513349198,0.23206249580266855,1.6505280513185052,1.5376512426751643,1.0424148441017917,0.9377354368764149,,,
german__linear__dice,detail,,0,german__linear__dice__sample_seed_0,completed,german,linear,dice,1,prediction_not_equal_desired_class,50,50,50,4.0,952.0,True,1.0,0.9676589965820312,0.833348274230957,5.0,1.0,5.0,1.0,1.746367597207427,0.4599040374159813,1.0407918992823284,0.29302625172533847,2.020074230530196,0.9180797323334816,1.1932639740303013,0.552250834308916,,,
german__linear__dice,detail,,0,german__linear__dice__sample_seed_0,completed,german,linear,dice,1,prediction_not_equal_desired_class,50,50,50,5.0,888.0,True,1.0,0.8674356937408447,0.6102978587150574,5.0,1.0,5.0,1.0,0.6830793991684914,0.4128730297088623,0.4499887760325752,0.29241740005292527,0.9480162269031005,0.843946675873388,0.6496321597417953,0.5400797653297789,,,
german__linear__dice,detail,,0,german__linear__dice__sample_seed_0,completed,german,linear,dice,1,prediction_not_equal_desired_class,50,50,50,6.0,433.0,True,1.0,2.535067558288574,1.466002106666565,5.0,1.0,5.0,1.0,1.7622533977031707,0.4816780164837837,1.0580360282952206,0.3132679023776734,2.649842991156207,2.4500914121924806,1.5121537927531183,1.4489973240218468,,,
german__linear__dice,detail,,0,german__linear__dice__sample_seed_0,completed,german,linear,dice,1,prediction_not_equal_desired_class,50,50,50,7.0,730.0,True,1.0,0.6659400463104248,0.4703437387943268,5.0,1.0,5.0,1.0,0.641089178621769,0.3208800107240677,0.42557358985160043,0.20580799957415996,0.759456990214167,0.6659400341963042,0.5595296142179347,0.4036936708563217,,,
german__linear__dice,detail,,0,german__linear__dice__sample_seed_0,completed,german,linear,dice,1,prediction_not_equal_desired_class,50,50,50,8.0,321.0,True,1.0,2.521498680114746,1.4637526273727417,5.0,1.0,5.0,1.0,1.9524396046996118,0.45991000533103943,1.1740770356684327,0.2985870653169277,2.270737752906688,0.9267527371724664,1.3452228152395174,0.6967489246943999,,,
german__linear__dice,detail,,0,german__linear__dice__sample_seed_0,completed,german,linear,dice,1,prediction_not_equal_desired_class,50,50,50,9.0,454.0,True,1.0,0.6398248672485352,0.44434070587158203,5.0,1.0,5.0,1.0,0.6352536022663117,0.36839599907398224,0.422675005012395,0.24938701674455688,0.7086261664546123,0.6262709772515508,0.543312058068649,0.3952110502662626,,,
german__linear__dice,detail,,0,german__linear__dice__sample_seed_0,completed,german,linear,dice,1,prediction_not_equal_desired_class,50,50,50,10.0,910.0,True,1.0,1.021195650100708,0.7374998331069946,5.0,1.0,5.0,1.0,1.852448395639658,0.35461099445819855,1.0805030523387789,0.26050371923184057,2.1151885683348013,0.976593557555604,1.2068064046833848,0.5938066790568639,,,
german__linear__dice,detail,,0,german__linear__dice__sample_seed_0,completed,german,linear,dice,1,prediction_not_equal_desired_class,50,50,50,11.0,124.0,True,1.0,0.7026486396789551,0.5361437201499939,5.0,1.0,5.0,1.0,2.1046563938260077,0.4917309880256653,1.2481467391597103,0.32062466444720966,1.8507060860468507,0.7026486121721369,1.1678141091278325,0.5361436920408146,,,
german__linear__dice,detail,,0,german__linear__dice__sample_seed_0,completed,german,linear,dice,1,prediction_not_equal_desired_class,50,50,50,12.0,11.0,True,1.0,3.0892081260681152,1.6154899597167969,5.0,1.0,5.0,1.0,1.8351879958063364,0.3765830099582672,1.0739513313540454,0.2717849000799853,2.4749977091435125,1.3307391037738951,1.3671154897055724,0.8296999598527207,,,
german__linear__dice,detail,,0,german__linear__dice__sample_seed_0,completed,german,linear,dice,1,prediction_not_equal_desired_class,50,50,50,13.0,17.0,True,1.0,1.0709820985794067,0.8935701847076416,5.0,1.0,5.0,1.0,0.6346055954694748,0.4240950047969818,0.41025785016463534,0.25043546772603037,1.0806931171916534,0.976535146112606,0.7707432883055431,0.5914202595799244,,,
german__linear__dice,detail,,0,german__linear__dice__sample_seed_0,completed,german,linear,dice,1,prediction_not_equal_desired_class,50,50,50,14.0,517.0,True,1.0,3.1928861141204834,1.7046562433242798,5.0,1.0,5.0,1.0,1.7896721929311752,0.5242729932069778,1.0552464764056695,0.3408834648882567,2.446365881152727,1.3195213619337236,1.362065019724228,0.8196304837374083,,,
german__linear__dice,detail,,0,german__linear__dice__sample_seed_0,completed,german,linear,dice,1,prediction_not_equal_desired_class,50,50,50,15.0,657.0,True,1.0,1.2333130836486816,0.8686355948448181,5.0,1.0,5.0,1.0,0.7098171889781952,0.3535289987921715,0.4678902107189664,0.25746621280954013,1.2437651897558846,1.1438921908626236,0.8126985129316904,0.7518958155857419,,,
german__linear__dice,detail,,0,german__linear__dice__sample_seed_0,completed,german,linear,dice,1,prediction_not_equal_desired_class,50,50,50,16.0,566.0,True,1.0,2.2214150428771973,1.4295672178268433,5.0,1.0,5.0,1.0,1.8615605905652046,0.40895000100135803,1.127423977736875,0.25979474919172035,2.0373370575757725,0.6890430462726728,1.2956778273904466,0.6786131447131173,,,
german__linear__dice,detail,,0,german__linear__dice__sample_seed_0,completed,german,linear,dice,1,prediction_not_equal_desired_class,50,50,50,17.0,614.0,True,1.0,2.5570991039276123,1.4921563863754272,5.0,1.0,5.0,1.0,2.106591394543648,0.43779997527599335,1.2442592967755244,0.2679979715429011,1.9372014017077828,0.8107880763585695,1.2177511587114616,0.6257901998762921,,,
german__linear__dice,detail,,0,german__linear__dice__sample_seed_0,completed,german,linear,dice,1,prediction_not_equal_desired_class,50,50,50,18.0,966.0,True,1.0,0.7095204591751099,0.5070770382881165,5.0,1.0,5.0,1.0,0.6296787954866886,0.36295999959111214,0.41664708095102876,0.23556215772254518,0.8196709524793302,0.6799384364545935,0.6419888112926605,0.420720863612111,,,
german__linear__dice,detail,,0,german__linear__dice__sample_seed_0,completed,german,linear,dice,1,prediction_not_equal_desired_class,50,50,50,19.0,405.0,True,1.0,0.9407932758331299,0.9286222457885742,5.0,1.0,5.0,1.0,1.7733517907559873,0.3697520084679127,1.0107059247609405,0.23319626467361823,1.6364466323515334,0.8446935373974885,1.0645848672048863,0.635194481750539,,,
german__linear__dice,detail,,0,german__linear__dice__sample_seed_0,completed,german,linear,dice,1,prediction_not_equal_desired_class,50,50,50,20.0,446.0,True,1.0,0.9354144334793091,0.7439960837364197,5.0,1.0,5.0,1.0,1.8498777881264687,0.5376700088381767,1.098023756132117,0.35533128281903276,1.9834842189426063,0.9086944071906544,1.1878761334068406,0.6268720442461163,,,
german__linear__dice,detail,,0,german__linear__dice__sample_seed_0,completed,german,linear,dice,1,prediction_not_equal_desired_class,50,50,50,21.0,812.0,True,1.0,1.2290085554122925,0.8719183206558228,5.0,1.0,5.0,1.0,0.7555231772363186,0.4239899516105652,0.49605721526955315,0.24945272014072775,1.2657936587567469,1.2046484205247192,0.8518536622100349,0.7278039789088067,,,
german__linear__dice,detail,,0,german__linear__dice__sample_seed_0,completed,german,linear,dice,1,prediction_not_equal_desired_class,50,50,50,22.0,410.0,True,1.0,0.9294478893280029,0.6973917484283447,5.0,1.0,5.0,1.0,1.7721680030226707,0.4360709637403488,1.057923221107313,0.28079611750349953,2.0472291738074984,0.9294478933202035,1.260701261679591,0.6973917553512516,,,
german__linear__dice,detail,,0,german__linear__dice__sample_seed_0,completed,german,linear,dice,1,prediction_not_equal_desired_class,50,50,50,23.0,706.0,True,1.0,1.2024602890014648,0.8425506949424744,5.0,1.0,5.0,1.0,0.6795811831951142,0.33449599146842957,0.4485055668138517,0.2395163232768412,1.2913872070152799,1.2024603791077175,0.8691256873355393,0.7608111626554835,,,
german__linear__dice,detail,,0,german__linear__dice__sample_seed_0,completed,german,linear,dice,1,prediction_not_equal_desired_class,50,50,50,24.0,306.0,True,1.0,1.0975422859191895,0.8075010776519775,5.0,1.0,5.0,1.0,1.815676987171173,0.28662797808647156,1.0555621995781068,0.21320859641671283,2.2260845752538225,1.0975423247224028,1.2717336789808649,0.6767185722525935,,,
german__linear__dice,detail,,0,german__linear__dice__sample_seed_0,completed,german,linear,dice,1,prediction_not_equal_desired_class,50,50,50,25.0,593.0,True,1.0,2.7552359104156494,1.5313780307769775,5.0,1.0,5.0,1.0,1.7829327970743178,0.5157789885997772,1.0656095394259375,0.31503321720997773,2.0941727178700846,0.9773321106589075,1.2651871321681027,0.7396126964086961,,,
german__linear__dice,detail,,0,german__linear__dice__sample_seed_0,completed,german,linear,dice,1,prediction_not_equal_desired_class,50,50,50,26.0,338.0,True,1.0,0.6538100838661194,0.4618537724018097,5.0,1.0,5.0,1.0,0.6351818025112153,0.360135018825531,0.4200969957808479,0.2287463418185655,0.7348095932370443,0.638699095571904,0.5682711865546252,0.3868220552825482,,,
german__linear__dice,detail,,0,german__linear__dice__sample_seed_0,completed,german,linear,dice,1,prediction_not_equal_desired_class,50,50,50,27.0,813.0,True,1.0,0.6691975593566895,0.4698459208011627,5.0,1.0,5.0,1.0,0.5367428038269282,0.2809780240058899,0.34766395802939487,0.19296654918655232,0.6576442718377651,0.6192920815982947,0.4961084996439532,0.4308163259288899,,,
german__linear__dice,detail,,0,german__linear__dice__sample_seed_0,completed,german,linear,dice,1,prediction_not_equal_desired_class,50,50,50,28.0,645.0,True,1.0,1.1503889560699463,0.8947548270225525,5.0,1.0,5.0,1.0,0.6689959824085235,0.3804140090942383,0.44331876514728064,0.2751421290598151,1.131071784968005,0.995985993618594,0.7691452724165998,0.5999021919088451,,,
german__linear__dice,detail,,0,german__linear__dice__sample_seed_0,completed,german,linear,dice,1,prediction_not_equal_desired_class,50,50,50,29.0,746.0,True,1.0,0.7631996273994446,0.563325822353363,5.0,1.0,5.0,1.0,2.0949775971472264,0.43253396824002266,1.2447982771435098,0.27907304478628814,1.9037822369395294,0.76319964865707,1.1975233419751414,0.5633258561930699,,,
german__linear__dice,detail,,0,german__linear__dice__sample_seed_0,completed,german,linear,dice,1,prediction_not_equal_desired_class,50,50,50,30.0,522.0,True,1.0,0.7264385223388672,0.6506180763244629,5.0,1.0,5.0,1.0,0.6366809949278831,0.35277095437049866,0.4049573662565874,0.21226925658671864,0.8231602249354243,0.7264385086821187,0.5782368274562389,0.5337206382714414,,,
german__linear__dice,detail,,0,german__linear__dice__sample_seed_0,completed,german,linear,dice,1,prediction_not_equal_desired_class,50,50,50,31.0,728.0,True,1.0,0.8546739816665649,0.6440379023551941,5.0,1.0,5.0,1.0,1.7569565936923026,0.4520480204373598,1.0423952899009152,0.3258106219060734,1.9690256010446199,0.8200913990150346,1.1671631403259957,0.6440379374881375,,,
german__linear__dice,detail,,0,german__linear__dice__sample_seed_0,completed,german,linear,dice,1,prediction_not_equal_desired_class,50,50,50,32.0,739.0,True,1.0,1.0577833652496338,0.8136149644851685,5.0,1.0,5.0,1.0,1.8143501956015826,0.3013559877872467,1.0659285857256036,0.23782562091095652,2.174042203549873,1.013865302857706,1.2530147740606452,0.6111545239486365,,,
german__linear__dice,detail,,0,german__linear__dice__sample_seed_0,completed,german,linear,dice,1,prediction_not_equal_desired_class,50,50,50,33.0,701.0,True,1.0,0.9293287992477417,0.6487007141113281,5.0,1.0,5.0,1.0,0.6733087938278913,0.38881602324545383,0.4347614520576387,0.2668722626400222,0.8982072856155314,0.7940948266614554,0.6336545045576313,0.5824404329944102,,,
german__linear__dice,detail,,0,german__linear__dice__sample_seed_0,completed,german,linear,dice,1,prediction_not_equal_desired_class,50,50,50,34.0,918.0,True,1.0,2.428131580352783,1.4476875066757202,5.0,1.0,5.0,1.0,1.7453839935362339,0.4673680104315281,1.0461975194093975,0.2945651276261426,2.599429133164326,2.428131554900672,1.502509927326199,1.4476874518730687,,,
german__linear__dice,detail,,0,german__linear__dice__sample_seed_0,completed,german,linear,dice,1,prediction_not_equal_desired_class,50,50,50,35.0,628.0,True,1.0,0.7617124319076538,0.5930459499359131,5.0,1.0,5.0,1.0,0.7404901862144471,0.37271401286125183,0.4877658494496865,0.2671726632119325,0.8659884504869814,0.7617124152115371,0.6374420666477014,0.5575391753010874,,,
german__linear__dice,detail,,0,german__linear__dice__sample_seed_0,completed,german,linear,dice,1,prediction_not_equal_desired_class,50,50,50,36.0,340.0,True,1.0,1.0416619777679443,0.7933396697044373,5.0,1.0,5.0,1.0,1.7924159720540047,0.5529979951679707,1.0543311625343628,0.36787547726131137,1.7940823157629708,1.0416619269949985,1.10825402425815,0.6494107636415368,,,
german__linear__dice,detail,,0,german__linear__dice__sample_seed_0,completed,german,linear,dice,1,prediction_not_equal_desired_class,50,50,50,37.0,292.0,True,1.0,0.7514351010322571,0.538428783416748,5.0,1.0,5.0,1.0,1.786388197913766,0.6148080080747604,1.0552112413873633,0.3857996356725716,1.47470704123468,0.7397900432039799,0.9061882923991137,0.44231340886230774,,,
german__linear__dice,detail,,0,german__linear__dice__sample_seed_0,completed,german,linear,dice,1,prediction_not_equal_desired_class,50,50,50,38.0,169.0,True,1.0,2.5437991619110107,1.4669328927993774,5.0,1.0,5.0,1.0,1.9657626017928123,0.46551797538995743,1.176374176685103,0.2940603316000986,2.287184097817671,0.9497820867996554,1.351915577102016,0.7179283492154841,,,
german__linear__dice,detail,,0,german__linear__dice__sample_seed_0,completed,german,linear,dice,1,prediction_not_equal_desired_class,50,50,50,39.0,1.0,True,1.0,1.4496713876724243,1.0281119346618652,5.0,1.0,5.0,1.0,1.8304593916982412,0.3908570036292076,1.0627538895885678,0.27757047463288953,2.577680876149303,1.4496713104159296,1.4012486338907548,0.8884895017567864,,,
german__linear__dice,detail,,0,german__linear__dice__sample_seed_0,completed,german,linear,dice,1,prediction_not_equal_desired_class,50,50,50,40.0,18.0,True,1.0,2.8304553031921387,1.5406153202056885,5.0,1.0,5.0,1.0,1.4198001831769944,0.3552229404449463,0.8369492275213197,0.25118114173819056,2.503455880546523,1.145254762502867,1.371287108812477,0.7679819125171821,,,
german__linear__dice,detail,,0,german__linear__dice__sample_seed_0,completed,german,linear,dice,1,prediction_not_equal_desired_class,50,50,50,41.0,672.0,True,1.0,1.3401274681091309,0.9567296504974365,5.0,1.0,5.0,1.0,0.7037154167890549,0.36819103732705116,0.46491556518390026,0.25855997584756274,1.3477844463757518,1.2595834458343032,0.8962148169808575,0.8547594665163217,,,
german__linear__dice,detail,,0,german__linear__dice__sample_seed_0,completed,german,linear,dice,1,prediction_not_equal_desired_class,50,50,50,42.0,983.0,True,1.0,1.0835399627685547,0.7725439071655273,5.0,1.0,5.0,1.0,0.6658229887485504,0.42295899987220764,0.4342502252938469,0.30163146241330235,1.158143216663658,1.0835400286257857,0.7898154025918773,0.6544309816779712,,,
german__linear__dice,detail,,0,german__linear__dice__sample_seed_0,completed,german,linear,dice,1,prediction_not_equal_desired_class,50,50,50,43.0,542.0,True,1.0,0.817408561706543,0.5764959454536438,5.0,1.0,5.0,1.0,0.6954847991466522,0.35849201679229736,0.45835046244092725,0.2544389848421808,0.8968642170804613,0.8059965397321083,0.6450566590693321,0.4899153775330727,,,
german__linear__dice,detail,,0,german__linear__dice__sample_seed_0,completed,german,linear,dice,1,prediction_not_equal_desired_class,50,50,50,44.0,118.0,True,1.0,2.879659652709961,1.543531894683838,5.0,1.0,5.0,1.0,1.8277053914964199,0.3385079950094223,1.0707633225664255,0.2515121010308622,2.2700110897289294,1.125966419501309,1.3013856791384424,0.6875016760418213,,,
german__linear__dice,detail,,0,german__linear__dice__sample_seed_0,completed,german,linear,dice,1,prediction_not_equal_desired_class,50,50,50,45.0,915.0,True,1.0,3.5334630012512207,1.7319905757904053,5.0,1.0,5.0,1.0,1.385099595785141,0.247592031955719,0.8374100427019961,0.20491830779577885,3.3627837532708624,2.0348789566705205,1.6396461603849382,1.20881060035915,,,
german__linear__dice,detail,,0,german__linear__dice__sample_seed_0,completed,german,linear,dice,1,prediction_not_equal_desired_class,50,50,50,46.0,973.0,True,1.0,1.2180757522583008,0.9116137623786926,5.0,1.0,5.0,1.0,0.6769951939582824,0.37979699671268463,0.4471446189753491,0.27244133206389354,1.2900222119555715,1.1904127286665849,0.874614208123522,0.7987033540335254,,,
german__linear__dice,detail,,0,german__linear__dice__sample_seed_0,completed,german,linear,dice,1,prediction_not_equal_desired_class,50,50,50,47.0,833.0,True,1.0,0.6998449563980103,0.4972788989543915,5.0,1.0,5.0,1.0,1.76477959305048,0.5023400336503983,1.0442700976219625,0.33017010518262696,1.4537209780987752,0.6998449996263747,0.8984383973902064,0.42398857634289056,,,
german__linear__dice,detail,,0,german__linear__dice__sample_seed_0,completed,german,linear,dice,1,prediction_not_equal_desired_class,50,50,50,48.0,136.0,True,1.0,1.0442743301391602,0.863017737865448,5.0,1.0,5.0,1.0,0.6754099875688553,0.3835750073194504,0.4402639239059587,0.2750802570065498,1.0271256783499427,0.9577920175266517,0.730691936885037,0.5537255686628032,,,
german__linear__dice,detail,,0,german__linear__dice__sample_seed_0,completed,german,linear,dice,1,prediction_not_equal_desired_class,50,50,50,49.0,556.0,True,1.0,2.483718156814575,1.4688045978546143,5.0,1.0,5.0,1.0,2.1101377964019776,0.46578603237867355,1.2429484118469838,0.2880154320542291,1.8412537898814445,0.7254900919902887,1.163492499010914,0.5511262615367077,,,
german__linear__dice,detail,,0,german__linear__dice__sample_seed_0,completed,german,linear,dice,1,prediction_not_equal_desired_class,50,50,50,50.0,328.0,True,1.0,0.7922955751419067,0.5678041577339172,5.0,1.0,5.0,1.0,0.7409564018249511,0.39964401721954346,0.4878618279586952,0.27848649584972285,0.8960158965993573,0.7894874309417804,0.6580155741948045,0.5319162746200918,,,
german__linear__dice,summary,seed,0,german__linear__dice__sample_seed_0,completed,german,linear,dice,1,prediction_not_equal_desired_class,50,50,50,,,,1.0,1.4537552583217621,0.9430041825771331,5.0,1.0,5.0,1.0,1.308390689063817,0.4033713995665312,0.7940480509700517,0.27179254664287267,1.666920627921783,1.0576866902199944,1.0231758669622546,0.6863846535732274,50.0,,361.21564
german__linear__cols,detail,,0,german__linear__cols__sample_seed_0,completed,german,linear,cols,1,prediction_not_equal_desired_class,50,50,50,1.0,622.0,True,1.0,2.375,1.4630874395370483,5.0,1.0,5.0,1.0,1.5811111635145967,0.017857142857142794,1.0262508280519869,0.017857142857142794,2.5191270103287273,2.375,1.5066269001029644,1.4630874888399532,,,
german__linear__cols,detail,,0,german__linear__cols__sample_seed_0,completed,german,linear,cols,1,prediction_not_equal_desired_class,50,50,50,2.0,378.0,False,0.0,,,5.0,0.0,,,,,,,,,,,,,
german__linear__cols,detail,,0,german__linear__cols__sample_seed_0,completed,german,linear,cols,1,prediction_not_equal_desired_class,50,50,50,3.0,63.0,False,0.0,,,5.0,0.0,,,,,,,,,,,,,
german__linear__cols,detail,,0,german__linear__cols__sample_seed_0,completed,german,linear,cols,1,prediction_not_equal_desired_class,50,50,50,4.0,952.0,True,1.0,0.2678571343421936,0.2678571343421936,5.0,1.0,5.0,1.0,1.6357142857142855,0.12500000000000006,1.087652280373127,0.12500000000000006,1.25,0.2678571428571428,0.8643456565412404,0.2678571428571428,,,
german__linear__cols,detail,,0,german__linear__cols__sample_seed_0,completed,german,linear,cols,1,prediction_not_equal_desired_class,50,50,50,5.0,888.0,True,1.0,0.3392857313156128,0.3392857313156128,5.0,1.0,5.0,1.0,0.14412169291618923,0.021543728088792402,0.1269586634470357,0.018233717714460286,0.44527513217238035,0.33928571428571425,0.4360380658695159,0.33928571428571425,,,
german__linear__cols,detail,,0,german__linear__cols__sample_seed_0,completed,german,linear,cols,1,prediction_not_equal_desired_class,50,50,50,6.0,433.0,True,1.0,0.4107142686843872,0.4107142686843872,5.0,1.0,5.0,1.0,2.0229352255923825,0.16911764705882354,1.3066440540260902,0.1325570321861761,1.7454291984208674,0.4107142857142857,1.2167270261584302,0.4107142857142857,,,
german__linear__cols,detail,,0,german__linear__cols__sample_seed_0,completed,german,linear,cols,1,prediction_not_equal_desired_class,50,50,50,7.0,730.0,True,1.0,0.0714285671710968,0.0714285671710968,5.0,1.0,5.0,1.0,1.0285714285714282,0.01785714285714285,0.7014014010937701,0.01785714285714285,0.6714285714285715,0.07142857142857145,0.4738284949394136,0.07142857142857145,,,
german__linear__cols,detail,,0,german__linear__cols__sample_seed_0,completed,german,linear,cols,1,prediction_not_equal_desired_class,50,50,50,8.0,321.0,True,1.0,0.4629356265068054,0.44673362374305725,5.0,1.0,5.0,1.0,1.6480674904494652,0.18946611328585578,1.085967525209882,0.1789034635133361,1.834326903425616,0.4629356694807339,1.235227901068706,0.44673364958760253,,,
german__linear__cols,detail,,0,german__linear__cols__sample_seed_0,completed,german,linear,cols,1,prediction_not_equal_desired_class,50,50,50,9.0,454.0,True,1.0,0.05563284456729889,0.04089326411485672,5.0,1.0,5.0,1.0,0.3967446800443518,0.07348999355437119,0.3188842638418146,0.057154590280776046,0.35189817756088904,0.05563285069722837,0.2996329609827716,0.040893268823381464,,,
german__linear__cols,detail,,0,german__linear__cols__sample_seed_0,completed,german,linear,cols,1,prediction_not_equal_desired_class,50,50,50,10.0,910.0,True,1.0,0.4464285969734192,0.4464285969734192,5.0,1.0,5.0,1.0,1.6678571428571427,0.017857142857142794,1.15179077900795,0.017857142857142794,1.682142857142857,0.44642857142857145,1.0831507260057767,0.44642857142857145,,,
german__linear__cols,detail,,0,german__linear__cols__sample_seed_0,completed,german,linear,cols,1,prediction_not_equal_desired_class,50,50,50,11.0,124.0,True,1.0,0.1071428507566452,0.1071428507566452,5.0,1.0,5.0,1.0,1.8317226890756302,0.10714285714285715,1.1715389945126886,0.10714285714285715,1.5455882352941177,0.10714285714285715,0.9415649025071307,0.10714285714285715,,,
german__linear__cols,detail,,0,german__linear__cols__sample_seed_0,completed,german,linear,cols,1,prediction_not_equal_desired_class,50,50,50,12.0,11.0,True,1.0,0.8962686061859131,0.8928636312484741,5.0,1.0,5.0,1.0,1.5260796428178405,0.015351601188511088,1.0120031574326567,0.015351601188511088,2.4787773742709365,0.8962686097879231,1.496341066295754,0.8928636601730637,,,
german__linear__cols,detail,,0,german__linear__cols__sample_seed_0,completed,german,linear,cols,1,prediction_not_equal_desired_class,50,50,50,13.0,17.0,True,1.0,0.4642857313156128,0.4642857313156128,5.0,1.0,5.0,1.0,0.03258226037195995,0.0033564432706063574,0.02926322634100258,0.0033564432706063574,0.48336949173859045,0.46428571428571425,0.478640463688423,0.46428571428571425,,,
german__linear__cols,detail,,0,german__linear__cols__sample_seed_0,completed,german,linear,cols,1,prediction_not_equal_desired_class,50,50,50,14.0,517.0,True,1.0,0.820353627204895,0.8037465810775757,5.0,1.0,5.0,1.0,1.7799949692653552,0.12392507349588888,1.177573902749942,0.10844922601132131,2.3736035781100155,0.8203536449244604,1.4332226079652333,0.8037466538667807,,,
german__linear__cols,detail,,0,german__linear__cols__sample_seed_0,completed,german,linear,cols,1,prediction_not_equal_desired_class,50,50,50,15.0,657.0,False,0.0,,,5.0,0.0,,,,,,,,,,,,,
german__linear__cols,detail,,0,german__linear__cols__sample_seed_0,completed,german,linear,cols,1,prediction_not_equal_desired_class,50,50,50,16.0,566.0,True,1.0,0.1344640702009201,0.1253577619791031,5.0,1.0,5.0,1.0,1.115332920887074,0.07143885946587292,0.7411955424981337,0.04852641492499521,0.6638731293111502,0.13446406954990647,0.5210000927689789,0.12535776247383115,,,
german__linear__cols,detail,,0,german__linear__cols__sample_seed_0,completed,german,linear,cols,1,prediction_not_equal_desired_class,50,50,50,17.0,614.0,True,1.0,0.1071428507566452,0.1071428507566452,5.0,1.0,5.0,1.0,1.919239022779795,0.4487317046329921,1.2422037223454794,0.3821797538699385,1.533954707667154,0.10714285714285715,1.0054089696773663,0.10714285714285715,,,
german__linear__cols,detail,,0,german__linear__cols__sample_seed_0,completed,german,linear,cols,1,prediction_not_equal_desired_class,50,50,50,18.0,966.0,True,1.0,0.1071428582072258,0.1071428582072258,5.0,1.0,5.0,1.0,0.3376698682113981,0.044117647058823484,0.2692651412373241,0.044117647058823484,0.39288955595443864,0.10714285714285715,0.34151579145102623,0.10714285714285715,,,
german__linear__cols,detail,,0,german__linear__cols__sample_seed_0,completed,german,linear,cols,1,prediction_not_equal_desired_class,50,50,50,19.0,405.0,True,1.0,0.1607142835855484,0.1607142835855484,5.0,1.0,5.0,1.0,0.46869747899159664,0.06827731092436978,0.3457820065180834,0.05555322614360235,0.49978991596638644,0.1607142857142857,0.40675756550840836,0.1607142857142857,,,
german__linear__cols,detail,,0,german__linear__cols__sample_seed_0,completed,german,linear,cols,1,prediction_not_equal_desired_class,50,50,50,20.0,446.0,True,1.0,0.3392857313156128,0.3392857313156128,5.0,1.0,5.0,1.0,1.0783253942052224,0.058218962725400586,0.6821356486923136,0.04221339469239873,0.7954247826565424,0.33928571428571425,0.6485445666195956,0.33928571428571425,,,
german__linear__cols,detail,,0,german__linear__cols__sample_seed_0,completed,german,linear,cols,1,prediction_not_equal_desired_class,50,50,50,21.0,812.0,True,1.0,0.6911168098449707,0.678687334060669,5.0,1.0,5.0,1.0,0.9182415224260716,0.017857142857142905,0.6345170158442329,0.017857142857142905,1.2110986652832145,0.691116823091072,0.9595599878861487,0.6786873879755856,,,
german__linear__cols,detail,,0,german__linear__cols__sample_seed_0,completed,german,linear,cols,1,prediction_not_equal_desired_class,50,50,50,22.0,410.0,True,1.0,0.2857142984867096,0.2857142984867096,5.0,1.0,5.0,1.0,1.8130252100840334,0.1764705882352941,1.1293734378594,0.1764705882352941,1.2873949579831934,0.2857142857142857,0.9142141429185644,0.2857142857142857,,,
german__linear__cols,detail,,0,german__linear__cols__sample_seed_0,completed,german,linear,cols,1,prediction_not_equal_desired_class,50,50,50,23.0,706.0,True,1.0,0.7678571343421936,0.7678571343421936,5.0,0.4,2.0,1.0,0.017857142857142905,0.017857142857142905,0.017857142857142905,0.017857142857142905,0.7767857142857142,0.7678571428571428,0.7767857142857142,0.7678571428571428,,,
german__linear__cols,detail,,0,german__linear__cols__sample_seed_0,completed,german,linear,cols,1,prediction_not_equal_desired_class,50,50,50,24.0,306.0,True,1.0,0.5357142686843872,0.5357142686843872,5.0,1.0,5.0,1.0,1.7392857142857143,0.0357142857142857,1.176322738440962,0.0357142857142857,2.107142857142857,0.5357142857142857,1.3115841305715434,0.5357142857142857,,,
german__linear__cols,detail,,0,german__linear__cols__sample_seed_0,completed,german,linear,cols,1,prediction_not_equal_desired_class,50,50,50,25.0,593.0,True,1.0,0.45798319578170776,0.4295794665813446,5.0,1.0,5.0,1.0,1.9038601640722312,0.1365546218487395,1.2079217184997166,0.11110645228720466,1.60198510569629,0.45798319327731096,1.0730964520394677,0.4295794702856147,,,
german__linear__cols,detail,,0,german__linear__cols__sample_seed_0,completed,german,linear,cols,1,prediction_not_equal_desired_class,50,50,50,26.0,338.0,True,1.0,0.0357142835855484,0.0357142835855484,5.0,1.0,5.0,1.0,0.09285714285714285,0.01785714285714285,0.09285714285714285,0.01785714285714285,0.11428571428571425,0.0357142857142857,0.11428571428571425,0.0357142857142857,,,
german__linear__cols,detail,,0,german__linear__cols__sample_seed_0,completed,german,linear,cols,1,prediction_not_equal_desired_class,50,50,50,27.0,813.0,True,1.0,0.03571426868438721,0.03571426868438721,5.0,1.0,5.0,1.0,0.9035714285714285,0.017857142857142794,0.6041141114091525,0.017857142857142794,0.5107142857142858,0.0357142857142857,0.3479424180411871,0.0357142857142857,,,
german__linear__cols,detail,,0,german__linear__cols__sample_seed_0,completed,german,linear,cols,1,prediction_not_equal_desired_class,50,50,50,28.0,645.0,True,1.0,0.5714285969734192,0.5714285969734192,5.0,1.0,5.0,1.0,1.357142857142857,0.017857142857142794,0.924475130068841,0.017857142857142794,1.5035714285714286,0.5714285714285714,1.0426182499383334,0.5714285714285714,,,
german__linear__cols,detail,,0,german__linear__cols__sample_seed_0,completed,german,linear,cols,1,prediction_not_equal_desired_class,50,50,50,29.0,746.0,True,1.0,0.089285708963871,0.089285708963871,5.0,1.0,5.0,1.0,1.0855042016806724,0.05357142857142855,0.7352965839828223,0.05357142857142855,0.7302521008403363,0.0892857142857143,0.5151755162438263,0.0892857142857143,,,
german__linear__cols,detail,,0,german__linear__cols__sample_seed_0,completed,german,linear,cols,1,prediction_not_equal_desired_class,50,50,50,30.0,522.0,False,0.0,,,5.0,0.0,,,,,,,,,,,,,
german__linear__cols,detail,,0,german__linear__cols__sample_seed_0,completed,german,linear,cols,1,prediction_not_equal_desired_class,50,50,50,31.0,728.0,True,1.0,2.1451680660247803,1.421412467956543,5.0,1.0,5.0,1.0,0.10630256724677323,0.002861230329041453,0.08796343974132238,0.002861230329041453,2.21931330472103,2.1451681365844455,1.4298597110907534,1.4214125030958866,,,
german__linear__cols,detail,,0,german__linear__cols__sample_seed_0,completed,german,linear,cols,1,prediction_not_equal_desired_class,50,50,50,32.0,739.0,True,1.0,0.4464285969734192,0.4464285969734192,5.0,1.0,5.0,1.0,1.723109243697479,0.017857142857142905,1.0837286157552615,0.017857142857142905,1.3472689075630253,0.4464285714285714,0.9360658133383122,0.4464285714285714,,,
german__linear__cols,detail,,0,german__linear__cols__sample_seed_0,completed,german,linear,cols,1,prediction_not_equal_desired_class,50,50,50,33.0,701.0,True,1.0,0.40364179015159607,0.3930051326751709,5.0,1.0,5.0,1.0,0.07238283890644406,0.005337295036865863,0.06496953881968279,0.005337295036865863,0.5019234699492209,0.40364178025122227,0.4796125119332954,0.39300514385641233,,,
german__linear__cols,detail,,0,german__linear__cols__sample_seed_0,completed,german,linear,cols,1,prediction_not_equal_desired_class,50,50,50,34.0,918.0,True,1.0,0.4464285969734192,0.4464285969734192,5.0,1.0,5.0,1.0,2.0,0.01785714285714285,1.298162455692378,0.01785714285714285,1.7285714285714289,0.4464285714285714,1.222030273037174,0.4464285714285714,,,
german__linear__cols,detail,,0,german__linear__cols__sample_seed_0,completed,german,linear,cols,1,prediction_not_equal_desired_class,50,50,50,35.0,628.0,True,1.0,0.2857142984867096,0.2857142984867096,5.0,1.0,5.0,1.0,0.12840399943404232,0.005337295036865863,0.10996588209359179,0.005337295036865863,0.37595583958244905,0.28571428571428575,0.36127682419202484,0.28571428571428575,,,
german__linear__cols,detail,,0,german__linear__cols__sample_seed_0,completed,german,linear,cols,1,prediction_not_equal_desired_class,50,50,50,36.0,340.0,True,1.0,0.4301120638847351,0.42857417464256287,5.0,1.0,5.0,1.0,1.4387482394740663,0.0372549481991542,0.9255565001421864,0.035747501240980646,1.278764889911065,0.4301120910562971,0.8810161711043317,0.42857419781018946,,,
german__linear__cols,detail,,0,german__linear__cols__sample_seed_0,completed,german,linear,cols,1,prediction_not_equal_desired_class,50,50,50,37.0,292.0,True,1.0,0.1250000298023224,0.1250000298023224,5.0,1.0,5.0,1.0,1.7937255225629376,0.2142857142857143,1.184842299741352,0.20132200688319282,1.391505618424326,0.12499999999999994,0.9475457539056873,0.12499999999999994,,,
german__linear__cols,detail,,0,german__linear__cols__sample_seed_0,completed,german,linear,cols,1,prediction_not_equal_desired_class,50,50,50,38.0,169.0,True,1.0,0.5178571343421936,0.5178571343421936,5.0,1.0,5.0,1.0,2.1639540002200945,0.6955992862645223,1.3792627142505023,0.6616345899439726,1.9462627143957618,0.5178571428571428,1.277639808922577,0.5178571428571428,,,
german__linear__cols,detail,,0,german__linear__cols__sample_seed_0,completed,german,linear,cols,1,prediction_not_equal_desired_class,50,50,50,39.0,1.0,True,1.0,2.939136028289795,1.6918500661849976,5.0,0.4,2.0,1.0,0.08823529411764708,0.08823529411764708,0.08823529411764708,0.08823529411764708,2.9832536183836362,2.9391359713248124,1.692999680855992,1.6918500251271598,,,
german__linear__cols,detail,,0,german__linear__cols__sample_seed_0,completed,german,linear,cols,1,prediction_not_equal_desired_class,50,50,50,40.0,18.0,True,1.0,0.5357142686843872,0.5357142686843872,5.0,1.0,5.0,1.0,1.560714285714286,0.0535714285714286,1.041660262442972,0.0535714285714286,1.9642857142857142,0.5357142857142856,1.2692480376460566,0.5357142857142856,,,
german__linear__cols,detail,,0,german__linear__cols__sample_seed_0,completed,german,linear,cols,1,prediction_not_equal_desired_class,50,50,50,41.0,672.0,False,0.0,,,5.0,0.0,,,,,,,,,,,,,
german__linear__cols,detail,,0,german__linear__cols__sample_seed_0,completed,german,linear,cols,1,prediction_not_equal_desired_class,50,50,50,42.0,983.0,True,1.0,0.5714285969734192,0.5714285969734192,5.0,1.0,5.0,1.0,0.06071428571428572,0.017857142857142794,0.06071428571428572,0.017857142857142794,0.6214285714285716,0.5714285714285714,0.6214285714285716,0.5714285714285714,,,
german__linear__cols,detail,,0,german__linear__cols__sample_seed_0,completed,german,linear,cols,1,prediction_not_equal_desired_class,50,50,50,43.0,542.0,True,1.0,0.2327481061220169,0.23214364051818848,5.0,1.0,5.0,1.0,1.681512443207722,0.023194437894008713,1.076840244476178,0.01863771094665224,1.2829666399408888,0.23274811740476978,0.8282573008432423,0.23214364618148317,,,
german__linear__cols,detail,,0,german__linear__cols__sample_seed_0,completed,german,linear,cols,1,prediction_not_equal_desired_class,50,50,50,44.0,118.0,True,1.0,0.589285671710968,0.589285671710968,5.0,1.0,5.0,1.0,1.2715008882390857,0.017057334653901163,0.8759911241738966,0.017057334653901163,1.830626169252779,0.5892857142857143,1.1600391108071795,0.5892857142857143,,,
german__linear__cols,detail,,0,german__linear__cols__sample_seed_0,completed,german,linear,cols,1,prediction_not_equal_desired_class,50,50,50,45.0,915.0,False,0.0,,,5.0,0.0,,,,,,,,,,,,,
german__linear__cols,detail,,0,german__linear__cols__sample_seed_0,completed,german,linear,cols,1,prediction_not_equal_desired_class,50,50,50,46.0,973.0,False,0.0,,,5.0,0.0,,,,,,,,,,,,,
german__linear__cols,detail,,0,german__linear__cols__sample_seed_0,completed,german,linear,cols,1,prediction_not_equal_desired_class,50,50,50,47.0,833.0,True,1.0,0.10714283585548401,0.10714283585548401,5.0,1.0,5.0,1.0,1.8404769765284787,0.2465551258469713,1.1937657545318605,0.20272359293217498,1.4386230722067634,0.1071428571428572,0.9566871639705162,0.1071428571428572,,,
german__linear__cols,detail,,0,german__linear__cols__sample_seed_0,completed,german,linear,cols,1,prediction_not_equal_desired_class,50,50,50,48.0,136.0,True,1.0,0.3571428656578064,0.3571428656578064,5.0,1.0,5.0,1.0,1.523949579831933,0.05357142857142849,0.9661448053276244,0.05357142857142849,1.9119747899159663,0.35714285714285715,1.1968377658344953,0.35714285714285715,,,
german__linear__cols,detail,,0,german__linear__cols__sample_seed_0,completed,german,linear,cols,1,prediction_not_equal_desired_class,50,50,50,49.0,556.0,True,1.0,0.0714285671710968,0.0714285671710968,5.0,1.0,5.0,1.0,1.6926470588235294,0.04726890756302521,1.0893854235554383,0.03440827595411597,1.0367647058823528,0.07142857142857142,0.7007611706443437,0.07142857142857142,,,
german__linear__cols,detail,,0,german__linear__cols__sample_seed_0,completed,german,linear,cols,1,prediction_not_equal_desired_class,50,50,50,50.0,328.0,True,1.0,0.2857142686843872,0.2857142686843872,5.0,1.0,5.0,1.0,1.5871848739495795,0.0892857142857143,1.0354168681414415,0.08395479496927762,1.2533613445378151,0.2857142857142857,0.8261293871947469,0.2857142857142857,,,
german__linear__cols,summary,seed,0,german__linear__cols__sample_seed_0,completed,german,linear,cols,1,prediction_not_equal_desired_class,50,50,50,,,,0.86,0.5006210169819898,0.4309320344134819,5.0,0.836,4.8604651162790695,1.0,1.1809226706491023,0.08598448554297146,0.7805081783236353,0.07805652263772402,1.3075111686094203,0.500621018943559,0.8890993288630357,0.43093203988929774,43.0,,94.857509
german__mlp__dice,detail,,0,german__mlp__dice__sample_seed_0,completed,german,mlp,dice,1,prediction_not_equal_desired_class,50,50,50,1.0,622.0,True,1.0,0.1113731861114502,0.09055452793836594,5.0,1.0,5.0,1.0,1.4453464031219483,0.2888699322938919,0.8846559168834363,0.18541578007496803,0.8416947660036159,0.11137321992736685,0.5652328358948304,0.09055453668875237,,,
german__mlp__dice,detail,,0,german__mlp__dice__sample_seed_0,completed,german,mlp,dice,1,prediction_not_equal_desired_class,50,50,50,2.0,378.0,True,1.0,0.6268399953842163,0.45528730750083923,5.0,1.0,5.0,1.0,2.3326224207878115,0.495697021484375,1.308476633635641,0.3195624556935344,1.8652759222150705,0.6268400779018736,1.0833614066856398,0.44081697031199935,,,
german__mlp__dice,detail,,0,german__mlp__dice__sample_seed_0,completed,german,mlp,dice,1,prediction_not_equal_desired_class,50,50,50,3.0,63.0,True,1.0,0.6203742623329163,0.42661914229393005,5.0,1.0,5.0,1.0,2.6170255720615385,0.6339669823646545,1.4242554818197335,0.39747841726029776,2.0762439944376103,0.6203742641824272,1.1217353894018056,0.4266191596872067,,,
german__mlp__dice,detail,,0,german__mlp__dice__sample_seed_0,completed,german,mlp,dice,1,prediction_not_equal_desired_class,50,50,50,4.0,331.0,True,1.0,2.2654948234558105,1.423507809638977,5.0,1.0,5.0,1.0,1.448544784844853,0.23084098100662231,0.8422148058818548,0.1446712310448032,2.1062875387104603,0.4672889825162305,1.2254876572824542,0.28291705879733325,,,
german__mlp__dice,detail,,0,german__mlp__dice__sample_seed_0,completed,german,mlp,dice,1,prediction_not_equal_desired_class,50,50,50,5.0,952.0,True,1.0,2.412553548812866,1.4472293853759766,5.0,1.0,5.0,1.0,1.4995096107944845,0.2413540482521057,0.865076787032679,0.16277794444978616,2.156266225871436,0.6296697709459665,1.2421596060380822,0.36400724244696175,,,
german__mlp__dice,detail,,0,german__mlp__dice__sample_seed_0,completed,german,mlp,dice,1,prediction_not_equal_desired_class,50,50,50,6.0,170.0,True,1.0,2.1972689628601074,1.4229577779769897,5.0,1.0,5.0,1.0,1.5650752026587724,0.23377899825572968,0.9214623756701578,0.13539958810441854,2.62323552065468,2.1972691525576304,1.4924840933604844,1.422957821836404,,,
german__mlp__dice,detail,,0,german__mlp__dice__sample_seed_0,completed,german,mlp,dice,1,prediction_not_equal_desired_class,50,50,50,7.0,433.0,True,1.0,0.30116942524909973,0.27689188718795776,5.0,1.0,5.0,1.0,1.5574203871190548,0.1662929654121399,0.9170024718004042,0.10477820940434501,0.9709489055174794,0.30116941211213344,0.6270239188524799,0.27689186889575196,,,
german__mlp__dice,detail,,0,german__mlp__dice__sample_seed_0,completed,german,mlp,dice,1,prediction_not_equal_desired_class,50,50,50,8.0,321.0,True,1.0,0.4998115599155426,0.34185564517974854,5.0,1.0,5.0,1.0,1.5677302131662145,0.41548100858926773,0.9124568891101548,0.26002415693213243,0.9517597511731484,0.4799064483939134,0.6040764855254822,0.32213322598601174,,,
german__mlp__dice,detail,,0,german__mlp__dice__sample_seed_0,completed,german,mlp,dice,1,prediction_not_equal_desired_class,50,50,50,9.0,910.0,True,1.0,2.127462148666382,1.4191941022872925,5.0,1.0,5.0,1.0,2.1751630164682867,0.36967599391937256,1.2532301781202582,0.23613792228652558,1.5732515669885991,0.48935357648544314,1.0402149467296744,0.4609468631671606,,,
german__mlp__dice,detail,,0,german__mlp__dice__sample_seed_0,completed,german,mlp,dice,1,prediction_not_equal_desired_class,50,50,50,10.0,124.0,True,1.0,2.2293758392333984,1.421434760093689,5.0,1.0,5.0,1.0,1.4564131952589379,0.23081502318382263,0.8465151973741509,0.144828916502907,2.1389351188696217,0.5104398127085976,1.236969732543764,0.309861249253348,,,
german__mlp__dice,detail,,0,german__mlp__dice__sample_seed_0,completed,german,mlp,dice,1,prediction_not_equal_desired_class,50,50,50,11.0,11.0,True,1.0,2.400933027267456,1.4382036924362183,5.0,1.0,5.0,1.0,1.9032000094652175,0.2844869941473007,1.0511466906589246,0.16615486925558567,1.8043357337661234,0.6750985274736043,1.1275195743986242,0.5959378254154872,,,
german__mlp__dice,detail,,0,german__mlp__dice__sample_seed_0,completed,german,mlp,dice,1,prediction_not_equal_desired_class,50,50,50,12.0,17.0,True,1.0,0.3518592417240143,0.2353656142950058,5.0,1.0,5.0,1.0,2.4635371940792536,0.5183079838752747,1.3918756243973816,0.3757284997592385,1.743607791517075,0.3518592603931945,1.0194410268039662,0.23536561940609113,,,
german__mlp__dice,detail,,0,german__mlp__dice__sample_seed_0,completed,german,mlp,dice,1,prediction_not_equal_desired_class,50,50,50,13.0,517.0,True,1.0,2.2841436862945557,1.434382677078247,5.0,1.0,5.0,1.0,2.2637599974870684,0.449895977973938,1.2892636629598269,0.26872699031880043,1.7318902098193014,0.5034359629477899,1.094471488207445,0.47118731978235767,,,
german__mlp__dice,detail,,0,german__mlp__dice__sample_seed_0,completed,german,mlp,dice,1,prediction_not_equal_desired_class,50,50,50,14.0,657.0,True,1.0,0.12493866682052612,0.09487435221672058,5.0,1.0,5.0,1.0,2.5134816033765675,0.31202003359794617,1.3930372212787383,0.20600856317587593,1.6704102462113255,0.12493870947092517,0.966727836226999,0.09487437478033577,,,
german__mlp__dice,detail,,0,german__mlp__dice__sample_seed_0,completed,german,mlp,dice,1,prediction_not_equal_desired_class,50,50,50,15.0,566.0,True,1.0,0.1544220745563507,0.12112317979335785,5.0,1.0,5.0,1.0,1.5299441814422607,0.23002398014068604,0.9139734570590502,0.13317609529413074,0.9966705961966792,0.15442207811728223,0.6645948502224245,0.12112317765796561,,,
german__mlp__dice,detail,,0,german__mlp__dice__sample_seed_0,completed,german,mlp,dice,1,prediction_not_equal_desired_class,50,50,50,16.0,614.0,True,1.0,0.5007210969924927,0.3409082293510437,5.0,1.0,5.0,1.0,1.5625856198370456,0.22918204963207245,0.9195012185693979,0.13267845861867092,2.376846735536954,0.5007210783536563,1.2963262881489588,0.3409082427586144,,,
german__mlp__dice,detail,,0,german__mlp__dice__sample_seed_0,completed,german,mlp,dice,1,prediction_not_equal_desired_class,50,50,50,17.0,966.0,True,1.0,0.28847557306289673,0.28391149640083313,5.0,1.0,5.0,1.0,2.150097815692425,0.34205401688814163,1.2334923205724917,0.19915177803287418,1.6030803450438171,0.28847557502735455,0.9793584478287916,0.24709873276885713,,,
german__mlp__dice,detail,,0,german__mlp__dice__sample_seed_0,completed,german,mlp,dice,1,prediction_not_equal_desired_class,50,50,50,18.0,66.0,True,1.0,2.1865341663360596,1.4196703433990479,5.0,1.0,5.0,1.0,1.416302983649075,0.2494189590215683,0.8381385290832549,0.20797599503244382,2.116692431163451,0.40632906915948097,1.2241666397104278,0.24521346854407827,,,
german__mlp__dice,detail,,0,german__mlp__dice__sample_seed_0,completed,german,mlp,dice,1,prediction_not_equal_desired_class,50,50,50,19.0,182.0,True,1.0,2.1208178997039795,1.4174753427505493,5.0,1.0,5.0,1.0,1.939950580894947,0.5327979847788811,1.153705329157068,0.3476933503078013,1.951451385818824,0.5050369242971403,1.2158913323255622,0.33895283097118956,,,
german__mlp__dice,detail,,0,german__mlp__dice__sample_seed_0,completed,german,mlp,dice,1,prediction_not_equal_desired_class,50,50,50,20.0,163.0,True,1.0,0.15549954771995544,0.10152778029441833,5.0,1.0,5.0,1.0,2.086267992295325,0.8323059813119471,1.2454752886190437,0.6020889277399148,1.2772771875765625,0.15549956355649874,0.8551065500114754,0.10152778099891618,,,
german__mlp__dice,detail,,0,german__mlp__dice__sample_seed_0,completed,german,mlp,dice,1,prediction_not_equal_desired_class,50,50,50,21.0,405.0,True,1.0,2.4941275119781494,1.4548003673553467,5.0,1.0,5.0,1.0,1.5558917924761773,0.22309201955795288,0.9171085169087588,0.12899057591249433,2.750855571750995,2.4941275413764563,1.509297100056139,1.454800374441847,,,
german__mlp__dice,detail,,0,german__mlp__dice__sample_seed_0,completed,german,mlp,dice,1,prediction_not_equal_desired_class,50,50,50,22.0,446.0,True,1.0,0.41032201051712036,0.3956587016582489,5.0,1.0,5.0,1.0,2.1152129977941514,0.38681403547525406,1.2315383975564336,0.2427329817319399,1.5513087768984561,0.41032204590719384,1.005851953195907,0.3287491320712599,,,
german__mlp__dice,detail,,0,german__mlp__dice__sample_seed_0,completed,german,mlp,dice,1,prediction_not_equal_desired_class,50,50,50,23.0,419.0,True,1.0,2.2355916500091553,1.4281865358352661,5.0,1.0,5.0,1.0,1.5631671994924545,0.22920295596122742,0.9204511488678919,0.13269077789720207,2.2098078852849907,0.3741225922738897,1.2493435897526182,0.25618069135846055,,,
german__mlp__dice,detail,,0,german__mlp__dice__sample_seed_0,completed,german,mlp,dice,1,prediction_not_equal_desired_class,50,50,50,24.0,812.0,True,1.0,0.38883697986602783,0.27018991112709045,5.0,1.0,5.0,1.0,2.329520004428923,0.641696035861969,1.3116910930242676,0.4152413186306104,1.8023071876912629,0.3888369687810884,1.0424601354101897,0.2701899013131422,,,
german__mlp__dice,detail,,0,german__mlp__dice__sample_seed_0,completed,german,mlp,dice,1,prediction_not_equal_desired_class,50,50,50,25.0,410.0,True,1.0,0.5734461545944214,0.4016668498516083,5.0,1.0,5.0,1.0,1.6226964073255659,0.2889869809150696,0.9528184743525596,0.21506034992772216,2.327743318610262,0.5734461388315556,1.3013338100748133,0.4016668284069606,,,
german__mlp__dice,detail,,0,german__mlp__dice__sample_seed_0,completed,german,mlp,dice,1,prediction_not_equal_desired_class,50,50,50,26.0,706.0,True,1.0,0.2612508535385132,0.19898004829883575,5.0,1.0,5.0,1.0,1.4948205910623074,0.36945101618766785,0.9037045722375885,0.2177825526138581,0.9830609809210455,0.26125081502283554,0.6465940245724827,0.19898004485181478,,,
german__mlp__dice,detail,,0,german__mlp__dice__sample_seed_0,completed,german,mlp,dice,1,prediction_not_equal_desired_class,50,50,50,27.0,306.0,True,1.0,0.249431312084198,0.2299513965845108,5.0,1.0,5.0,1.0,2.187654608860612,0.2624849984422326,1.2373093745249177,0.17876063543591297,1.5954319833286221,0.24943130618392773,0.9935516783595972,0.2299513848421291,,,
german__mlp__dice,detail,,0,german__mlp__dice__sample_seed_0,completed,german,mlp,dice,1,prediction_not_equal_desired_class,50,50,50,28.0,337.0,True,1.0,2.318844795227051,1.430509090423584,5.0,1.0,5.0,1.0,1.563764999061823,0.22921401262283325,0.9200942608789917,0.13269815064036455,2.3674419038485963,0.47739229776297165,1.294280919349481,0.3308560775397708,,,
german__mlp__dice,detail,,0,german__mlp__dice__sample_seed_0,completed,german,mlp,dice,1,prediction_not_equal_desired_class,50,50,50,29.0,593.0,True,1.0,0.5466611385345459,0.3575105667114258,5.0,1.0,5.0,1.0,1.5472348030656575,0.22945797443389893,0.9154672978454856,0.13273770247080027,2.374243458348173,0.5466611191189524,1.2973710459733192,0.35751055088846373,,,
german__mlp__dice,detail,,0,german__mlp__dice__sample_seed_0,completed,german,mlp,dice,1,prediction_not_equal_desired_class,50,50,50,30.0,559.0,True,1.0,2.2428884506225586,1.4282444715499878,5.0,1.0,5.0,1.0,1.5647898141294718,0.2337549924850464,0.9209726314929048,0.13538490341999196,2.6194410862144664,2.2428883452452464,1.4877977919283982,1.4282444415916682,,,
german__mlp__dice,detail,,0,german__mlp__dice__sample_seed_0,completed,german,mlp,dice,1,prediction_not_equal_desired_class,50,50,50,31.0,283.0,True,1.0,0.2011144757270813,0.11998645961284637,5.0,1.0,5.0,1.0,1.9552542001008988,0.3617960289120674,1.1362123665926258,0.2392072954775679,1.9821232267793842,0.20111445963364794,1.19248473438561,0.11998644853532907,,,
german__mlp__dice,detail,,0,german__mlp__dice__sample_seed_0,completed,german,mlp,dice,1,prediction_not_equal_desired_class,50,50,50,32.0,100.0,True,1.0,2.353696823120117,1.4441940784454346,5.0,1.0,5.0,1.0,1.5070935852825642,0.2204669862985611,0.901132522439983,0.12745520812170796,2.493631932600834,2.335726938006428,1.4622714777456411,1.4331147154472723,,,
german__mlp__dice,detail,,0,german__mlp__dice__sample_seed_0,completed,german,mlp,dice,1,prediction_not_equal_desired_class,50,50,50,33.0,813.0,True,1.0,0.06218361854553223,0.05866987630724907,5.0,1.0,5.0,1.0,1.9734009943902493,0.32701604068279266,1.1797311844732692,0.20567720690948377,1.1401624068235474,0.062183590176906084,0.7549531093311812,0.05866985825800347,,,
german__mlp__dice,detail,,0,german__mlp__dice__sample_seed_0,completed,german,mlp,dice,1,prediction_not_equal_desired_class,50,50,50,34.0,746.0,True,1.0,0.4262542426586151,0.304047167301178,5.0,1.0,5.0,1.0,1.5537062142044307,0.22902199625968933,0.9177829335879364,0.13258117036422795,2.35916770883656,0.4262542464136533,1.2913511108848925,0.304047143452091,,,
german__mlp__dice,detail,,0,german__mlp__dice__sample_seed_0,completed,german,mlp,dice,1,prediction_not_equal_desired_class,50,50,50,35.0,728.0,True,1.0,2.4155478477478027,1.4687674045562744,5.0,1.0,5.0,1.0,1.478652796149254,0.2712450325489044,0.902486765785348,0.17984567344414842,2.1380135344437914,0.7973633991788283,1.2774757301433617,0.49291980895437265,,,
german__mlp__dice,detail,,0,german__mlp__dice__sample_seed_0,completed,german,mlp,dice,1,prediction_not_equal_desired_class,50,50,50,36.0,739.0,True,1.0,0.3939722776412964,0.38190287351608276,5.0,1.0,5.0,1.0,2.2230888136895373,0.3447319924016483,1.2401797819196947,0.19952766813246198,1.6059077480308255,0.3939722812671639,1.007147028404364,0.32138730435506435,,,
german__mlp__dice,detail,,0,german__mlp__dice__sample_seed_0,completed,german,mlp,dice,1,prediction_not_equal_desired_class,50,50,50,37.0,918.0,True,1.0,0.27481043338775635,0.17493633925914764,5.0,1.0,5.0,1.0,1.4358478008769453,0.2031330019235611,0.8619106709548259,0.13610911809080697,0.8305910495620118,0.27481044021341594,0.5377196504073682,0.17493634983613715,,,
german__mlp__dice,detail,,0,german__mlp__dice__sample_seed_0,completed,german,mlp,dice,1,prediction_not_equal_desired_class,50,50,50,38.0,340.0,True,1.0,2.414886474609375,1.446891188621521,5.0,1.0,5.0,1.0,1.6032942143268882,0.26468999683856964,0.9117717706732776,0.1619511760860974,2.2659130272278145,0.8007148937163543,1.2802011534433628,0.46393939787265076,,,
german__mlp__dice,detail,,0,german__mlp__dice__sample_seed_0,completed,german,mlp,dice,1,prediction_not_equal_desired_class,50,50,50,39.0,855.0,True,1.0,2.2999746799468994,1.4427393674850464,5.0,1.0,5.0,1.0,1.5543432030826807,0.22307002544403076,0.9169104947008387,0.1289778447297035,2.5696722970421626,2.299974684242074,1.4743815593480945,1.4357308576054173,,,
german__mlp__dice,detail,,0,german__mlp__dice__sample_seed_0,completed,german,mlp,dice,1,prediction_not_equal_desired_class,50,50,50,40.0,169.0,True,1.0,0.5178337693214417,0.3579583168029785,5.0,1.0,5.0,1.0,1.5677302131662145,0.41548100858926773,0.9124568891101548,0.26002415693213243,0.9624410226913296,0.46188423455624883,0.610812762821233,0.3173006372697933,,,
german__mlp__dice,detail,,0,german__mlp__dice__sample_seed_0,completed,german,mlp,dice,1,prediction_not_equal_desired_class,50,50,50,41.0,1.0,True,1.0,2.3114352226257324,1.4408217668533325,5.0,1.0,5.0,1.0,2.2713231950998307,0.47099000215530396,1.2890876687054114,0.29304172698167436,1.796254262865764,0.5927483567754357,1.1212852683578525,0.577925170624257,,,
german__mlp__dice,detail,,0,german__mlp__dice__sample_seed_0,completed,german,mlp,dice,1,prediction_not_equal_desired_class,50,50,50,42.0,18.0,True,1.0,0.391797810792923,0.3097737729549408,5.0,1.0,5.0,1.0,2.275865378975868,0.4361700415611267,1.2835349871361141,0.30266879371044736,1.7673746573770632,0.39179781231518396,1.0365990610287583,0.309773769073187,,,
german__mlp__dice,detail,,0,german__mlp__dice__sample_seed_0,completed,german,mlp,dice,1,prediction_not_equal_desired_class,50,50,50,43.0,30.0,True,1.0,2.244596481323242,1.4283000230789185,5.0,1.0,5.0,1.0,1.5243680097162724,0.22245804965496063,0.9103903134287101,0.12871641110189289,2.5510918347853155,2.2445962578608776,1.477284229795163,1.427928021141939,,,
german__mlp__dice,detail,,0,german__mlp__dice__sample_seed_0,completed,german,mlp,dice,1,prediction_not_equal_desired_class,50,50,50,44.0,983.0,True,1.0,0.23787003755569458,0.1627337783575058,5.0,1.0,5.0,1.0,2.4428294241428374,0.49937400221824646,1.3831859994984081,0.34605387177343494,1.7529674427765847,0.2378700438082808,1.0068635291701455,0.16273378023513013,,,
german__mlp__dice,detail,,0,german__mlp__dice__sample_seed_0,completed,german,mlp,dice,1,prediction_not_equal_desired_class,50,50,50,45.0,717.0,True,1.0,2.20670485496521,1.4278934001922607,5.0,1.0,5.0,1.0,1.5647898141294718,0.2337549924850464,0.9209726314929048,0.13538490341999196,2.607228667999766,2.2067048090932153,1.4863207207998816,1.427893442697215,,,
german__mlp__dice,detail,,0,german__mlp__dice__sample_seed_0,completed,german,mlp,dice,1,prediction_not_equal_desired_class,50,50,50,46.0,118.0,True,1.0,0.35949450731277466,0.31951162219047546,5.0,1.0,5.0,1.0,2.21555038690567,0.23991399630904198,1.2353961792826902,0.1575780021508243,1.6226716919363358,0.3594945354209671,1.014858989867488,0.31951161029935904,,,
german__mlp__dice,detail,,0,german__mlp__dice__sample_seed_0,completed,german,mlp,dice,1,prediction_not_equal_desired_class,50,50,50,47.0,683.0,True,1.0,0.2735448479652405,0.23551541566848755,5.0,1.0,5.0,1.0,2.259708397090435,0.491241991519928,1.3411420943346684,0.35373327694214896,1.8787644330780413,0.2735448384678832,1.1902635309125655,0.23551540211253807,,,
german__mlp__dice,detail,,0,german__mlp__dice__sample_seed_0,completed,german,mlp,dice,1,prediction_not_equal_desired_class,50,50,50,48.0,915.0,True,1.0,2.683441162109375,1.535353422164917,5.0,1.0,5.0,1.0,2.5883281886577607,0.38635197281837463,1.4129023304107442,0.26043262983657395,2.575561900274092,1.3574789935300329,1.406011035915396,0.8336492551052118,,,
german__mlp__dice,detail,,0,german__mlp__dice__sample_seed_0,completed,german,mlp,dice,1,prediction_not_equal_desired_class,50,50,50,49.0,136.0,True,1.0,0.33338844776153564,0.221442312002182,5.0,1.0,5.0,1.0,2.0432178039103746,0.5132509917020798,1.1982686401821874,0.38874233134968855,1.3130215762456665,0.33338842598496865,0.79100586368801,0.22144230811975782,,,
german__mlp__dice,detail,,0,german__mlp__dice__sample_seed_0,completed,german,mlp,dice,1,prediction_not_equal_desired_class,50,50,50,50.0,556.0,True,1.0,0.5306380391120911,0.3166700005531311,5.0,1.0,5.0,1.0,1.6241998083889484,0.41114503145217896,0.9371160386620702,0.2625788797119493,2.2464423500354513,0.5306380457374568,1.2544763349583126,0.31667000763634034,,,
german__mlp__dice,summary,seed,0,german__mlp__dice__sample_seed_0,completed,german,mlp,dice,1,prediction_not_equal_desired_class,50,50,50,,,,1.0,1.172293112874031,0.7561356315761805,5.0,1.0,5.0,1.0,1.8540264888897073,0.3429345023969654,1.0725736822149061,0.22125650886473833,1.872336137948021,0.6940048384686329,1.10367998072562,0.4680420017218281,50.0,,366.828747
german__mlp__cols,detail,,0,german__mlp__cols__sample_seed_0,completed,german,mlp,cols,1,prediction_not_equal_desired_class,50,50,50,1.0,622.0,True,1.0,0.125,0.125,5.0,1.0,5.0,1.0,0.45675500969618615,0.1428571428571428,0.3284139760338039,0.1428571428571428,0.39707498383968975,0.125,0.3113450187747726,0.125,,,
german__mlp__cols,detail,,0,german__mlp__cols__sample_seed_0,completed,german,mlp,cols,1,prediction_not_equal_desired_class,50,50,50,2.0,378.0,False,0.0,,,5.0,0.0,,,,,,,,,,,,,
german__mlp__cols,detail,,0,german__mlp__cols__sample_seed_0,completed,german,mlp,cols,1,prediction_not_equal_desired_class,50,50,50,3.0,63.0,False,0.0,,,5.0,0.0,,,,,,,,,,,,,
german__mlp__cols,detail,,0,german__mlp__cols__sample_seed_0,completed,german,mlp,cols,1,prediction_not_equal_desired_class,50,50,50,4.0,331.0,True,1.0,0.13897210359573364,0.1021796315908432,5.0,1.0,5.0,1.0,0.3176720275432722,0.01785714285714285,0.23023783623186994,0.01785714285714285,0.30309036457105126,0.13897207942272322,0.25087452428094464,0.10217961467943779,,,
german__mlp__cols,detail,,0,german__mlp__cols__sample_seed_0,completed,german,mlp,cols,1,prediction_not_equal_desired_class,50,50,50,5.0,952.0,True,1.0,0.178571417927742,0.178571417927742,5.0,1.0,5.0,1.0,1.7035714285714285,0.01785714285714285,1.1542159538216468,0.01785714285714285,1.317857142857143,0.17857142857142858,0.9258191198686767,0.17857142857142858,,,
german__mlp__cols,detail,,0,german__mlp__cols__sample_seed_0,completed,german,mlp,cols,1,prediction_not_equal_desired_class,50,50,50,6.0,170.0,True,1.0,0.038791682571172714,0.038791682571172714,5.0,1.0,5.0,1.0,1.2595033721643163,0.07352941176470584,0.7754872215456812,0.07352941176470584,0.7758603804678028,0.0387916804225817,0.5422354904910888,0.0387916804225817,,,
german__mlp__cols,detail,,0,german__mlp__cols__sample_seed_0,completed,german,mlp,cols,1,prediction_not_equal_desired_class,50,50,50,7.0,433.0,True,1.0,0.3560924232006073,0.2820158004760742,5.0,1.0,5.0,1.0,1.5960084033613444,0.0357142857142857,1.0659574205933027,0.0357142857142857,1.8605042016806723,0.3560924369747899,1.208884506987371,0.28201580825836614,,,
german__mlp__cols,detail,,0,german__mlp__cols__sample_seed_0,completed,german,mlp,cols,1,prediction_not_equal_desired_class,50,50,50,8.0,321.0,True,1.0,0.444327712059021,0.32076361775398254,5.0,1.0,5.0,1.0,1.5550420168067227,0.01785714285714285,1.0217832581129793,0.01785714285714285,1.8304621848739497,0.44432773109243695,1.2043318775237613,0.32076364739742963,,,
german__mlp__cols,detail,,0,german__mlp__cols__sample_seed_0,completed,german,mlp,cols,1,prediction_not_equal_desired_class,50,50,50,9.0,910.0,True,1.0,0.5178571343421936,0.5178571343421936,5.0,1.0,5.0,1.0,1.729442767532896,0.2789640616893836,1.112832195437489,0.21306405334091905,1.8915070980521622,0.5178571428571428,1.2591708977852432,0.5178571428571428,,,
german__mlp__cols,detail,,0,german__mlp__cols__sample_seed_0,completed,german,mlp,cols,1,prediction_not_equal_desired_class,50,50,50,10.0,124.0,True,1.0,0.1620997041463852,0.1620997041463852,5.0,1.0,5.0,1.0,1.1656950829192687,0.07962709679447873,0.7343122570560386,0.07189754261796401,0.6900491560110342,0.16209970287223507,0.49864176878557503,0.16209970287223507,,,
german__mlp__cols,detail,,0,german__mlp__cols__sample_seed_0,completed,german,mlp,cols,1,prediction_not_equal_desired_class,50,50,50,11.0,11.0,True,1.0,2.2857141494750977,1.442786455154419,5.0,1.0,5.0,1.0,1.0343937178701128,0.025945620902702443,0.6916948592608037,0.01960359732584577,2.444153736106526,2.2857142857142856,1.4703412775087603,1.4427864197660112,,,
german__mlp__cols,detail,,0,german__mlp__cols__sample_seed_0,completed,german,mlp,cols,1,prediction_not_equal_desired_class,50,50,50,12.0,17.0,True,1.0,0.1239495798945427,0.0951891615986824,5.0,1.0,5.0,1.0,0.40504201680672275,0.017857142857142877,0.32369889103717664,0.017857142857142877,0.351890756302521,0.12394957983193279,0.27274738559161565,0.09518916604377474,,,
german__mlp__cols,detail,,0,german__mlp__cols__sample_seed_0,completed,german,mlp,cols,1,prediction_not_equal_desired_class,50,50,50,13.0,517.0,True,1.0,2.0357143878936768,1.4146645069122314,5.0,1.0,5.0,1.0,0.9464285714285715,0.017857142857142863,0.6644587263119864,0.017857142857142863,2.1821428571428574,2.0357142857142856,1.4303211626820618,1.4146644514527398,,,
german__mlp__cols,detail,,0,german__mlp__cols__sample_seed_0,completed,german,mlp,cols,1,prediction_not_equal_desired_class,50,50,50,14.0,657.0,True,1.0,0.1953781247138977,0.13879860937595367,5.0,1.0,5.0,1.0,1.1203056263773257,0.02685154616485086,0.6850048051704548,0.02685154616485086,2.1876243927746075,0.19537815126050417,1.2191927942907896,0.13879862738789014,,,
german__mlp__cols,detail,,0,german__mlp__cols__sample_seed_0,completed,german,mlp,cols,1,prediction_not_equal_desired_class,50,50,50,15.0,566.0,True,1.0,0.024650603532791138,0.024650603532791138,5.0,1.0,5.0,1.0,1.371625084500621,0.14498734455815998,0.9238810863902647,0.14498734455815998,0.9473895203508939,0.0246505997578959,0.6585261341897424,0.0246505997578959,,,
german__mlp__cols,detail,,0,german__mlp__cols__sample_seed_0,completed,german,mlp,cols,1,prediction_not_equal_desired_class,50,50,50,16.0,614.0,True,1.0,0.28471994400024414,0.2523994445800781,5.0,1.0,5.0,1.0,1.2632577197270458,0.08829135814114358,0.8177006288213322,0.06383863617363426,0.8542128934769682,0.2847199295697149,0.6962080987981337,0.25239943246633095,,,
german__mlp__cols,detail,,0,german__mlp__cols__sample_seed_0,completed,german,mlp,cols,1,prediction_not_equal_desired_class,50,50,50,17.0,966.0,True,1.0,0.11123622208833694,0.07870912551879883,5.0,1.0,5.0,1.0,1.6595627191120752,0.28858927195837064,1.089675526593202,0.20538036356861863,1.174092109607131,0.11123622443364932,0.7615815423187211,0.07870912679616808,,,
german__mlp__cols,detail,,0,german__mlp__cols__sample_seed_0,completed,german,mlp,cols,1,prediction_not_equal_desired_class,50,50,50,18.0,66.0,True,1.0,0.022394627332687378,0.022394627332687378,5.0,1.0,5.0,1.0,0.374299373100181,0.0408570328098225,0.30078341443559603,0.029118250099478545,0.25229848624824636,0.022394629690767012,0.2120926459757273,0.022394629690767012,,,
german__mlp__cols,detail,,0,german__mlp__cols__sample_seed_0,completed,german,mlp,cols,1,prediction_not_equal_desired_class,50,50,50,19.0,182.0,True,1.0,0.0059425607323646545,0.0059425607323646545,5.0,1.0,5.0,1.0,0.14052961891260302,0.0026961593485198554,0.11017220115095312,0.0026961593485198554,0.08080478807567927,0.005942555298778476,0.06980633669127269,0.005942555298778476,,,
german__mlp__cols,detail,,0,german__mlp__cols__sample_seed_0,completed,german,mlp,cols,1,prediction_not_equal_desired_class,50,50,50,20.0,163.0,True,1.0,0.47058823704719543,0.47058823704719543,5.0,1.0,5.0,1.0,1.0427967555460613,0.005557389677561364,0.6349120524681788,0.005557389677561364,1.7267906964700708,0.47058823529411764,1.2265538316635922,0.47058823529411764,,,
german__mlp__cols,detail,,0,german__mlp__cols__sample_seed_0,completed,german,mlp,cols,1,prediction_not_equal_desired_class,50,50,50,21.0,405.0,True,1.0,2.251652717590332,1.433519959449768,5.0,1.0,5.0,1.0,1.7648571511800495,0.23379553207879386,1.1099441856892553,0.23379553207879386,2.4218795573693326,2.2516526749359365,1.4640905039755925,1.4335198737272625,,,
german__mlp__cols,detail,,0,german__mlp__cols__sample_seed_0,completed,german,mlp,cols,1,prediction_not_equal_desired_class,50,50,50,22.0,446.0,True,1.0,0.5925321578979492,0.5892946720123291,5.0,1.0,5.0,1.0,2.1154313854957634,0.1282463959502586,1.2394706118429888,0.12504214924042956,1.6479715920703044,0.5925321102359729,1.1285255538401728,0.5892946564732199,,,
german__mlp__cols,detail,,0,german__mlp__cols__sample_seed_0,completed,german,mlp,cols,1,prediction_not_equal_desired_class,50,50,50,23.0,419.0,True,1.0,0.21063056588172913,0.21063056588172913,5.0,1.0,5.0,1.0,1.2640353566319233,0.06113128645317489,0.8739701226712826,0.06113128645317489,0.9752397459479004,0.21063057114559264,0.7101469217700132,0.21063057114559264,,,
german__mlp__cols,detail,,0,german__mlp__cols__sample_seed_0,completed,german,mlp,cols,1,prediction_not_equal_desired_class,50,50,50,24.0,812.0,True,1.0,0.2489495724439621,0.18334269523620605,5.0,1.0,5.0,1.0,0.23088235294117646,0.12394957983193267,0.18821554946538996,0.09518916604377463,0.5006302521008403,0.24894957983193278,0.3607290911817438,0.1833427085015402,,,
german__mlp__cols,detail,,0,german__mlp__cols__sample_seed_0,completed,german,mlp,cols,1,prediction_not_equal_desired_class,50,50,50,25.0,410.0,True,1.0,0.4107142984867096,0.4107142984867096,5.0,1.0,5.0,1.0,1.6598875436605809,0.05838368691814798,1.0387854462411699,0.0361589238535615,1.2429249976649621,0.4107142857142857,0.8497584185369036,0.4107142857142857,,,
german__mlp__cols,detail,,0,german__mlp__cols__sample_seed_0,completed,german,mlp,cols,1,prediction_not_equal_desired_class,50,50,50,26.0,706.0,True,1.0,0.10034547746181488,0.08996808528900146,5.0,1.0,5.0,1.0,1.0008524737065507,0.017857142857142877,0.6521431923728019,0.017857142857142877,0.634354808281847,0.10034546998066311,0.43467925552234143,0.08996808862892529,,,
german__mlp__cols,detail,,0,german__mlp__cols__sample_seed_0,completed,german,mlp,cols,1,prediction_not_equal_desired_class,50,50,50,27.0,306.0,True,1.0,0.4107142686843872,0.4107142686843872,5.0,1.0,5.0,1.0,1.5659045889732586,0.017857142857142905,0.9687011782231016,0.017857142857142905,1.1720035686773884,0.4107142857142857,0.8763349778901308,0.4107142857142857,,,
german__mlp__cols,detail,,0,german__mlp__cols__sample_seed_0,completed,german,mlp,cols,1,prediction_not_equal_desired_class,50,50,50,28.0,337.0,True,1.0,0.16925276815891266,0.16925276815891266,5.0,1.0,5.0,1.0,1.6608911474791301,0.2033753085255231,1.0764798295539773,0.15003993550671307,0.9788166768853463,0.1692527786948388,0.7134835579118003,0.1692527786948388,,,
german__mlp__cols,detail,,0,german__mlp__cols__sample_seed_0,completed,german,mlp,cols,1,prediction_not_equal_desired_class,50,50,50,29.0,593.0,True,1.0,0.2632410526275635,0.2046804130077362,5.0,1.0,5.0,1.0,0.32750396956405536,0.02099349148705379,0.26292107173939455,0.018130478034204003,0.46834017198824063,0.26324105079469884,0.4360004031991558,0.20468040467252258,,,
german__mlp__cols,detail,,0,german__mlp__cols__sample_seed_0,completed,german,mlp,cols,1,prediction_not_equal_desired_class,50,50,50,30.0,559.0,True,1.0,0.011279851198196411,0.011279851198196411,5.0,1.0,5.0,1.0,1.779747362794573,0.03301419610432485,1.1618701257878752,0.03301419610432485,1.301715952145137,0.011279850335644326,0.8811695669516373,0.011279850335644326,,,
german__mlp__cols,detail,,0,german__mlp__cols__sample_seed_0,completed,german,mlp,cols,1,prediction_not_equal_desired_class,50,50,50,31.0,283.0,True,1.0,0.13235294818878174,0.13235294818878174,5.0,1.0,5.0,1.0,1.3361689476054537,0.04411764705882351,0.8979583983709866,0.04411764705882351,1.3269080032144913,0.1323529411764706,0.916861694279046,0.1323529411764706,,,
german__mlp__cols,detail,,0,german__mlp__cols__sample_seed_0,completed,german,mlp,cols,1,prediction_not_equal_desired_class,50,50,50,32.0,100.0,True,1.0,2.019808530807495,1.414352297782898,5.0,1.0,5.0,1.0,1.8844962283361675,0.13305900108475216,1.1804288259446283,0.110232655567902,2.197590310472159,2.019808517662595,1.428880759301856,1.4143522819198862,,,
german__mlp__cols,detail,,0,german__mlp__cols__sample_seed_0,completed,german,mlp,cols,1,prediction_not_equal_desired_class,50,50,50,33.0,813.0,True,1.0,0.021323636174201965,0.01819048821926117,5.0,1.0,5.0,1.0,0.9763386470468015,0.04745987203068752,0.6605633543339977,0.034571652051104525,0.5508898111902403,0.021323633448097012,0.37265853939245863,0.018190494991549386,,,
german__mlp__cols,detail,,0,german__mlp__cols__sample_seed_0,completed,german,mlp,cols,1,prediction_not_equal_desired_class,50,50,50,34.0,746.0,True,1.0,0.13711895048618317,0.13711895048618317,5.0,1.0,5.0,1.0,1.490561870175604,0.017857142857142863,0.9723944840299179,0.017857142857142863,0.9702809350878019,0.13711896115329592,0.7324174786147943,0.13711896115329592,,,
german__mlp__cols,detail,,0,german__mlp__cols__sample_seed_0,completed,german,mlp,cols,1,prediction_not_equal_desired_class,50,50,50,35.0,728.0,True,1.0,2.0,1.4142135381698608,5.0,1.0,5.0,1.0,1.3201680672268907,0.12394957983193267,0.9056936287826332,0.09518916604377463,2.095378151260504,2.0,1.4192406595681615,1.4142135623730951,,,
german__mlp__cols,detail,,0,german__mlp__cols__sample_seed_0,completed,german,mlp,cols,1,prediction_not_equal_desired_class,50,50,50,36.0,739.0,True,1.0,0.375,0.375,5.0,1.0,5.0,1.0,1.6321428571428573,0.07142857142857142,1.0512522563412976,0.07142857142857142,1.8142857142857143,0.375,1.2221491121148602,0.375,,,
german__mlp__cols,detail,,0,german__mlp__cols__sample_seed_0,completed,german,mlp,cols,1,prediction_not_equal_desired_class,50,50,50,37.0,918.0,True,1.0,0.23868244886398315,0.16026219725608826,5.0,1.0,5.0,1.0,1.1848671525394576,0.16716939334333936,0.7045779638923838,0.10363815048167101,0.7730719293329745,0.23868246539289206,0.5248841400743764,0.16026220961924048,,,
german__mlp__cols,detail,,0,german__mlp__cols__sample_seed_0,completed,german,mlp,cols,1,prediction_not_equal_desired_class,50,50,50,38.0,340.0,True,1.0,0.026466399431228638,0.026466399431228638,5.0,1.0,5.0,1.0,1.4013260008526356,0.004897105755474862,0.9042633258320304,0.004897105755474862,0.8287354823078124,0.02646638054363376,0.5677001045000757,0.02646638054363376,,,
german__mlp__cols,detail,,0,german__mlp__cols__sample_seed_0,completed,german,mlp,cols,1,prediction_not_equal_desired_class,50,50,50,39.0,855.0,True,1.0,2.1628305912017822,1.421550989151001,5.0,1.0,5.0,1.0,1.3513370749422253,0.1271164457859737,0.9076791704257754,0.10898869702872464,2.2367778144602175,2.1628307315002595,1.4309912108353529,1.4212972400320592,,,
german__mlp__cols,detail,,0,german__mlp__cols__sample_seed_0,completed,german,mlp,cols,1,prediction_not_equal_desired_class,50,50,50,40.0,169.0,True,1.0,0.4096638262271881,0.3333193361759186,5.0,1.0,5.0,1.0,2.029272171067172,0.27580609662154726,1.3132762385938763,0.25132838005852154,1.792178178633619,0.4096638655462184,1.2068983383868344,0.33331935686161385,,,
german__mlp__cols,detail,,0,german__mlp__cols__sample_seed_0,completed,german,mlp,cols,1,prediction_not_equal_desired_class,50,50,50,41.0,1.0,True,1.0,2.1694040298461914,1.4204213619232178,5.0,1.0,5.0,1.0,1.5732568365741808,0.0537364995519502,0.9777360214183417,0.05357168288949192,2.3759306396708566,2.169404093760317,1.4615412626364246,1.4204213190256878,,,
german__mlp__cols,detail,,0,german__mlp__cols__sample_seed_0,completed,german,mlp,cols,1,prediction_not_equal_desired_class,50,50,50,42.0,18.0,False,0.0,,,5.0,0.0,,,,,,,,,,,,,
german__mlp__cols,detail,,0,german__mlp__cols__sample_seed_0,completed,german,mlp,cols,1,prediction_not_equal_desired_class,50,50,50,43.0,30.0,True,1.0,0.19104605913162231,0.15938468277454376,5.0,1.0,5.0,1.0,1.6835612884969104,0.01785714285714285,1.140343790771833,0.01785714285714285,1.663209215677027,0.1910460783851342,1.1636310010882638,0.1593846793717046,,,
german__mlp__cols,detail,,0,german__mlp__cols__sample_seed_0,completed,german,mlp,cols,1,prediction_not_equal_desired_class,50,50,50,44.0,983.0,True,1.0,0.0357142835855484,0.0357142835855484,5.0,1.0,5.0,1.0,0.24936974789915967,0.05357142857142855,0.21529188721394288,0.05357142857142855,0.219327731092437,0.035714285714285726,0.19943180186205858,0.035714285714285726,,,
german__mlp__cols,detail,,0,german__mlp__cols__sample_seed_0,completed,german,mlp,cols,1,prediction_not_equal_desired_class,50,50,50,45.0,717.0,True,1.0,0.03372950106859207,0.03372950106859207,5.0,1.0,5.0,1.0,0.32582193326323594,0.10180163184455027,0.24181867759408365,0.07761806242981867,0.2665207152520962,0.03372950368658523,0.19920183021200707,0.03372950368658523,,,
german__mlp__cols,detail,,0,german__mlp__cols__sample_seed_0,completed,german,mlp,cols,1,prediction_not_equal_desired_class,50,50,50,46.0,118.0,True,1.0,0.5178571343421936,0.5178571343421936,5.0,1.0,5.0,1.0,1.6035714285714284,0.01785714285714285,1.033911761612062,0.01785714285714285,1.8535714285714284,0.5178571428571429,1.2467069878959256,0.5178571428571429,,,
german__mlp__cols,detail,,0,german__mlp__cols__sample_seed_0,completed,german,mlp,cols,1,prediction_not_equal_desired_class,50,50,50,47.0,683.0,True,1.0,2.0,1.4142135381698608,5.0,1.0,5.0,1.0,1.6614608273154094,0.004181798173214457,1.141978095554092,0.004181798173214457,2.0319849531096694,2.0,1.4149400379542485,1.4142135623730951,,,
german__mlp__cols,detail,,0,german__mlp__cols__sample_seed_0,completed,german,mlp,cols,1,prediction_not_equal_desired_class,50,50,50,48.0,915.0,False,0.0,,,5.0,0.0,,,,,,,,,,,,,
german__mlp__cols,detail,,0,german__mlp__cols__sample_seed_0,completed,german,mlp,cols,1,prediction_not_equal_desired_class,50,50,50,49.0,136.0,True,1.0,0.18592436611652374,0.1427837461233139,5.0,1.0,5.0,1.0,0.25021008403361344,0.05882352941176472,0.21201356615838804,0.05882352941176472,0.34894957983193275,0.18592436974789914,0.2654242209197657,0.14278374906566205,,,
german__mlp__cols,detail,,0,german__mlp__cols__sample_seed_0,completed,german,mlp,cols,1,prediction_not_equal_desired_class,50,50,50,50.0,556.0,True,1.0,0.1607142835855484,0.1607142835855484,5.0,1.0,5.0,1.0,1.667295115471081,0.0714285714285714,1.0902670566924642,0.0714285714285714,0.9890047005926833,0.16071428571428573,0.7514502239630902,0.16071428571428573,,,
german__mlp__cols,summary,seed,0,german__mlp__cols__sample_seed_0,completed,german,mlp,cols,1,prediction_not_equal_desired_class,50,50,50,,,,0.92,0.5436728333487458,0.40661838205288287,5.0,0.92,5.0,1.0,1.2202858896296545,0.07857556087444234,0.7997646114700593,0.06760338951036847,1.2379625731757384,0.5436728389663529,0.8391000449692814,0.4066128636760979,46.0,,96.251992
