run_id,row_type,summary_scope,sample_seed,sample_run_id,status,dataset_name,model_name,method_name,desired_class,factual_filter,requested_factual_count,eligible_factual_count,actual_factual_count,factual_rank,factual_index,counterfactual_found,validity,future_validity,future_invalidation_rate,distance_l1,successful_counterfactual_count,error_message,run_duration_seconds
german__mlp__roar,detail,,0,german__mlp__roar__sample_seed_0,completed,german,mlp,roar,1,prediction_not_equal_desired_class,50,50,50,1.0,622.0,False,0.0,0.0,1.0,,,,
german__mlp__roar,detail,,0,german__mlp__roar__sample_seed_0,completed,german,mlp,roar,1,prediction_not_equal_desired_class,50,50,50,2.0,378.0,True,1.0,0.0,1.0,1.9346652030944824,,,
german__mlp__roar,detail,,0,german__mlp__roar__sample_seed_0,completed,german,mlp,roar,1,prediction_not_equal_desired_class,50,50,50,3.0,63.0,True,1.0,1.0,0.0,2.7253427505493164,,,
german__mlp__roar,detail,,0,german__mlp__roar__sample_seed_0,completed,german,mlp,roar,1,prediction_not_equal_desired_class,50,50,50,4.0,331.0,True,1.0,1.0,0.0,2.8666832447052,,,
german__mlp__roar,detail,,0,german__mlp__roar__sample_seed_0,completed,german,mlp,roar,1,prediction_not_equal_desired_class,50,50,50,5.0,952.0,True,1.0,1.0,0.0,3.1029582023620605,,,
german__mlp__roar,detail,,0,german__mlp__roar__sample_seed_0,completed,german,mlp,roar,1,prediction_not_equal_desired_class,50,50,50,6.0,170.0,True,1.0,0.0,1.0,2.684081077575684,,,
german__mlp__roar,detail,,0,german__mlp__roar__sample_seed_0,completed,german,mlp,roar,1,prediction_not_equal_desired_class,50,50,50,7.0,433.0,True,1.0,1.0,0.0,3.3412394523620605,,,
german__mlp__roar,detail,,0,german__mlp__roar__sample_seed_0,completed,german,mlp,roar,1,prediction_not_equal_desired_class,50,50,50,8.0,321.0,True,1.0,1.0,0.0,3.8123295307159424,,,
german__mlp__roar,detail,,0,german__mlp__roar__sample_seed_0,completed,german,mlp,roar,1,prediction_not_equal_desired_class,50,50,50,9.0,910.0,True,1.0,1.0,0.0,3.4006595611572266,,,
german__mlp__roar,detail,,0,german__mlp__roar__sample_seed_0,completed,german,mlp,roar,1,prediction_not_equal_desired_class,50,50,50,10.0,124.0,True,1.0,1.0,0.0,2.7349894046783447,,,
german__mlp__roar,detail,,0,german__mlp__roar__sample_seed_0,completed,german,mlp,roar,1,prediction_not_equal_desired_class,50,50,50,11.0,11.0,False,0.0,0.0,1.0,,,,
german__mlp__roar,detail,,0,german__mlp__roar__sample_seed_0,completed,german,mlp,roar,1,prediction_not_equal_desired_class,50,50,50,12.0,17.0,True,1.0,1.0,0.0,2.5959763526916504,,,
german__mlp__roar,detail,,0,german__mlp__roar__sample_seed_0,completed,german,mlp,roar,1,prediction_not_equal_desired_class,50,50,50,13.0,517.0,True,1.0,1.0,0.0,3.638495922088623,,,
german__mlp__roar,detail,,0,german__mlp__roar__sample_seed_0,completed,german,mlp,roar,1,prediction_not_equal_desired_class,50,50,50,14.0,657.0,False,0.0,0.0,1.0,,,,
german__mlp__roar,detail,,0,german__mlp__roar__sample_seed_0,completed,german,mlp,roar,1,prediction_not_equal_desired_class,50,50,50,15.0,566.0,True,1.0,1.0,0.0,2.933183193206787,,,
german__mlp__roar,detail,,0,german__mlp__roar__sample_seed_0,completed,german,mlp,roar,1,prediction_not_equal_desired_class,50,50,50,16.0,614.0,True,1.0,1.0,0.0,2.6363272666931152,,,
german__mlp__roar,detail,,0,german__mlp__roar__sample_seed_0,completed,german,mlp,roar,1,prediction_not_equal_desired_class,50,50,50,17.0,966.0,True,1.0,0.0,1.0,2.864599227905273,,,
german__mlp__roar,detail,,0,german__mlp__roar__sample_seed_0,completed,german,mlp,roar,1,prediction_not_equal_desired_class,50,50,50,18.0,66.0,True,1.0,1.0,0.0,2.220221519470215,,,
german__mlp__roar,detail,,0,german__mlp__roar__sample_seed_0,completed,german,mlp,roar,1,prediction_not_equal_desired_class,50,50,50,19.0,182.0,True,1.0,0.0,1.0,2.7241551876068115,,,
german__mlp__roar,detail,,0,german__mlp__roar__sample_seed_0,completed,german,mlp,roar,1,prediction_not_equal_desired_class,50,50,50,20.0,163.0,True,1.0,1.0,0.0,1.6683907508850098,,,
german__mlp__roar,detail,,0,german__mlp__roar__sample_seed_0,completed,german,mlp,roar,1,prediction_not_equal_desired_class,50,50,50,21.0,405.0,True,1.0,1.0,0.0,3.1976318359375,,,
german__mlp__roar,detail,,0,german__mlp__roar__sample_seed_0,completed,german,mlp,roar,1,prediction_not_equal_desired_class,50,50,50,22.0,446.0,True,1.0,0.0,1.0,3.3749475479125977,,,
german__mlp__roar,detail,,0,german__mlp__roar__sample_seed_0,completed,german,mlp,roar,1,prediction_not_equal_desired_class,50,50,50,23.0,419.0,True,1.0,1.0,0.0,2.929290294647217,,,
german__mlp__roar,detail,,0,german__mlp__roar__sample_seed_0,completed,german,mlp,roar,1,prediction_not_equal_desired_class,50,50,50,24.0,812.0,True,1.0,0.0,1.0,2.329911708831787,,,
german__mlp__roar,detail,,0,german__mlp__roar__sample_seed_0,completed,german,mlp,roar,1,prediction_not_equal_desired_class,50,50,50,25.0,410.0,True,1.0,1.0,0.0,3.3675904273986816,,,
german__mlp__roar,detail,,0,german__mlp__roar__sample_seed_0,completed,german,mlp,roar,1,prediction_not_equal_desired_class,50,50,50,26.0,706.0,False,0.0,0.0,1.0,,,,
german__mlp__roar,detail,,0,german__mlp__roar__sample_seed_0,completed,german,mlp,roar,1,prediction_not_equal_desired_class,50,50,50,27.0,306.0,True,1.0,1.0,0.0,3.026205778121948,,,
german__mlp__roar,detail,,0,german__mlp__roar__sample_seed_0,completed,german,mlp,roar,1,prediction_not_equal_desired_class,50,50,50,28.0,337.0,True,1.0,1.0,0.0,2.6846494674682617,,,
german__mlp__roar,detail,,0,german__mlp__roar__sample_seed_0,completed,german,mlp,roar,1,prediction_not_equal_desired_class,50,50,50,29.0,593.0,True,1.0,1.0,0.0,3.437922239303589,,,
german__mlp__roar,detail,,0,german__mlp__roar__sample_seed_0,completed,german,mlp,roar,1,prediction_not_equal_desired_class,50,50,50,30.0,559.0,True,1.0,0.0,1.0,2.7294814586639404,,,
german__mlp__roar,detail,,0,german__mlp__roar__sample_seed_0,completed,german,mlp,roar,1,prediction_not_equal_desired_class,50,50,50,31.0,283.0,True,1.0,0.0,1.0,1.8798731565475464,,,
german__mlp__roar,detail,,0,german__mlp__roar__sample_seed_0,completed,german,mlp,roar,1,prediction_not_equal_desired_class,50,50,50,32.0,100.0,True,1.0,0.0,1.0,2.94905686378479,,,
german__mlp__roar,detail,,0,german__mlp__roar__sample_seed_0,completed,german,mlp,roar,1,prediction_not_equal_desired_class,50,50,50,33.0,813.0,False,0.0,0.0,1.0,,,,
german__mlp__roar,detail,,0,german__mlp__roar__sample_seed_0,completed,german,mlp,roar,1,prediction_not_equal_desired_class,50,50,50,34.0,746.0,True,1.0,1.0,0.0,2.553159475326538,,,
german__mlp__roar,detail,,0,german__mlp__roar__sample_seed_0,completed,german,mlp,roar,1,prediction_not_equal_desired_class,50,50,50,35.0,728.0,True,1.0,1.0,0.0,2.450481414794922,,,
german__mlp__roar,detail,,0,german__mlp__roar__sample_seed_0,completed,german,mlp,roar,1,prediction_not_equal_desired_class,50,50,50,36.0,739.0,True,1.0,1.0,0.0,3.2069849967956543,,,
german__mlp__roar,detail,,0,german__mlp__roar__sample_seed_0,completed,german,mlp,roar,1,prediction_not_equal_desired_class,50,50,50,37.0,918.0,True,1.0,1.0,0.0,3.507201671600342,,,
german__mlp__roar,detail,,0,german__mlp__roar__sample_seed_0,completed,german,mlp,roar,1,prediction_not_equal_desired_class,50,50,50,38.0,340.0,True,1.0,1.0,0.0,3.100147485733032,,,
german__mlp__roar,detail,,0,german__mlp__roar__sample_seed_0,completed,german,mlp,roar,1,prediction_not_equal_desired_class,50,50,50,39.0,855.0,True,1.0,1.0,0.0,3.2829222679138184,,,
german__mlp__roar,detail,,0,german__mlp__roar__sample_seed_0,completed,german,mlp,roar,1,prediction_not_equal_desired_class,50,50,50,40.0,169.0,True,1.0,1.0,0.0,3.745059013366699,,,
german__mlp__roar,detail,,0,german__mlp__roar__sample_seed_0,completed,german,mlp,roar,1,prediction_not_equal_desired_class,50,50,50,41.0,1.0,True,1.0,1.0,0.0,3.4557485580444336,,,
german__mlp__roar,detail,,0,german__mlp__roar__sample_seed_0,completed,german,mlp,roar,1,prediction_not_equal_desired_class,50,50,50,42.0,18.0,True,1.0,1.0,0.0,3.35123348236084,,,
german__mlp__roar,detail,,0,german__mlp__roar__sample_seed_0,completed,german,mlp,roar,1,prediction_not_equal_desired_class,50,50,50,43.0,30.0,True,1.0,1.0,0.0,2.0994887351989746,,,
german__mlp__roar,detail,,0,german__mlp__roar__sample_seed_0,completed,german,mlp,roar,1,prediction_not_equal_desired_class,50,50,50,44.0,983.0,True,1.0,0.0,1.0,2.083564281463623,,,
german__mlp__roar,detail,,0,german__mlp__roar__sample_seed_0,completed,german,mlp,roar,1,prediction_not_equal_desired_class,50,50,50,45.0,717.0,True,1.0,0.0,1.0,2.634597063064575,,,
german__mlp__roar,detail,,0,german__mlp__roar__sample_seed_0,completed,german,mlp,roar,1,prediction_not_equal_desired_class,50,50,50,46.0,118.0,True,1.0,1.0,0.0,3.551363945007324,,,
german__mlp__roar,detail,,0,german__mlp__roar__sample_seed_0,completed,german,mlp,roar,1,prediction_not_equal_desired_class,50,50,50,47.0,683.0,True,1.0,1.0,0.0,2.2294013500213623,,,
german__mlp__roar,detail,,0,german__mlp__roar__sample_seed_0,completed,german,mlp,roar,1,prediction_not_equal_desired_class,50,50,50,48.0,915.0,True,1.0,1.0,0.0,3.6685636043548575,,,
german__mlp__roar,detail,,0,german__mlp__roar__sample_seed_0,completed,german,mlp,roar,1,prediction_not_equal_desired_class,50,50,50,49.0,136.0,True,1.0,1.0,0.0,2.824038505554199,,,
german__mlp__roar,detail,,0,german__mlp__roar__sample_seed_0,completed,german,mlp,roar,1,prediction_not_equal_desired_class,50,50,50,50.0,556.0,True,1.0,1.0,0.0,2.748807191848755,,,
german__mlp__roar,summary,seed,0,german__mlp__roar__sample_seed_0,completed,german,mlp,roar,1,prediction_not_equal_desired_class,50,50,50,,,,0.9,0.68,0.32,2.895191592640347,45.0,,140.620933
german__mlp__rbr,detail,,0,german__mlp__rbr__sample_seed_0,completed,german,mlp,rbr,1,prediction_not_equal_desired_class,50,50,50,1.0,622.0,True,1.0,0.0,1.0,0.382279634475708,,,
german__mlp__rbr,detail,,0,german__mlp__rbr__sample_seed_0,completed,german,mlp,rbr,1,prediction_not_equal_desired_class,50,50,50,2.0,378.0,True,1.0,0.0,1.0,0.6954975128173828,,,
german__mlp__rbr,detail,,0,german__mlp__rbr__sample_seed_0,completed,german,mlp,rbr,1,prediction_not_equal_desired_class,50,50,50,3.0,63.0,True,1.0,0.0,1.0,0.7961155772209167,,,
german__mlp__rbr,detail,,0,german__mlp__rbr__sample_seed_0,completed,german,mlp,rbr,1,prediction_not_equal_desired_class,50,50,50,4.0,331.0,True,1.0,1.0,0.0,0.4326440989971161,,,
german__mlp__rbr,detail,,0,german__mlp__rbr__sample_seed_0,completed,german,mlp,rbr,1,prediction_not_equal_desired_class,50,50,50,5.0,952.0,True,1.0,1.0,0.0,0.4350562393665313,,,
german__mlp__rbr,detail,,0,german__mlp__rbr__sample_seed_0,completed,german,mlp,rbr,1,prediction_not_equal_desired_class,50,50,50,6.0,170.0,True,1.0,1.0,0.0,0.2659634053707123,,,
german__mlp__rbr,detail,,0,german__mlp__rbr__sample_seed_0,completed,german,mlp,rbr,1,prediction_not_equal_desired_class,50,50,50,7.0,433.0,True,1.0,1.0,0.0,0.4798797369003296,,,
german__mlp__rbr,detail,,0,german__mlp__rbr__sample_seed_0,completed,german,mlp,rbr,1,prediction_not_equal_desired_class,50,50,50,8.0,321.0,True,1.0,1.0,0.0,0.4870865046977997,,,
german__mlp__rbr,detail,,0,german__mlp__rbr__sample_seed_0,completed,german,mlp,rbr,1,prediction_not_equal_desired_class,50,50,50,9.0,910.0,True,1.0,1.0,0.0,0.5802030563354492,,,
german__mlp__rbr,detail,,0,german__mlp__rbr__sample_seed_0,completed,german,mlp,rbr,1,prediction_not_equal_desired_class,50,50,50,10.0,124.0,True,1.0,1.0,0.0,0.3389983475208282,,,
german__mlp__rbr,detail,,0,german__mlp__rbr__sample_seed_0,completed,german,mlp,rbr,1,prediction_not_equal_desired_class,50,50,50,11.0,11.0,True,1.0,1.0,0.0,0.8670496940612793,,,
german__mlp__rbr,detail,,0,german__mlp__rbr__sample_seed_0,completed,german,mlp,rbr,1,prediction_not_equal_desired_class,50,50,50,12.0,17.0,True,1.0,0.0,1.0,0.4684523642063141,,,
german__mlp__rbr,detail,,0,german__mlp__rbr__sample_seed_0,completed,german,mlp,rbr,1,prediction_not_equal_desired_class,50,50,50,13.0,517.0,True,1.0,1.0,0.0,0.8831573724746704,,,
german__mlp__rbr,detail,,0,german__mlp__rbr__sample_seed_0,completed,german,mlp,rbr,1,prediction_not_equal_desired_class,50,50,50,14.0,657.0,True,1.0,0.0,1.0,0.28856360912323,,,
german__mlp__rbr,detail,,0,german__mlp__rbr__sample_seed_0,completed,german,mlp,rbr,1,prediction_not_equal_desired_class,50,50,50,15.0,566.0,True,1.0,1.0,0.0,0.3365987539291382,,,
german__mlp__rbr,detail,,0,german__mlp__rbr__sample_seed_0,completed,german,mlp,rbr,1,prediction_not_equal_desired_class,50,50,50,16.0,614.0,True,1.0,1.0,0.0,0.4216336011886596,,,
german__mlp__rbr,detail,,0,german__mlp__rbr__sample_seed_0,completed,german,mlp,rbr,1,prediction_not_equal_desired_class,50,50,50,17.0,966.0,True,1.0,1.0,0.0,0.4202414155006408,,,
german__mlp__rbr,detail,,0,german__mlp__rbr__sample_seed_0,completed,german,mlp,rbr,1,prediction_not_equal_desired_class,50,50,50,18.0,66.0,True,1.0,1.0,0.0,0.2730129957199096,,,
german__mlp__rbr,detail,,0,german__mlp__rbr__sample_seed_0,completed,german,mlp,rbr,1,prediction_not_equal_desired_class,50,50,50,19.0,182.0,True,1.0,0.0,1.0,0.1715201735496521,,,
german__mlp__rbr,detail,,0,german__mlp__rbr__sample_seed_0,completed,german,mlp,rbr,1,prediction_not_equal_desired_class,50,50,50,20.0,163.0,True,1.0,0.0,1.0,0.3433957397937774,,,
german__mlp__rbr,detail,,0,german__mlp__rbr__sample_seed_0,completed,german,mlp,rbr,1,prediction_not_equal_desired_class,50,50,50,21.0,405.0,True,1.0,1.0,0.0,0.4233667850494385,,,
german__mlp__rbr,detail,,0,german__mlp__rbr__sample_seed_0,completed,german,mlp,rbr,1,prediction_not_equal_desired_class,50,50,50,22.0,446.0,True,1.0,1.0,0.0,0.6392620205879211,,,
german__mlp__rbr,detail,,0,german__mlp__rbr__sample_seed_0,completed,german,mlp,rbr,1,prediction_not_equal_desired_class,50,50,50,23.0,419.0,True,1.0,1.0,0.0,0.4121342003345489,,,
german__mlp__rbr,detail,,0,german__mlp__rbr__sample_seed_0,completed,german,mlp,rbr,1,prediction_not_equal_desired_class,50,50,50,24.0,812.0,True,1.0,0.0,1.0,0.5227138996124268,,,
german__mlp__rbr,detail,,0,german__mlp__rbr__sample_seed_0,completed,german,mlp,rbr,1,prediction_not_equal_desired_class,50,50,50,25.0,410.0,True,1.0,1.0,0.0,0.4979509711265564,,,
german__mlp__rbr,detail,,0,german__mlp__rbr__sample_seed_0,completed,german,mlp,rbr,1,prediction_not_equal_desired_class,50,50,50,26.0,706.0,True,1.0,0.0,1.0,0.3907963037490845,,,
german__mlp__rbr,detail,,0,german__mlp__rbr__sample_seed_0,completed,german,mlp,rbr,1,prediction_not_equal_desired_class,50,50,50,27.0,306.0,True,1.0,1.0,0.0,0.6232028603553772,,,
german__mlp__rbr,detail,,0,german__mlp__rbr__sample_seed_0,completed,german,mlp,rbr,1,prediction_not_equal_desired_class,50,50,50,28.0,337.0,True,1.0,1.0,0.0,0.3456351459026336,,,
german__mlp__rbr,detail,,0,german__mlp__rbr__sample_seed_0,completed,german,mlp,rbr,1,prediction_not_equal_desired_class,50,50,50,29.0,593.0,True,1.0,1.0,0.0,0.4977144300937652,,,
german__mlp__rbr,detail,,0,german__mlp__rbr__sample_seed_0,completed,german,mlp,rbr,1,prediction_not_equal_desired_class,50,50,50,30.0,559.0,True,1.0,1.0,0.0,0.2508420050144195,,,
german__mlp__rbr,detail,,0,german__mlp__rbr__sample_seed_0,completed,german,mlp,rbr,1,prediction_not_equal_desired_class,50,50,50,31.0,283.0,True,1.0,1.0,0.0,0.2655676901340484,,,
german__mlp__rbr,detail,,0,german__mlp__rbr__sample_seed_0,completed,german,mlp,rbr,1,prediction_not_equal_desired_class,50,50,50,32.0,100.0,True,1.0,1.0,0.0,0.5012001991271973,,,
german__mlp__rbr,detail,,0,german__mlp__rbr__sample_seed_0,completed,german,mlp,rbr,1,prediction_not_equal_desired_class,50,50,50,33.0,813.0,True,1.0,0.0,1.0,0.2378192842006683,,,
german__mlp__rbr,detail,,0,german__mlp__rbr__sample_seed_0,completed,german,mlp,rbr,1,prediction_not_equal_desired_class,50,50,50,34.0,746.0,True,1.0,1.0,0.0,0.3313044607639313,,,
german__mlp__rbr,detail,,0,german__mlp__rbr__sample_seed_0,completed,german,mlp,rbr,1,prediction_not_equal_desired_class,50,50,50,35.0,728.0,True,1.0,1.0,0.0,0.4878565073013305,,,
german__mlp__rbr,detail,,0,german__mlp__rbr__sample_seed_0,completed,german,mlp,rbr,1,prediction_not_equal_desired_class,50,50,50,36.0,739.0,True,1.0,1.0,0.0,0.564562201499939,,,
german__mlp__rbr,detail,,0,german__mlp__rbr__sample_seed_0,completed,german,mlp,rbr,1,prediction_not_equal_desired_class,50,50,50,37.0,918.0,True,1.0,1.0,0.0,0.4928085505962372,,,
german__mlp__rbr,detail,,0,german__mlp__rbr__sample_seed_0,completed,german,mlp,rbr,1,prediction_not_equal_desired_class,50,50,50,38.0,340.0,True,1.0,1.0,0.0,0.462205708026886,,,
german__mlp__rbr,detail,,0,german__mlp__rbr__sample_seed_0,completed,german,mlp,rbr,1,prediction_not_equal_desired_class,50,50,50,39.0,855.0,True,1.0,1.0,0.0,0.393716037273407,,,
german__mlp__rbr,detail,,0,german__mlp__rbr__sample_seed_0,completed,german,mlp,rbr,1,prediction_not_equal_desired_class,50,50,50,40.0,169.0,True,1.0,1.0,0.0,0.4996539652347564,,,
german__mlp__rbr,detail,,0,german__mlp__rbr__sample_seed_0,completed,german,mlp,rbr,1,prediction_not_equal_desired_class,50,50,50,41.0,1.0,True,1.0,1.0,0.0,1.0062984228134155,,,
german__mlp__rbr,detail,,0,german__mlp__rbr__sample_seed_0,completed,german,mlp,rbr,1,prediction_not_equal_desired_class,50,50,50,42.0,18.0,True,1.0,1.0,0.0,0.5784235596656799,,,
german__mlp__rbr,detail,,0,german__mlp__rbr__sample_seed_0,completed,german,mlp,rbr,1,prediction_not_equal_desired_class,50,50,50,43.0,30.0,True,1.0,1.0,0.0,0.2951885163784027,,,
german__mlp__rbr,detail,,0,german__mlp__rbr__sample_seed_0,completed,german,mlp,rbr,1,prediction_not_equal_desired_class,50,50,50,44.0,983.0,True,1.0,0.0,1.0,0.4098348915576935,,,
german__mlp__rbr,detail,,0,german__mlp__rbr__sample_seed_0,completed,german,mlp,rbr,1,prediction_not_equal_desired_class,50,50,50,45.0,717.0,True,1.0,1.0,0.0,0.2773582935333252,,,
german__mlp__rbr,detail,,0,german__mlp__rbr__sample_seed_0,completed,german,mlp,rbr,1,prediction_not_equal_desired_class,50,50,50,46.0,118.0,True,1.0,1.0,0.0,0.6621593236923218,,,
german__mlp__rbr,detail,,0,german__mlp__rbr__sample_seed_0,completed,german,mlp,rbr,1,prediction_not_equal_desired_class,50,50,50,47.0,683.0,True,1.0,1.0,0.0,0.4726541340351105,,,
german__mlp__rbr,detail,,0,german__mlp__rbr__sample_seed_0,completed,german,mlp,rbr,1,prediction_not_equal_desired_class,50,50,50,48.0,915.0,True,1.0,1.0,0.0,1.5463494062423706,,,
german__mlp__rbr,detail,,0,german__mlp__rbr__sample_seed_0,completed,german,mlp,rbr,1,prediction_not_equal_desired_class,50,50,50,49.0,136.0,True,1.0,0.0,1.0,0.4416389465332031,,,
german__mlp__rbr,detail,,0,german__mlp__rbr__sample_seed_0,completed,german,mlp,rbr,1,prediction_not_equal_desired_class,50,50,50,50.0,556.0,True,1.0,1.0,0.0,0.3841450214385986,,,
german__mlp__rbr,summary,seed,0,german__mlp__rbr__sample_seed_0,completed,german,mlp,rbr,1,prediction_not_equal_desired_class,50,50,50,,,,1.0,0.76,0.24,0.4856342715024948,50.0,,170.074719
german__mlp__cvas_proj,detail,,0,german__mlp__cvas_proj__sample_seed_0,completed,german,mlp,cvas_proj,1,prediction_not_equal_desired_class,50,50,50,1.0,622.0,True,1.0,0.0,1.0,0.1919279992580413,,,
german__mlp__cvas_proj,detail,,0,german__mlp__cvas_proj__sample_seed_0,completed,german,mlp,cvas_proj,1,prediction_not_equal_desired_class,50,50,50,2.0,378.0,True,1.0,0.0,1.0,0.482401430606842,,,
german__mlp__cvas_proj,detail,,0,german__mlp__cvas_proj__sample_seed_0,completed,german,mlp,cvas_proj,1,prediction_not_equal_desired_class,50,50,50,3.0,63.0,False,0.0,0.0,1.0,,,,
german__mlp__cvas_proj,detail,,0,german__mlp__cvas_proj__sample_seed_0,completed,german,mlp,cvas_proj,1,prediction_not_equal_desired_class,50,50,50,4.0,331.0,True,1.0,1.0,0.0,0.2941381335258484,,,
german__mlp__cvas_proj,detail,,0,german__mlp__cvas_proj__sample_seed_0,completed,german,mlp,cvas_proj,1,prediction_not_equal_desired_class,50,50,50,5.0,952.0,True,1.0,1.0,0.0,0.2775212526321411,,,
german__mlp__cvas_proj,detail,,0,german__mlp__cvas_proj__sample_seed_0,completed,german,mlp,cvas_proj,1,prediction_not_equal_desired_class,50,50,50,6.0,170.0,True,1.0,1.0,0.0,0.1731558889150619,,,
german__mlp__cvas_proj,detail,,0,german__mlp__cvas_proj__sample_seed_0,completed,german,mlp,cvas_proj,1,prediction_not_equal_desired_class,50,50,50,7.0,433.0,True,1.0,1.0,0.0,0.3224416077136993,,,
german__mlp__cvas_proj,detail,,0,german__mlp__cvas_proj__sample_seed_0,completed,german,mlp,cvas_proj,1,prediction_not_equal_desired_class,50,50,50,8.0,321.0,True,1.0,1.0,0.0,0.330457866191864,,,
german__mlp__cvas_proj,detail,,0,german__mlp__cvas_proj__sample_seed_0,completed,german,mlp,cvas_proj,1,prediction_not_equal_desired_class,50,50,50,9.0,910.0,True,1.0,1.0,0.0,0.3423718810081482,,,
german__mlp__cvas_proj,detail,,0,german__mlp__cvas_proj__sample_seed_0,completed,german,mlp,cvas_proj,1,prediction_not_equal_desired_class,50,50,50,10.0,124.0,True,1.0,1.0,0.0,0.2556017637252807,,,
german__mlp__cvas_proj,detail,,0,german__mlp__cvas_proj__sample_seed_0,completed,german,mlp,cvas_proj,1,prediction_not_equal_desired_class,50,50,50,11.0,11.0,True,1.0,1.0,0.0,0.6505651473999023,,,
german__mlp__cvas_proj,detail,,0,german__mlp__cvas_proj__sample_seed_0,completed,german,mlp,cvas_proj,1,prediction_not_equal_desired_class,50,50,50,12.0,17.0,False,0.0,0.0,1.0,,,,
german__mlp__cvas_proj,detail,,0,german__mlp__cvas_proj__sample_seed_0,completed,german,mlp,cvas_proj,1,prediction_not_equal_desired_class,50,50,50,13.0,517.0,True,1.0,1.0,0.0,0.6577163338661194,,,
german__mlp__cvas_proj,detail,,0,german__mlp__cvas_proj__sample_seed_0,completed,german,mlp,cvas_proj,1,prediction_not_equal_desired_class,50,50,50,14.0,657.0,True,1.0,0.0,1.0,0.1451245546340942,,,
german__mlp__cvas_proj,detail,,0,german__mlp__cvas_proj__sample_seed_0,completed,german,mlp,cvas_proj,1,prediction_not_equal_desired_class,50,50,50,15.0,566.0,True,1.0,1.0,0.0,0.1500075161457061,,,
german__mlp__cvas_proj,detail,,0,german__mlp__cvas_proj__sample_seed_0,completed,german,mlp,cvas_proj,1,prediction_not_equal_desired_class,50,50,50,16.0,614.0,True,1.0,1.0,0.0,0.2578806281089782,,,
german__mlp__cvas_proj,detail,,0,german__mlp__cvas_proj__sample_seed_0,completed,german,mlp,cvas_proj,1,prediction_not_equal_desired_class,50,50,50,17.0,966.0,True,1.0,0.0,1.0,0.2884815037250519,,,
german__mlp__cvas_proj,detail,,0,german__mlp__cvas_proj__sample_seed_0,completed,german,mlp,cvas_proj,1,prediction_not_equal_desired_class,50,50,50,18.0,66.0,True,1.0,1.0,0.0,0.1709613651037216,,,
german__mlp__cvas_proj,detail,,0,german__mlp__cvas_proj__sample_seed_0,completed,german,mlp,cvas_proj,1,prediction_not_equal_desired_class,50,50,50,19.0,182.0,True,1.0,0.0,1.0,0.1389230489730835,,,
german__mlp__cvas_proj,detail,,0,german__mlp__cvas_proj__sample_seed_0,completed,german,mlp,cvas_proj,1,prediction_not_equal_desired_class,50,50,50,20.0,163.0,True,1.0,0.0,1.0,0.1875718235969543,,,
german__mlp__cvas_proj,detail,,0,german__mlp__cvas_proj__sample_seed_0,completed,german,mlp,cvas_proj,1,prediction_not_equal_desired_class,50,50,50,21.0,405.0,True,1.0,1.0,0.0,0.2338914573192596,,,
german__mlp__cvas_proj,detail,,0,german__mlp__cvas_proj__sample_seed_0,completed,german,mlp,cvas_proj,1,prediction_not_equal_desired_class,50,50,50,22.0,446.0,False,0.0,0.0,1.0,,,,
german__mlp__cvas_proj,detail,,0,german__mlp__cvas_proj__sample_seed_0,completed,german,mlp,cvas_proj,1,prediction_not_equal_desired_class,50,50,50,23.0,419.0,True,1.0,1.0,0.0,0.30989670753479,,,
german__mlp__cvas_proj,detail,,0,german__mlp__cvas_proj__sample_seed_0,completed,german,mlp,cvas_proj,1,prediction_not_equal_desired_class,50,50,50,24.0,812.0,False,0.0,0.0,1.0,,,,
german__mlp__cvas_proj,detail,,0,german__mlp__cvas_proj__sample_seed_0,completed,german,mlp,cvas_proj,1,prediction_not_equal_desired_class,50,50,50,25.0,410.0,True,1.0,1.0,0.0,0.3579619526863098,,,
german__mlp__cvas_proj,detail,,0,german__mlp__cvas_proj__sample_seed_0,completed,german,mlp,cvas_proj,1,prediction_not_equal_desired_class,50,50,50,26.0,706.0,True,1.0,0.0,1.0,0.2508421540260315,,,
german__mlp__cvas_proj,detail,,0,german__mlp__cvas_proj__sample_seed_0,completed,german,mlp,cvas_proj,1,prediction_not_equal_desired_class,50,50,50,27.0,306.0,True,1.0,1.0,0.0,0.3747992217540741,,,
german__mlp__cvas_proj,detail,,0,german__mlp__cvas_proj__sample_seed_0,completed,german,mlp,cvas_proj,1,prediction_not_equal_desired_class,50,50,50,28.0,337.0,True,1.0,1.0,0.0,0.2295410931110382,,,
german__mlp__cvas_proj,detail,,0,german__mlp__cvas_proj__sample_seed_0,completed,german,mlp,cvas_proj,1,prediction_not_equal_desired_class,50,50,50,29.0,593.0,True,1.0,1.0,0.0,0.3338050544261932,,,
german__mlp__cvas_proj,detail,,0,german__mlp__cvas_proj__sample_seed_0,completed,german,mlp,cvas_proj,1,prediction_not_equal_desired_class,50,50,50,30.0,559.0,True,1.0,1.0,0.0,0.1463408768177032,,,
german__mlp__cvas_proj,detail,,0,german__mlp__cvas_proj__sample_seed_0,completed,german,mlp,cvas_proj,1,prediction_not_equal_desired_class,50,50,50,31.0,283.0,True,1.0,1.0,0.0,0.1671136021614074,,,
german__mlp__cvas_proj,detail,,0,german__mlp__cvas_proj__sample_seed_0,completed,german,mlp,cvas_proj,1,prediction_not_equal_desired_class,50,50,50,32.0,100.0,True,1.0,1.0,0.0,0.3467674851417541,,,
german__mlp__cvas_proj,detail,,0,german__mlp__cvas_proj__sample_seed_0,completed,german,mlp,cvas_proj,1,prediction_not_equal_desired_class,50,50,50,33.0,813.0,True,1.0,0.0,1.0,0.1495456546545028,,,
german__mlp__cvas_proj,detail,,0,german__mlp__cvas_proj__sample_seed_0,completed,german,mlp,cvas_proj,1,prediction_not_equal_desired_class,50,50,50,34.0,746.0,True,1.0,1.0,0.0,0.2021288573741912,,,
german__mlp__cvas_proj,detail,,0,german__mlp__cvas_proj__sample_seed_0,completed,german,mlp,cvas_proj,1,prediction_not_equal_desired_class,50,50,50,35.0,728.0,True,1.0,1.0,0.0,0.4059657752513885,,,
german__mlp__cvas_proj,detail,,0,german__mlp__cvas_proj__sample_seed_0,completed,german,mlp,cvas_proj,1,prediction_not_equal_desired_class,50,50,50,36.0,739.0,True,1.0,1.0,0.0,0.373121976852417,,,
german__mlp__cvas_proj,detail,,0,german__mlp__cvas_proj__sample_seed_0,completed,german,mlp,cvas_proj,1,prediction_not_equal_desired_class,50,50,50,37.0,918.0,True,1.0,1.0,0.0,0.3107989132404327,,,
german__mlp__cvas_proj,detail,,0,german__mlp__cvas_proj__sample_seed_0,completed,german,mlp,cvas_proj,1,prediction_not_equal_desired_class,50,50,50,38.0,340.0,True,1.0,1.0,0.0,0.1869934499263763,,,
german__mlp__cvas_proj,detail,,0,german__mlp__cvas_proj__sample_seed_0,completed,german,mlp,cvas_proj,1,prediction_not_equal_desired_class,50,50,50,39.0,855.0,True,1.0,1.0,0.0,0.2537892162799835,,,
german__mlp__cvas_proj,detail,,0,german__mlp__cvas_proj__sample_seed_0,completed,german,mlp,cvas_proj,1,prediction_not_equal_desired_class,50,50,50,40.0,169.0,True,1.0,1.0,0.0,0.3340696692466736,,,
german__mlp__cvas_proj,detail,,0,german__mlp__cvas_proj__sample_seed_0,completed,german,mlp,cvas_proj,1,prediction_not_equal_desired_class,50,50,50,41.0,1.0,True,1.0,1.0,0.0,0.6344428062438965,,,
german__mlp__cvas_proj,detail,,0,german__mlp__cvas_proj__sample_seed_0,completed,german,mlp,cvas_proj,1,prediction_not_equal_desired_class,50,50,50,42.0,18.0,True,1.0,1.0,0.0,0.5158789157867432,,,
german__mlp__cvas_proj,detail,,0,german__mlp__cvas_proj__sample_seed_0,completed,german,mlp,cvas_proj,1,prediction_not_equal_desired_class,50,50,50,43.0,30.0,True,1.0,0.0,1.0,0.1806099563837051,,,
german__mlp__cvas_proj,detail,,0,german__mlp__cvas_proj__sample_seed_0,completed,german,mlp,cvas_proj,1,prediction_not_equal_desired_class,50,50,50,44.0,983.0,True,1.0,0.0,1.0,0.1921468675136566,,,
german__mlp__cvas_proj,detail,,0,german__mlp__cvas_proj__sample_seed_0,completed,german,mlp,cvas_proj,1,prediction_not_equal_desired_class,50,50,50,45.0,717.0,True,1.0,1.0,0.0,0.164286196231842,,,
german__mlp__cvas_proj,detail,,0,german__mlp__cvas_proj__sample_seed_0,completed,german,mlp,cvas_proj,1,prediction_not_equal_desired_class,50,50,50,46.0,118.0,True,1.0,1.0,0.0,0.4498993158340454,,,
german__mlp__cvas_proj,detail,,0,german__mlp__cvas_proj__sample_seed_0,completed,german,mlp,cvas_proj,1,prediction_not_equal_desired_class,50,50,50,47.0,683.0,True,1.0,1.0,0.0,0.3989854156970978,,,
german__mlp__cvas_proj,detail,,0,german__mlp__cvas_proj__sample_seed_0,completed,german,mlp,cvas_proj,1,prediction_not_equal_desired_class,50,50,50,48.0,915.0,True,1.0,0.0,1.0,1.249844670295715,,,
german__mlp__cvas_proj,detail,,0,german__mlp__cvas_proj__sample_seed_0,completed,german,mlp,cvas_proj,1,prediction_not_equal_desired_class,50,50,50,49.0,136.0,True,1.0,1.0,0.0,0.1972579956054687,,,
german__mlp__cvas_proj,detail,,0,german__mlp__cvas_proj__sample_seed_0,completed,german,mlp,cvas_proj,1,prediction_not_equal_desired_class,50,50,50,50.0,556.0,True,1.0,1.0,0.0,0.2641909718513489,,,
german__mlp__cvas_proj,summary,seed,0,german__mlp__cvas_proj__sample_seed_0,completed,german,mlp,cvas_proj,1,prediction_not_equal_desired_class,50,50,50,,,,0.92,0.7,0.3,0.3159166516169258,46.0,,18.980717
german__mlp__larr,detail,,0,german__mlp__larr__sample_seed_0,completed,german,mlp,larr,1,prediction_not_equal_desired_class,50,50,50,1.0,622.0,True,1.0,1.0,0.0,1.7470588684082031,,,
german__mlp__larr,detail,,0,german__mlp__larr__sample_seed_0,completed,german,mlp,larr,1,prediction_not_equal_desired_class,50,50,50,2.0,378.0,True,1.0,1.0,0.0,2.244666337966919,,,
german__mlp__larr,detail,,0,german__mlp__larr__sample_seed_0,completed,german,mlp,larr,1,prediction_not_equal_desired_class,50,50,50,3.0,63.0,True,1.0,1.0,0.0,3.126806259155273,,,
german__mlp__larr,detail,,0,german__mlp__larr__sample_seed_0,completed,german,mlp,larr,1,prediction_not_equal_desired_class,50,50,50,4.0,331.0,True,1.0,1.0,0.0,1.605894923210144,,,
german__mlp__larr,detail,,0,german__mlp__larr__sample_seed_0,completed,german,mlp,larr,1,prediction_not_equal_desired_class,50,50,50,5.0,952.0,True,1.0,1.0,0.0,1.2941555976867676,,,
german__mlp__larr,detail,,0,german__mlp__larr__sample_seed_0,completed,german,mlp,larr,1,prediction_not_equal_desired_class,50,50,50,6.0,170.0,True,1.0,1.0,0.0,1.6617752313613892,,,
german__mlp__larr,detail,,0,german__mlp__larr__sample_seed_0,completed,german,mlp,larr,1,prediction_not_equal_desired_class,50,50,50,7.0,433.0,True,1.0,1.0,0.0,1.694129467010498,,,
german__mlp__larr,detail,,0,german__mlp__larr__sample_seed_0,completed,german,mlp,larr,1,prediction_not_equal_desired_class,50,50,50,8.0,321.0,True,1.0,1.0,0.0,1.7941176891326904,,,
german__mlp__larr,detail,,0,german__mlp__larr__sample_seed_0,completed,german,mlp,larr,1,prediction_not_equal_desired_class,50,50,50,9.0,910.0,True,1.0,1.0,0.0,1.7705955505371094,,,
german__mlp__larr,detail,,0,german__mlp__larr__sample_seed_0,completed,german,mlp,larr,1,prediction_not_equal_desired_class,50,50,50,10.0,124.0,True,1.0,1.0,0.0,1.605891466140747,,,
german__mlp__larr,detail,,0,german__mlp__larr__sample_seed_0,completed,german,mlp,larr,1,prediction_not_equal_desired_class,50,50,50,11.0,11.0,True,1.0,1.0,0.0,2.1470706462860107,,,
german__mlp__larr,detail,,0,german__mlp__larr__sample_seed_0,completed,german,mlp,larr,1,prediction_not_equal_desired_class,50,50,50,12.0,17.0,True,1.0,1.0,0.0,2.412748098373413,,,
german__mlp__larr,detail,,0,german__mlp__larr__sample_seed_0,completed,german,mlp,larr,1,prediction_not_equal_desired_class,50,50,50,13.0,517.0,True,1.0,1.0,0.0,1.7705947160720823,,,
german__mlp__larr,detail,,0,german__mlp__larr__sample_seed_0,completed,german,mlp,larr,1,prediction_not_equal_desired_class,50,50,50,14.0,657.0,True,1.0,1.0,0.0,1.5171959400177002,,,
german__mlp__larr,detail,,0,german__mlp__larr__sample_seed_0,completed,german,mlp,larr,1,prediction_not_equal_desired_class,50,50,50,15.0,566.0,True,1.0,1.0,0.0,1.117668390274048,,,
german__mlp__larr,detail,,0,german__mlp__larr__sample_seed_0,completed,german,mlp,larr,1,prediction_not_equal_desired_class,50,50,50,16.0,614.0,True,1.0,1.0,0.0,1.305899977684021,,,
german__mlp__larr,detail,,0,german__mlp__larr__sample_seed_0,completed,german,mlp,larr,1,prediction_not_equal_desired_class,50,50,50,17.0,966.0,True,1.0,1.0,0.0,1.8382388353347776,,,
german__mlp__larr,detail,,0,german__mlp__larr__sample_seed_0,completed,german,mlp,larr,1,prediction_not_equal_desired_class,50,50,50,18.0,66.0,True,1.0,1.0,0.0,1.517659068107605,,,
german__mlp__larr,detail,,0,german__mlp__larr__sample_seed_0,completed,german,mlp,larr,1,prediction_not_equal_desired_class,50,50,50,19.0,182.0,True,1.0,1.0,0.0,1.6500128507614136,,,
german__mlp__larr,detail,,0,german__mlp__larr__sample_seed_0,completed,german,mlp,larr,1,prediction_not_equal_desired_class,50,50,50,20.0,163.0,True,1.0,1.0,0.0,1.4765989780426023,,,
german__mlp__larr,detail,,0,german__mlp__larr__sample_seed_0,completed,german,mlp,larr,1,prediction_not_equal_desired_class,50,50,50,21.0,405.0,True,1.0,1.0,0.0,1.7941220998764038,,,
german__mlp__larr,detail,,0,german__mlp__larr__sample_seed_0,completed,german,mlp,larr,1,prediction_not_equal_desired_class,50,50,50,22.0,446.0,True,1.0,1.0,0.0,1.8705958127975464,,,
german__mlp__larr,detail,,0,german__mlp__larr__sample_seed_0,completed,german,mlp,larr,1,prediction_not_equal_desired_class,50,50,50,23.0,419.0,True,1.0,1.0,0.0,1.3058955669403076,,,
german__mlp__larr,detail,,0,german__mlp__larr__sample_seed_0,completed,german,mlp,larr,1,prediction_not_equal_desired_class,50,50,50,24.0,812.0,True,1.0,1.0,0.0,2.6866769790649414,,,
german__mlp__larr,detail,,0,german__mlp__larr__sample_seed_0,completed,german,mlp,larr,1,prediction_not_equal_desired_class,50,50,50,25.0,410.0,True,1.0,1.0,0.0,1.7941176891326904,,,
german__mlp__larr,detail,,0,german__mlp__larr__sample_seed_0,completed,german,mlp,larr,1,prediction_not_equal_desired_class,50,50,50,26.0,706.0,True,1.0,1.0,0.0,1.8470786809921265,,,
german__mlp__larr,detail,,0,german__mlp__larr__sample_seed_0,completed,german,mlp,larr,1,prediction_not_equal_desired_class,50,50,50,27.0,306.0,True,1.0,1.0,0.0,1.4823729991912842,,,
german__mlp__larr,detail,,0,german__mlp__larr__sample_seed_0,completed,german,mlp,larr,1,prediction_not_equal_desired_class,50,50,50,28.0,337.0,True,1.0,1.0,0.0,1.7617820501327517,,,
german__mlp__larr,detail,,0,german__mlp__larr__sample_seed_0,completed,german,mlp,larr,1,prediction_not_equal_desired_class,50,50,50,29.0,593.0,True,1.0,1.0,0.0,1.5941368341445925,,,
german__mlp__larr,detail,,0,german__mlp__larr__sample_seed_0,completed,german,mlp,larr,1,prediction_not_equal_desired_class,50,50,50,30.0,559.0,True,1.0,1.0,0.0,1.7058823108673096,,,
german__mlp__larr,detail,,0,german__mlp__larr__sample_seed_0,completed,german,mlp,larr,1,prediction_not_equal_desired_class,50,50,50,31.0,283.0,True,1.0,1.0,0.0,1.1617876291275024,,,
german__mlp__larr,detail,,0,german__mlp__larr__sample_seed_0,completed,german,mlp,larr,1,prediction_not_equal_desired_class,50,50,50,32.0,100.0,True,1.0,1.0,0.0,1.494127631187439,,,
german__mlp__larr,detail,,0,german__mlp__larr__sample_seed_0,completed,german,mlp,larr,1,prediction_not_equal_desired_class,50,50,50,33.0,813.0,True,1.0,1.0,0.0,1.647078037261963,,,
german__mlp__larr,detail,,0,german__mlp__larr__sample_seed_0,completed,german,mlp,larr,1,prediction_not_equal_desired_class,50,50,50,34.0,746.0,True,1.0,1.0,0.0,1.3617838621139526,,,
german__mlp__larr,detail,,0,german__mlp__larr__sample_seed_0,completed,german,mlp,larr,1,prediction_not_equal_desired_class,50,50,50,35.0,728.0,True,1.0,1.0,0.0,1.6470712423324585,,,
german__mlp__larr,detail,,0,german__mlp__larr__sample_seed_0,completed,german,mlp,larr,1,prediction_not_equal_desired_class,50,50,50,36.0,739.0,True,1.0,1.0,0.0,1.4823728799819946,,,
german__mlp__larr,detail,,0,german__mlp__larr__sample_seed_0,completed,german,mlp,larr,1,prediction_not_equal_desired_class,50,50,50,37.0,918.0,True,1.0,1.0,0.0,1.694127321243286,,,
german__mlp__larr,detail,,0,german__mlp__larr__sample_seed_0,completed,german,mlp,larr,1,prediction_not_equal_desired_class,50,50,50,38.0,340.0,True,1.0,1.0,0.0,1.2941184043884275,,,
german__mlp__larr,detail,,0,german__mlp__larr__sample_seed_0,completed,german,mlp,larr,1,prediction_not_equal_desired_class,50,50,50,39.0,855.0,True,1.0,1.0,0.0,1.5941176414489746,,,
german__mlp__larr,detail,,0,german__mlp__larr__sample_seed_0,completed,german,mlp,larr,1,prediction_not_equal_desired_class,50,50,50,40.0,169.0,True,1.0,1.0,0.0,1.7941261529922483,,,
german__mlp__larr,detail,,0,german__mlp__larr__sample_seed_0,completed,german,mlp,larr,1,prediction_not_equal_desired_class,50,50,50,41.0,1.0,True,1.0,1.0,0.0,2.0470588207244877,,,
german__mlp__larr,detail,,0,german__mlp__larr__sample_seed_0,completed,german,mlp,larr,1,prediction_not_equal_desired_class,50,50,50,42.0,18.0,True,1.0,1.0,0.0,1.1725276708602903,,,
german__mlp__larr,detail,,0,german__mlp__larr__sample_seed_0,completed,german,mlp,larr,1,prediction_not_equal_desired_class,50,50,50,43.0,30.0,True,1.0,1.0,0.0,1.205904841423035,,,
german__mlp__larr,detail,,0,german__mlp__larr__sample_seed_0,completed,german,mlp,larr,1,prediction_not_equal_desired_class,50,50,50,44.0,983.0,True,1.0,1.0,0.0,2.4096426963806152,,,
german__mlp__larr,detail,,0,german__mlp__larr__sample_seed_0,completed,german,mlp,larr,1,prediction_not_equal_desired_class,50,50,50,45.0,717.0,True,1.0,1.0,0.0,1.2058956623077393,,,
german__mlp__larr,detail,,0,german__mlp__larr__sample_seed_0,completed,german,mlp,larr,1,prediction_not_equal_desired_class,50,50,50,46.0,118.0,True,1.0,1.0,0.0,1.6264846324920654,,,
german__mlp__larr,detail,,0,german__mlp__larr__sample_seed_0,completed,german,mlp,larr,1,prediction_not_equal_desired_class,50,50,50,47.0,683.0,True,1.0,1.0,0.0,1.2941535711288452,,,
german__mlp__larr,detail,,0,german__mlp__larr__sample_seed_0,completed,german,mlp,larr,1,prediction_not_equal_desired_class,50,50,50,48.0,915.0,True,1.0,1.0,0.0,3.1470589637756348,,,
german__mlp__larr,detail,,0,german__mlp__larr__sample_seed_0,completed,german,mlp,larr,1,prediction_not_equal_desired_class,50,50,50,49.0,136.0,True,1.0,1.0,0.0,1.9984208345413208,,,
german__mlp__larr,detail,,0,german__mlp__larr__sample_seed_0,completed,german,mlp,larr,1,prediction_not_equal_desired_class,50,50,50,50.0,556.0,True,1.0,1.0,0.0,1.6058833599090576,,,
german__mlp__larr,summary,seed,0,german__mlp__larr__sample_seed_0,completed,german,mlp,larr,1,prediction_not_equal_desired_class,50,50,50,,,,1.0,1.0,0.0,1.7205036354064942,50.0,,4.995146
german__linear__roar,detail,,0,german__linear__roar__sample_seed_0,completed,german,linear,roar,1,prediction_not_equal_desired_class,50,50,50,1.0,622.0,True,1.0,1.0,0.0,2.377824068069458,,,
german__linear__roar,detail,,0,german__linear__roar__sample_seed_0,completed,german,linear,roar,1,prediction_not_equal_desired_class,50,50,50,2.0,378.0,True,1.0,1.0,0.0,1.8267817497253416,,,
german__linear__roar,detail,,0,german__linear__roar__sample_seed_0,completed,german,linear,roar,1,prediction_not_equal_desired_class,50,50,50,3.0,63.0,True,1.0,1.0,0.0,2.6076695919036865,,,
german__linear__roar,detail,,0,german__linear__roar__sample_seed_0,completed,german,linear,roar,1,prediction_not_equal_desired_class,50,50,50,4.0,952.0,True,1.0,1.0,0.0,1.7035975456237793,,,
german__linear__roar,detail,,0,german__linear__roar__sample_seed_0,completed,german,linear,roar,1,prediction_not_equal_desired_class,50,50,50,5.0,888.0,True,1.0,1.0,0.0,1.7255271673202517,,,
german__linear__roar,detail,,0,german__linear__roar__sample_seed_0,completed,german,linear,roar,1,prediction_not_equal_desired_class,50,50,50,6.0,433.0,True,1.0,1.0,0.0,1.8519189357757568,,,
german__linear__roar,detail,,0,german__linear__roar__sample_seed_0,completed,german,linear,roar,1,prediction_not_equal_desired_class,50,50,50,7.0,730.0,True,1.0,1.0,0.0,1.504475712776184,,,
german__linear__roar,detail,,0,german__linear__roar__sample_seed_0,completed,german,linear,roar,1,prediction_not_equal_desired_class,50,50,50,8.0,321.0,True,1.0,1.0,0.0,1.8976613283157349,,,
german__linear__roar,detail,,0,german__linear__roar__sample_seed_0,completed,german,linear,roar,1,prediction_not_equal_desired_class,50,50,50,9.0,454.0,True,1.0,1.0,0.0,1.4542964696884155,,,
german__linear__roar,detail,,0,german__linear__roar__sample_seed_0,completed,german,linear,roar,1,prediction_not_equal_desired_class,50,50,50,10.0,910.0,True,1.0,1.0,0.0,1.854783058166504,,,
german__linear__roar,detail,,0,german__linear__roar__sample_seed_0,completed,german,linear,roar,1,prediction_not_equal_desired_class,50,50,50,11.0,124.0,True,1.0,1.0,0.0,1.4854254722595217,,,
german__linear__roar,detail,,0,german__linear__roar__sample_seed_0,completed,german,linear,roar,1,prediction_not_equal_desired_class,50,50,50,12.0,11.0,True,1.0,1.0,0.0,2.272285461425781,,,
german__linear__roar,detail,,0,german__linear__roar__sample_seed_0,completed,german,linear,roar,1,prediction_not_equal_desired_class,50,50,50,13.0,17.0,True,1.0,1.0,0.0,1.8389617204666135,,,
german__linear__roar,detail,,0,german__linear__roar__sample_seed_0,completed,german,linear,roar,1,prediction_not_equal_desired_class,50,50,50,14.0,517.0,True,1.0,1.0,0.0,2.1932079792022705,,,
german__linear__roar,detail,,0,german__linear__roar__sample_seed_0,completed,german,linear,roar,1,prediction_not_equal_desired_class,50,50,50,15.0,657.0,True,1.0,1.0,0.0,2.159889936447144,,,
german__linear__roar,detail,,0,german__linear__roar__sample_seed_0,completed,german,linear,roar,1,prediction_not_equal_desired_class,50,50,50,16.0,566.0,True,1.0,1.0,0.0,1.5744297504425049,,,
german__linear__roar,detail,,0,german__linear__roar__sample_seed_0,completed,german,linear,roar,1,prediction_not_equal_desired_class,50,50,50,17.0,614.0,True,1.0,1.0,0.0,1.5939832925796509,,,
german__linear__roar,detail,,0,german__linear__roar__sample_seed_0,completed,german,linear,roar,1,prediction_not_equal_desired_class,50,50,50,18.0,966.0,True,1.0,1.0,0.0,1.5361121892929075,,,
german__linear__roar,detail,,0,german__linear__roar__sample_seed_0,completed,german,linear,roar,1,prediction_not_equal_desired_class,50,50,50,19.0,405.0,True,1.0,1.0,0.0,1.5864307880401611,,,
german__linear__roar,detail,,0,german__linear__roar__sample_seed_0,completed,german,linear,roar,1,prediction_not_equal_desired_class,50,50,50,20.0,446.0,True,1.0,1.0,0.0,1.7186264991760254,,,
german__linear__roar,detail,,0,german__linear__roar__sample_seed_0,completed,german,linear,roar,1,prediction_not_equal_desired_class,50,50,50,21.0,812.0,True,1.0,1.0,0.0,2.035132646560669,,,
german__linear__roar,detail,,0,german__linear__roar__sample_seed_0,completed,german,linear,roar,1,prediction_not_equal_desired_class,50,50,50,22.0,410.0,True,1.0,1.0,0.0,1.7328635454177856,,,
german__linear__roar,detail,,0,german__linear__roar__sample_seed_0,completed,german,linear,roar,1,prediction_not_equal_desired_class,50,50,50,23.0,706.0,True,1.0,1.0,0.0,2.1939170360565186,,,
german__linear__roar,detail,,0,german__linear__roar__sample_seed_0,completed,german,linear,roar,1,prediction_not_equal_desired_class,50,50,50,24.0,306.0,True,1.0,1.0,0.0,1.9015240669250488,,,
german__linear__roar,detail,,0,german__linear__roar__sample_seed_0,completed,german,linear,roar,1,prediction_not_equal_desired_class,50,50,50,25.0,593.0,True,1.0,1.0,0.0,1.774444341659546,,,
german__linear__roar,detail,,0,german__linear__roar__sample_seed_0,completed,german,linear,roar,1,prediction_not_equal_desired_class,50,50,50,26.0,338.0,True,1.0,1.0,0.0,1.4668700695037842,,,
german__linear__roar,detail,,0,german__linear__roar__sample_seed_0,completed,german,linear,roar,1,prediction_not_equal_desired_class,50,50,50,27.0,813.0,True,1.0,1.0,0.0,1.5258045196533203,,,
german__linear__roar,detail,,0,german__linear__roar__sample_seed_0,completed,german,linear,roar,1,prediction_not_equal_desired_class,50,50,50,28.0,645.0,True,1.0,1.0,0.0,1.932263731956482,,,
german__linear__roar,detail,,0,german__linear__roar__sample_seed_0,completed,german,linear,roar,1,prediction_not_equal_desired_class,50,50,50,29.0,746.0,True,1.0,1.0,0.0,1.5106971263885498,,,
german__linear__roar,detail,,0,german__linear__roar__sample_seed_0,completed,german,linear,roar,1,prediction_not_equal_desired_class,50,50,50,30.0,522.0,True,1.0,1.0,0.0,1.747826099395752,,,
german__linear__roar,detail,,0,german__linear__roar__sample_seed_0,completed,german,linear,roar,1,prediction_not_equal_desired_class,50,50,50,31.0,728.0,True,1.0,1.0,0.0,1.873517632484436,,,
german__linear__roar,detail,,0,german__linear__roar__sample_seed_0,completed,german,linear,roar,1,prediction_not_equal_desired_class,50,50,50,32.0,739.0,True,1.0,1.0,0.0,1.84859561920166,,,
german__linear__roar,detail,,0,german__linear__roar__sample_seed_0,completed,german,linear,roar,1,prediction_not_equal_desired_class,50,50,50,33.0,701.0,True,1.0,1.0,0.0,1.8197352886199951,,,
german__linear__roar,detail,,0,german__linear__roar__sample_seed_0,completed,german,linear,roar,1,prediction_not_equal_desired_class,50,50,50,34.0,918.0,True,1.0,1.0,0.0,1.903053641319275,,,
german__linear__roar,detail,,0,german__linear__roar__sample_seed_0,completed,german,linear,roar,1,prediction_not_equal_desired_class,50,50,50,35.0,628.0,True,1.0,1.0,0.0,1.727331042289734,,,
german__linear__roar,detail,,0,german__linear__roar__sample_seed_0,completed,german,linear,roar,1,prediction_not_equal_desired_class,50,50,50,36.0,340.0,True,1.0,1.0,0.0,1.8390438556671145,,,
german__linear__roar,detail,,0,german__linear__roar__sample_seed_0,completed,german,linear,roar,1,prediction_not_equal_desired_class,50,50,50,37.0,292.0,True,1.0,1.0,0.0,1.565560817718506,,,
german__linear__roar,detail,,0,german__linear__roar__sample_seed_0,completed,german,linear,roar,1,prediction_not_equal_desired_class,50,50,50,38.0,169.0,True,1.0,1.0,0.0,1.8788853883743288,,,
german__linear__roar,detail,,0,german__linear__roar__sample_seed_0,completed,german,linear,roar,1,prediction_not_equal_desired_class,50,50,50,39.0,1.0,True,1.0,1.0,0.0,2.3278133869171143,,,
german__linear__roar,detail,,0,german__linear__roar__sample_seed_0,completed,german,linear,roar,1,prediction_not_equal_desired_class,50,50,50,40.0,18.0,True,1.0,1.0,0.0,1.9256279468536377,,,
german__linear__roar,detail,,0,german__linear__roar__sample_seed_0,completed,german,linear,roar,1,prediction_not_equal_desired_class,50,50,50,41.0,672.0,True,1.0,1.0,0.0,2.348278045654297,,,
german__linear__roar,detail,,0,german__linear__roar__sample_seed_0,completed,german,linear,roar,1,prediction_not_equal_desired_class,50,50,50,42.0,983.0,True,1.0,1.0,0.0,1.922544240951538,,,
german__linear__roar,detail,,0,german__linear__roar__sample_seed_0,completed,german,linear,roar,1,prediction_not_equal_desired_class,50,50,50,43.0,542.0,True,1.0,1.0,0.0,1.6363966464996338,,,
german__linear__roar,detail,,0,german__linear__roar__sample_seed_0,completed,german,linear,roar,1,prediction_not_equal_desired_class,50,50,50,44.0,118.0,True,1.0,1.0,0.0,1.9885066747665403,,,
german__linear__roar,detail,,0,german__linear__roar__sample_seed_0,completed,german,linear,roar,1,prediction_not_equal_desired_class,50,50,50,45.0,915.0,True,1.0,1.0,0.0,2.9658637046813965,,,
german__linear__roar,detail,,0,german__linear__roar__sample_seed_0,completed,german,linear,roar,1,prediction_not_equal_desired_class,50,50,50,46.0,973.0,True,1.0,1.0,0.0,2.3009979724884038,,,
german__linear__roar,detail,,0,german__linear__roar__sample_seed_0,completed,german,linear,roar,1,prediction_not_equal_desired_class,50,50,50,47.0,833.0,True,1.0,1.0,0.0,1.5209505558013916,,,
german__linear__roar,detail,,0,german__linear__roar__sample_seed_0,completed,german,linear,roar,1,prediction_not_equal_desired_class,50,50,50,48.0,136.0,True,1.0,1.0,0.0,1.7866473197937012,,,
german__linear__roar,detail,,0,german__linear__roar__sample_seed_0,completed,german,linear,roar,1,prediction_not_equal_desired_class,50,50,50,49.0,556.0,True,1.0,1.0,0.0,1.4960331916809082,,,
german__linear__roar,detail,,0,german__linear__roar__sample_seed_0,completed,german,linear,roar,1,prediction_not_equal_desired_class,50,50,50,50.0,328.0,True,1.0,1.0,0.0,1.6479629278182983,,,
german__linear__roar,summary,seed,0,german__linear__roar__sample_seed_0,completed,german,linear,roar,1,prediction_not_equal_desired_class,50,50,50,,,,1.0,1.0,0.0,1.858171555995941,50.0,,106.204293
german__linear__rbr,detail,,0,german__linear__rbr__sample_seed_0,completed,german,linear,rbr,1,prediction_not_equal_desired_class,50,50,50,1.0,622.0,True,1.0,1.0,0.0,1.0452611446380615,,,
german__linear__rbr,detail,,0,german__linear__rbr__sample_seed_0,completed,german,linear,rbr,1,prediction_not_equal_desired_class,50,50,50,2.0,378.0,True,1.0,1.0,0.0,0.5752748250961304,,,
german__linear__rbr,detail,,0,german__linear__rbr__sample_seed_0,completed,german,linear,rbr,1,prediction_not_equal_desired_class,50,50,50,3.0,63.0,True,1.0,1.0,0.0,1.2579803466796875,,,
german__linear__rbr,detail,,0,german__linear__rbr__sample_seed_0,completed,german,linear,rbr,1,prediction_not_equal_desired_class,50,50,50,4.0,952.0,True,1.0,1.0,0.0,0.5120775699615479,,,
german__linear__rbr,detail,,0,german__linear__rbr__sample_seed_0,completed,german,linear,rbr,1,prediction_not_equal_desired_class,50,50,50,5.0,888.0,True,1.0,1.0,0.0,0.5334635972976685,,,
german__linear__rbr,detail,,0,german__linear__rbr__sample_seed_0,completed,german,linear,rbr,1,prediction_not_equal_desired_class,50,50,50,6.0,433.0,True,1.0,1.0,0.0,0.6055254936218262,,,
german__linear__rbr,detail,,0,german__linear__rbr__sample_seed_0,completed,german,linear,rbr,1,prediction_not_equal_desired_class,50,50,50,7.0,730.0,True,1.0,1.0,0.0,0.3646168708801269,,,
german__linear__rbr,detail,,0,german__linear__rbr__sample_seed_0,completed,german,linear,rbr,1,prediction_not_equal_desired_class,50,50,50,8.0,321.0,True,1.0,1.0,0.0,0.6157202124595642,,,
german__linear__rbr,detail,,0,german__linear__rbr__sample_seed_0,completed,german,linear,rbr,1,prediction_not_equal_desired_class,50,50,50,9.0,454.0,True,1.0,1.0,0.0,0.3284550309181213,,,
german__linear__rbr,detail,,0,german__linear__rbr__sample_seed_0,completed,german,linear,rbr,1,prediction_not_equal_desired_class,50,50,50,10.0,910.0,True,1.0,1.0,0.0,0.6336862444877625,,,
german__linear__rbr,detail,,0,german__linear__rbr__sample_seed_0,completed,german,linear,rbr,1,prediction_not_equal_desired_class,50,50,50,11.0,124.0,True,1.0,1.0,0.0,0.3417029976844787,,,
german__linear__rbr,detail,,0,german__linear__rbr__sample_seed_0,completed,german,linear,rbr,1,prediction_not_equal_desired_class,50,50,50,12.0,11.0,True,1.0,1.0,0.0,0.9383904337882996,,,
german__linear__rbr,detail,,0,german__linear__rbr__sample_seed_0,completed,german,linear,rbr,1,prediction_not_equal_desired_class,50,50,50,13.0,17.0,True,1.0,1.0,0.0,0.6471683979034424,,,
german__linear__rbr,detail,,0,german__linear__rbr__sample_seed_0,completed,german,linear,rbr,1,prediction_not_equal_desired_class,50,50,50,14.0,517.0,True,1.0,1.0,0.0,0.9293342232704164,,,
german__linear__rbr,detail,,0,german__linear__rbr__sample_seed_0,completed,german,linear,rbr,1,prediction_not_equal_desired_class,50,50,50,15.0,657.0,True,1.0,1.0,0.0,0.8764442205429077,,,
german__linear__rbr,detail,,0,german__linear__rbr__sample_seed_0,completed,german,linear,rbr,1,prediction_not_equal_desired_class,50,50,50,16.0,566.0,True,1.0,1.0,0.0,0.375352531671524,,,
german__linear__rbr,detail,,0,german__linear__rbr__sample_seed_0,completed,german,linear,rbr,1,prediction_not_equal_desired_class,50,50,50,17.0,614.0,True,1.0,1.0,0.0,0.3996802568435669,,,
german__linear__rbr,detail,,0,german__linear__rbr__sample_seed_0,completed,german,linear,rbr,1,prediction_not_equal_desired_class,50,50,50,18.0,966.0,True,1.0,1.0,0.0,0.3848833441734314,,,
german__linear__rbr,detail,,0,german__linear__rbr__sample_seed_0,completed,german,linear,rbr,1,prediction_not_equal_desired_class,50,50,50,19.0,405.0,True,1.0,1.0,0.0,0.4326637387275696,,,
german__linear__rbr,detail,,0,german__linear__rbr__sample_seed_0,completed,german,linear,rbr,1,prediction_not_equal_desired_class,50,50,50,20.0,446.0,True,1.0,1.0,0.0,0.524919331073761,,,
german__linear__rbr,detail,,0,german__linear__rbr__sample_seed_0,completed,german,linear,rbr,1,prediction_not_equal_desired_class,50,50,50,21.0,812.0,True,1.0,1.0,0.0,0.8369520902633667,,,
german__linear__rbr,detail,,0,german__linear__rbr__sample_seed_0,completed,german,linear,rbr,1,prediction_not_equal_desired_class,50,50,50,22.0,410.0,True,1.0,1.0,0.0,0.5244901776313782,,,
german__linear__rbr,detail,,0,german__linear__rbr__sample_seed_0,completed,german,linear,rbr,1,prediction_not_equal_desired_class,50,50,50,23.0,706.0,True,1.0,1.0,0.0,0.8567490577697754,,,
german__linear__rbr,detail,,0,german__linear__rbr__sample_seed_0,completed,german,linear,rbr,1,prediction_not_equal_desired_class,50,50,50,24.0,306.0,True,1.0,1.0,0.0,0.7005175948143005,,,
german__linear__rbr,detail,,0,german__linear__rbr__sample_seed_0,completed,german,linear,rbr,1,prediction_not_equal_desired_class,50,50,50,25.0,593.0,True,1.0,1.0,0.0,0.5578329563140869,,,
german__linear__rbr,detail,,0,german__linear__rbr__sample_seed_0,completed,german,linear,rbr,1,prediction_not_equal_desired_class,50,50,50,26.0,338.0,True,1.0,1.0,0.0,0.3419459462165832,,,
german__linear__rbr,detail,,0,german__linear__rbr__sample_seed_0,completed,german,linear,rbr,1,prediction_not_equal_desired_class,50,50,50,27.0,813.0,True,1.0,0.0,1.0,0.3443484306335449,,,
german__linear__rbr,detail,,0,german__linear__rbr__sample_seed_0,completed,german,linear,rbr,1,prediction_not_equal_desired_class,50,50,50,28.0,645.0,True,1.0,1.0,0.0,0.7025421857833862,,,
german__linear__rbr,detail,,0,german__linear__rbr__sample_seed_0,completed,german,linear,rbr,1,prediction_not_equal_desired_class,50,50,50,29.0,746.0,True,1.0,1.0,0.0,0.3712624311447143,,,
german__linear__rbr,detail,,0,german__linear__rbr__sample_seed_0,completed,german,linear,rbr,1,prediction_not_equal_desired_class,50,50,50,30.0,522.0,True,1.0,1.0,0.0,0.5048238039016724,,,
german__linear__rbr,detail,,0,german__linear__rbr__sample_seed_0,completed,german,linear,rbr,1,prediction_not_equal_desired_class,50,50,50,31.0,728.0,True,1.0,1.0,0.0,0.5848991870880127,,,
german__linear__rbr,detail,,0,german__linear__rbr__sample_seed_0,completed,german,linear,rbr,1,prediction_not_equal_desired_class,50,50,50,32.0,739.0,True,1.0,1.0,0.0,0.6454700827598572,,,
german__linear__rbr,detail,,0,german__linear__rbr__sample_seed_0,completed,german,linear,rbr,1,prediction_not_equal_desired_class,50,50,50,33.0,701.0,True,1.0,1.0,0.0,0.5833929777145386,,,
german__linear__rbr,detail,,0,german__linear__rbr__sample_seed_0,completed,german,linear,rbr,1,prediction_not_equal_desired_class,50,50,50,34.0,918.0,True,1.0,1.0,0.0,0.620812714099884,,,
german__linear__rbr,detail,,0,german__linear__rbr__sample_seed_0,completed,german,linear,rbr,1,prediction_not_equal_desired_class,50,50,50,35.0,628.0,True,1.0,1.0,0.0,0.5062769055366516,,,
german__linear__rbr,detail,,0,german__linear__rbr__sample_seed_0,completed,german,linear,rbr,1,prediction_not_equal_desired_class,50,50,50,36.0,340.0,True,1.0,1.0,0.0,0.6606895327568054,,,
german__linear__rbr,detail,,0,german__linear__rbr__sample_seed_0,completed,german,linear,rbr,1,prediction_not_equal_desired_class,50,50,50,37.0,292.0,True,1.0,1.0,0.0,0.4119654595851898,,,
german__linear__rbr,detail,,0,german__linear__rbr__sample_seed_0,completed,german,linear,rbr,1,prediction_not_equal_desired_class,50,50,50,38.0,169.0,True,1.0,1.0,0.0,0.6326975226402283,,,
german__linear__rbr,detail,,0,german__linear__rbr__sample_seed_0,completed,german,linear,rbr,1,prediction_not_equal_desired_class,50,50,50,39.0,1.0,True,1.0,1.0,0.0,1.0517183542251587,,,
german__linear__rbr,detail,,0,german__linear__rbr__sample_seed_0,completed,german,linear,rbr,1,prediction_not_equal_desired_class,50,50,50,40.0,18.0,True,1.0,1.0,0.0,0.7201705574989319,,,
german__linear__rbr,detail,,0,german__linear__rbr__sample_seed_0,completed,german,linear,rbr,1,prediction_not_equal_desired_class,50,50,50,41.0,672.0,True,1.0,1.0,0.0,0.9823846817016602,,,
german__linear__rbr,detail,,0,german__linear__rbr__sample_seed_0,completed,german,linear,rbr,1,prediction_not_equal_desired_class,50,50,50,42.0,983.0,True,1.0,1.0,0.0,0.7338395714759827,,,
german__linear__rbr,detail,,0,german__linear__rbr__sample_seed_0,completed,german,linear,rbr,1,prediction_not_equal_desired_class,50,50,50,43.0,542.0,True,1.0,1.0,0.0,0.4846397042274475,,,
german__linear__rbr,detail,,0,german__linear__rbr__sample_seed_0,completed,german,linear,rbr,1,prediction_not_equal_desired_class,50,50,50,44.0,118.0,True,1.0,1.0,0.0,0.7325931787490845,,,
german__linear__rbr,detail,,0,german__linear__rbr__sample_seed_0,completed,german,linear,rbr,1,prediction_not_equal_desired_class,50,50,50,45.0,915.0,True,1.0,1.0,0.0,1.583887815475464,,,
german__linear__rbr,detail,,0,german__linear__rbr__sample_seed_0,completed,german,linear,rbr,1,prediction_not_equal_desired_class,50,50,50,46.0,973.0,True,1.0,1.0,0.0,0.9175055027008056,,,
german__linear__rbr,detail,,0,german__linear__rbr__sample_seed_0,completed,german,linear,rbr,1,prediction_not_equal_desired_class,50,50,50,47.0,833.0,True,1.0,1.0,0.0,0.3791688680648803,,,
german__linear__rbr,detail,,0,german__linear__rbr__sample_seed_0,completed,german,linear,rbr,1,prediction_not_equal_desired_class,50,50,50,48.0,136.0,True,1.0,1.0,0.0,0.5979576110839844,,,
german__linear__rbr,detail,,0,german__linear__rbr__sample_seed_0,completed,german,linear,rbr,1,prediction_not_equal_desired_class,50,50,50,49.0,556.0,True,1.0,1.0,0.0,0.3418102562427521,,,
german__linear__rbr,detail,,0,german__linear__rbr__sample_seed_0,completed,german,linear,rbr,1,prediction_not_equal_desired_class,50,50,50,50.0,328.0,True,1.0,1.0,0.0,0.5063608288764954,,,
german__linear__rbr,summary,seed,0,german__linear__rbr__sample_seed_0,completed,german,linear,rbr,1,prediction_not_equal_desired_class,50,50,50,,,,1.0,0.98,0.02,0.6348461359739304,50.0,,151.437655
german__linear__cvas_proj,detail,,0,german__linear__cvas_proj__sample_seed_0,completed,german,linear,cvas_proj,1,prediction_not_equal_desired_class,50,50,50,1.0,622.0,True,1.0,1.0,0.0,0.8177679181098938,,,
german__linear__cvas_proj,detail,,0,german__linear__cvas_proj__sample_seed_0,completed,german,linear,cvas_proj,1,prediction_not_equal_desired_class,50,50,50,2.0,378.0,True,1.0,1.0,0.0,0.4034623205661773,,,
german__linear__cvas_proj,detail,,0,german__linear__cvas_proj__sample_seed_0,completed,german,linear,cvas_proj,1,prediction_not_equal_desired_class,50,50,50,3.0,63.0,True,1.0,1.0,0.0,0.8924318552017212,,,
german__linear__cvas_proj,detail,,0,german__linear__cvas_proj__sample_seed_0,completed,german,linear,cvas_proj,1,prediction_not_equal_desired_class,50,50,50,4.0,952.0,True,1.0,1.0,0.0,0.3381232023239136,,,
german__linear__cvas_proj,detail,,0,german__linear__cvas_proj__sample_seed_0,completed,german,linear,cvas_proj,1,prediction_not_equal_desired_class,50,50,50,5.0,888.0,True,1.0,1.0,0.0,0.3852390944957733,,,
german__linear__cvas_proj,detail,,0,german__linear__cvas_proj__sample_seed_0,completed,german,linear,cvas_proj,1,prediction_not_equal_desired_class,50,50,50,6.0,433.0,True,1.0,1.0,0.0,0.4430387616157532,,,
german__linear__cvas_proj,detail,,0,german__linear__cvas_proj__sample_seed_0,completed,german,linear,cvas_proj,1,prediction_not_equal_desired_class,50,50,50,7.0,730.0,True,1.0,1.0,0.0,0.2230045050382614,,,
german__linear__cvas_proj,detail,,0,german__linear__cvas_proj__sample_seed_0,completed,german,linear,cvas_proj,1,prediction_not_equal_desired_class,50,50,50,8.0,321.0,True,1.0,1.0,0.0,0.4571310877799988,,,
german__linear__cvas_proj,detail,,0,german__linear__cvas_proj__sample_seed_0,completed,german,linear,cvas_proj,1,prediction_not_equal_desired_class,50,50,50,9.0,454.0,True,1.0,1.0,0.0,0.1831555813550949,,,
german__linear__cvas_proj,detail,,0,german__linear__cvas_proj__sample_seed_0,completed,german,linear,cvas_proj,1,prediction_not_equal_desired_class,50,50,50,10.0,910.0,True,1.0,1.0,0.0,0.4581723213195801,,,
german__linear__cvas_proj,detail,,0,german__linear__cvas_proj__sample_seed_0,completed,german,linear,cvas_proj,1,prediction_not_equal_desired_class,50,50,50,11.0,124.0,True,1.0,1.0,0.0,0.1856152564287185,,,
german__linear__cvas_proj,detail,,0,german__linear__cvas_proj__sample_seed_0,completed,german,linear,cvas_proj,1,prediction_not_equal_desired_class,50,50,50,12.0,11.0,True,1.0,1.0,0.0,0.7489809393882751,,,
german__linear__cvas_proj,detail,,0,german__linear__cvas_proj__sample_seed_0,completed,german,linear,cvas_proj,1,prediction_not_equal_desired_class,50,50,50,13.0,17.0,True,1.0,1.0,0.0,0.4812361299991607,,,
german__linear__cvas_proj,detail,,0,german__linear__cvas_proj__sample_seed_0,completed,german,linear,cvas_proj,1,prediction_not_equal_desired_class,50,50,50,14.0,517.0,True,1.0,1.0,0.0,0.6548649072647095,,,
german__linear__cvas_proj,detail,,0,german__linear__cvas_proj__sample_seed_0,completed,german,linear,cvas_proj,1,prediction_not_equal_desired_class,50,50,50,15.0,657.0,True,1.0,1.0,0.0,0.7123640775680542,,,
german__linear__cvas_proj,detail,,0,german__linear__cvas_proj__sample_seed_0,completed,german,linear,cvas_proj,1,prediction_not_equal_desired_class,50,50,50,16.0,566.0,True,1.0,1.0,0.0,0.2277988493442535,,,
german__linear__cvas_proj,detail,,0,german__linear__cvas_proj__sample_seed_0,completed,german,linear,cvas_proj,1,prediction_not_equal_desired_class,50,50,50,17.0,614.0,True,1.0,1.0,0.0,0.2443371415138244,,,
german__linear__cvas_proj,detail,,0,german__linear__cvas_proj__sample_seed_0,completed,german,linear,cvas_proj,1,prediction_not_equal_desired_class,50,50,50,18.0,966.0,True,1.0,1.0,0.0,0.2725661695003509,,,
german__linear__cvas_proj,detail,,0,german__linear__cvas_proj__sample_seed_0,completed,german,linear,cvas_proj,1,prediction_not_equal_desired_class,50,50,50,19.0,405.0,True,1.0,1.0,0.0,0.2543182075023651,,,
german__linear__cvas_proj,detail,,0,german__linear__cvas_proj__sample_seed_0,completed,german,linear,cvas_proj,1,prediction_not_equal_desired_class,50,50,50,20.0,446.0,True,1.0,1.0,0.0,0.3821070194244385,,,
german__linear__cvas_proj,detail,,0,german__linear__cvas_proj__sample_seed_0,completed,german,linear,cvas_proj,1,prediction_not_equal_desired_class,50,50,50,21.0,812.0,True,1.0,1.0,0.0,0.6426600813865662,,,
german__linear__cvas_proj,detail,,0,german__linear__cvas_proj__sample_seed_0,completed,german,linear,cvas_proj,1,prediction_not_equal_desired_class,50,50,50,22.0,410.0,True,1.0,1.0,0.0,0.3522707223892212,,,
german__linear__cvas_proj,detail,,0,german__linear__cvas_proj__sample_seed_0,completed,german,linear,cvas_proj,1,prediction_not_equal_desired_class,50,50,50,23.0,706.0,True,1.0,1.0,0.0,0.6739593744277954,,,
german__linear__cvas_proj,detail,,0,german__linear__cvas_proj__sample_seed_0,completed,german,linear,cvas_proj,1,prediction_not_equal_desired_class,50,50,50,24.0,306.0,True,1.0,1.0,0.0,0.5148058533668518,,,
german__linear__cvas_proj,detail,,0,german__linear__cvas_proj__sample_seed_0,completed,german,linear,cvas_proj,1,prediction_not_equal_desired_class,50,50,50,25.0,593.0,True,1.0,1.0,0.0,0.3952155113220215,,,
german__linear__cvas_proj,detail,,0,german__linear__cvas_proj__sample_seed_0,completed,german,linear,cvas_proj,1,prediction_not_equal_desired_class,50,50,50,26.0,338.0,True,1.0,1.0,0.0,0.2051325142383575,,,
german__linear__cvas_proj,detail,,0,german__linear__cvas_proj__sample_seed_0,completed,german,linear,cvas_proj,1,prediction_not_equal_desired_class,50,50,50,27.0,813.0,True,1.0,1.0,0.0,0.2137642502784729,,,
german__linear__cvas_proj,detail,,0,german__linear__cvas_proj__sample_seed_0,completed,german,linear,cvas_proj,1,prediction_not_equal_desired_class,50,50,50,28.0,645.0,True,1.0,1.0,0.0,0.5441704988479614,,,
german__linear__cvas_proj,detail,,0,german__linear__cvas_proj__sample_seed_0,completed,german,linear,cvas_proj,1,prediction_not_equal_desired_class,50,50,50,29.0,746.0,True,1.0,1.0,0.0,0.2400051057338714,,,
german__linear__cvas_proj,detail,,0,german__linear__cvas_proj__sample_seed_0,completed,german,linear,cvas_proj,1,prediction_not_equal_desired_class,50,50,50,30.0,522.0,True,1.0,1.0,0.0,0.3322175443172455,,,
german__linear__cvas_proj,detail,,0,german__linear__cvas_proj__sample_seed_0,completed,german,linear,cvas_proj,1,prediction_not_equal_desired_class,50,50,50,31.0,728.0,True,1.0,1.0,0.0,0.4126332402229309,,,
german__linear__cvas_proj,detail,,0,german__linear__cvas_proj__sample_seed_0,completed,german,linear,cvas_proj,1,prediction_not_equal_desired_class,50,50,50,32.0,739.0,True,1.0,1.0,0.0,0.4699088037014007,,,
german__linear__cvas_proj,detail,,0,german__linear__cvas_proj__sample_seed_0,completed,german,linear,cvas_proj,1,prediction_not_equal_desired_class,50,50,50,33.0,701.0,True,1.0,1.0,0.0,0.4226008355617523,,,
german__linear__cvas_proj,detail,,0,german__linear__cvas_proj__sample_seed_0,completed,german,linear,cvas_proj,1,prediction_not_equal_desired_class,50,50,50,34.0,918.0,True,1.0,1.0,0.0,0.479255735874176,,,
german__linear__cvas_proj,detail,,0,german__linear__cvas_proj__sample_seed_0,completed,german,linear,cvas_proj,1,prediction_not_equal_desired_class,50,50,50,35.0,628.0,True,1.0,1.0,0.0,0.3553482890129089,,,
german__linear__cvas_proj,detail,,0,german__linear__cvas_proj__sample_seed_0,completed,german,linear,cvas_proj,1,prediction_not_equal_desired_class,50,50,50,36.0,340.0,True,1.0,1.0,0.0,0.4585219025611877,,,
german__linear__cvas_proj,detail,,0,german__linear__cvas_proj__sample_seed_0,completed,german,linear,cvas_proj,1,prediction_not_equal_desired_class,50,50,50,37.0,292.0,True,1.0,1.0,0.0,0.2412341833114624,,,
german__linear__cvas_proj,detail,,0,german__linear__cvas_proj__sample_seed_0,completed,german,linear,cvas_proj,1,prediction_not_equal_desired_class,50,50,50,38.0,169.0,True,1.0,1.0,0.0,0.4647889137268066,,,
german__linear__cvas_proj,detail,,0,german__linear__cvas_proj__sample_seed_0,completed,german,linear,cvas_proj,1,prediction_not_equal_desired_class,50,50,50,39.0,1.0,True,1.0,1.0,0.0,0.82109534740448,,,
german__linear__cvas_proj,detail,,0,german__linear__cvas_proj__sample_seed_0,completed,german,linear,cvas_proj,1,prediction_not_equal_desired_class,50,50,50,40.0,18.0,True,1.0,1.0,0.0,0.4518511295318603,,,
german__linear__cvas_proj,detail,,0,german__linear__cvas_proj__sample_seed_0,completed,german,linear,cvas_proj,1,prediction_not_equal_desired_class,50,50,50,41.0,672.0,True,1.0,1.0,0.0,0.8017926216125488,,,
german__linear__cvas_proj,detail,,0,german__linear__cvas_proj__sample_seed_0,completed,german,linear,cvas_proj,1,prediction_not_equal_desired_class,50,50,50,42.0,983.0,True,1.0,1.0,0.0,0.5419673323631287,,,
german__linear__cvas_proj,detail,,0,german__linear__cvas_proj__sample_seed_0,completed,german,linear,cvas_proj,1,prediction_not_equal_desired_class,50,50,50,43.0,542.0,True,1.0,1.0,0.0,0.3575547635555267,,,
german__linear__cvas_proj,detail,,0,german__linear__cvas_proj__sample_seed_0,completed,german,linear,cvas_proj,1,prediction_not_equal_desired_class,50,50,50,44.0,118.0,True,1.0,1.0,0.0,0.5507796406745911,,,
german__linear__cvas_proj,detail,,0,german__linear__cvas_proj__sample_seed_0,completed,german,linear,cvas_proj,1,prediction_not_equal_desired_class,50,50,50,45.0,915.0,True,1.0,1.0,0.0,1.229552984237671,,,
german__linear__cvas_proj,detail,,0,german__linear__cvas_proj__sample_seed_0,completed,german,linear,cvas_proj,1,prediction_not_equal_desired_class,50,50,50,46.0,973.0,True,1.0,1.0,0.0,0.7612010836601257,,,
german__linear__cvas_proj,detail,,0,german__linear__cvas_proj__sample_seed_0,completed,german,linear,cvas_proj,1,prediction_not_equal_desired_class,50,50,50,47.0,833.0,True,1.0,1.0,0.0,0.2268253564834594,,,
german__linear__cvas_proj,detail,,0,german__linear__cvas_proj__sample_seed_0,completed,german,linear,cvas_proj,1,prediction_not_equal_desired_class,50,50,50,48.0,136.0,True,1.0,1.0,0.0,0.4305919706821441,,,
german__linear__cvas_proj,detail,,0,german__linear__cvas_proj__sample_seed_0,completed,german,linear,cvas_proj,1,prediction_not_equal_desired_class,50,50,50,49.0,556.0,True,1.0,1.0,0.0,0.194240540266037,,,
german__linear__cvas_proj,detail,,0,german__linear__cvas_proj__sample_seed_0,completed,german,linear,cvas_proj,1,prediction_not_equal_desired_class,50,50,50,50.0,328.0,True,1.0,1.0,0.0,0.364165723323822,,,
german__linear__cvas_proj,summary,seed,0,german__linear__cvas_proj__sample_seed_0,completed,german,linear,cvas_proj,1,prediction_not_equal_desired_class,50,50,50,,,,1.0,1.0,0.0,0.4583165439963341,50.0,,20.511754
german__linear__larr,detail,,0,german__linear__larr__sample_seed_0,completed,german,linear,larr,1,prediction_not_equal_desired_class,50,50,50,1.0,622.0,True,1.0,1.0,0.0,0.8470677733421326,,,
german__linear__larr,detail,,0,german__linear__larr__sample_seed_0,completed,german,linear,larr,1,prediction_not_equal_desired_class,50,50,50,2.0,378.0,True,1.0,1.0,0.0,1.0705982446670532,,,
german__linear__larr,detail,,0,german__linear__larr__sample_seed_0,completed,german,linear,larr,1,prediction_not_equal_desired_class,50,50,50,3.0,63.0,True,1.0,1.0,0.0,0.9470884203910828,,,
german__linear__larr,detail,,0,german__linear__larr__sample_seed_0,completed,german,linear,larr,1,prediction_not_equal_desired_class,50,50,50,4.0,952.0,True,1.0,1.0,0.0,0.2941369712352752,,,
german__linear__larr,detail,,0,german__linear__larr__sample_seed_0,completed,german,linear,larr,1,prediction_not_equal_desired_class,50,50,50,5.0,888.0,True,1.0,1.0,0.0,0.7706261277198792,,,
german__linear__larr,detail,,0,german__linear__larr__sample_seed_0,completed,german,linear,larr,1,prediction_not_equal_desired_class,50,50,50,6.0,433.0,True,1.0,1.0,0.0,0.4941336214542389,,,
german__linear__larr,detail,,0,german__linear__larr__sample_seed_0,completed,german,linear,larr,1,prediction_not_equal_desired_class,50,50,50,7.0,730.0,True,1.0,1.0,0.0,0.5941334962844849,,,
german__linear__larr,detail,,0,german__linear__larr__sample_seed_0,completed,german,linear,larr,1,prediction_not_equal_desired_class,50,50,50,8.0,321.0,True,1.0,1.0,0.0,0.4941415190696716,,,
german__linear__larr,detail,,0,german__linear__larr__sample_seed_0,completed,german,linear,larr,1,prediction_not_equal_desired_class,50,50,50,9.0,454.0,True,1.0,1.0,0.0,0.4941350519657135,,,
german__linear__larr,detail,,0,german__linear__larr__sample_seed_0,completed,german,linear,larr,1,prediction_not_equal_desired_class,50,50,50,10.0,910.0,True,1.0,1.0,0.0,0.4706042408943176,,,
german__linear__larr,detail,,0,german__linear__larr__sample_seed_0,completed,german,linear,larr,1,prediction_not_equal_desired_class,50,50,50,11.0,124.0,True,1.0,1.0,0.0,0.2058961391448974,,,
german__linear__larr,detail,,0,german__linear__larr__sample_seed_0,completed,german,linear,larr,1,prediction_not_equal_desired_class,50,50,50,12.0,11.0,True,1.0,1.0,0.0,0.6470699906349182,,,
german__linear__larr,detail,,0,german__linear__larr__sample_seed_0,completed,german,linear,larr,1,prediction_not_equal_desired_class,50,50,50,13.0,17.0,True,1.0,1.0,0.0,0.3823685944080353,,,
german__linear__larr,detail,,0,german__linear__larr__sample_seed_0,completed,german,linear,larr,1,prediction_not_equal_desired_class,50,50,50,14.0,517.0,True,1.0,1.0,0.0,0.670630931854248,,,
german__linear__larr,detail,,0,german__linear__larr__sample_seed_0,completed,german,linear,larr,1,prediction_not_equal_desired_class,50,50,50,15.0,657.0,True,1.0,1.0,0.0,1.1470826864242554,,,
german__linear__larr,detail,,0,german__linear__larr__sample_seed_0,completed,german,linear,larr,1,prediction_not_equal_desired_class,50,50,50,16.0,566.0,True,1.0,1.0,0.0,0.2176843881607055,,,
german__linear__larr,detail,,0,german__linear__larr__sample_seed_0,completed,german,linear,larr,1,prediction_not_equal_desired_class,50,50,50,17.0,614.0,True,1.0,1.0,0.0,0.2059171050786972,,,
german__linear__larr,detail,,0,german__linear__larr__sample_seed_0,completed,german,linear,larr,1,prediction_not_equal_desired_class,50,50,50,18.0,966.0,True,1.0,1.0,0.0,0.3382539451122284,,,
german__linear__larr,detail,,0,german__linear__larr__sample_seed_0,completed,german,linear,larr,1,prediction_not_equal_desired_class,50,50,50,19.0,405.0,True,1.0,1.0,0.0,0.2941387891769409,,,
german__linear__larr,detail,,0,german__linear__larr__sample_seed_0,completed,german,linear,larr,1,prediction_not_equal_desired_class,50,50,50,20.0,446.0,True,1.0,1.0,0.0,0.4706136584281921,,,
german__linear__larr,detail,,0,german__linear__larr__sample_seed_0,completed,german,linear,larr,1,prediction_not_equal_desired_class,50,50,50,21.0,812.0,True,1.0,1.0,0.0,0.57062166929245,,,
german__linear__larr,detail,,0,german__linear__larr__sample_seed_0,completed,german,linear,larr,1,prediction_not_equal_desired_class,50,50,50,22.0,410.0,True,1.0,1.0,0.0,0.2941284775733948,,,
german__linear__larr,detail,,0,german__linear__larr__sample_seed_0,completed,german,linear,larr,1,prediction_not_equal_desired_class,50,50,50,23.0,706.0,True,1.0,1.0,0.0,0.6470942497253418,,,
german__linear__larr,detail,,0,german__linear__larr__sample_seed_0,completed,german,linear,larr,1,prediction_not_equal_desired_class,50,50,50,24.0,306.0,True,1.0,1.0,0.0,0.4823822975158691,,,
german__linear__larr,detail,,0,german__linear__larr__sample_seed_0,completed,german,linear,larr,1,prediction_not_equal_desired_class,50,50,50,25.0,593.0,True,1.0,1.0,0.0,0.2941520810127258,,,
german__linear__larr,detail,,0,german__linear__larr__sample_seed_0,completed,german,linear,larr,1,prediction_not_equal_desired_class,50,50,50,26.0,338.0,True,1.0,1.0,0.0,0.2941468358039856,,,
german__linear__larr,detail,,0,german__linear__larr__sample_seed_0,completed,german,linear,larr,1,prediction_not_equal_desired_class,50,50,50,27.0,813.0,True,1.0,1.0,0.0,0.6470812559127808,,,
german__linear__larr,detail,,0,german__linear__larr__sample_seed_0,completed,german,linear,larr,1,prediction_not_equal_desired_class,50,50,50,28.0,645.0,True,1.0,1.0,0.0,0.4706092476844787,,,
german__linear__larr,detail,,0,german__linear__larr__sample_seed_0,completed,german,linear,larr,1,prediction_not_equal_desired_class,50,50,50,29.0,746.0,True,1.0,1.0,0.0,0.16178959608078,,,
german__linear__larr,detail,,0,german__linear__larr__sample_seed_0,completed,german,linear,larr,1,prediction_not_equal_desired_class,50,50,50,30.0,522.0,True,1.0,1.0,0.0,0.8470962047576904,,,
german__linear__larr,detail,,0,german__linear__larr__sample_seed_0,completed,german,linear,larr,1,prediction_not_equal_desired_class,50,50,50,31.0,728.0,True,1.0,1.0,0.0,0.9470818042755128,,,
german__linear__larr,detail,,0,german__linear__larr__sample_seed_0,completed,german,linear,larr,1,prediction_not_equal_desired_class,50,50,50,32.0,739.0,True,1.0,1.0,0.0,0.3823731243610382,,,
german__linear__larr,detail,,0,german__linear__larr__sample_seed_0,completed,german,linear,larr,1,prediction_not_equal_desired_class,50,50,50,33.0,701.0,True,1.0,1.0,0.0,0.8470796942710876,,,
german__linear__larr,detail,,0,german__linear__larr__sample_seed_0,completed,german,linear,larr,1,prediction_not_equal_desired_class,50,50,50,34.0,918.0,True,1.0,1.0,0.0,0.4941466152667999,,,
german__linear__larr,detail,,0,german__linear__larr__sample_seed_0,completed,german,linear,larr,1,prediction_not_equal_desired_class,50,50,50,35.0,628.0,True,1.0,1.0,0.0,0.7588446140289307,,,
german__linear__larr,detail,,0,german__linear__larr__sample_seed_0,completed,german,linear,larr,1,prediction_not_equal_desired_class,50,50,50,36.0,340.0,True,1.0,1.0,0.0,0.3941437900066376,,,
german__linear__larr,detail,,0,german__linear__larr__sample_seed_0,completed,german,linear,larr,1,prediction_not_equal_desired_class,50,50,50,37.0,292.0,True,1.0,1.0,0.0,0.2941498458385467,,,
german__linear__larr,detail,,0,german__linear__larr__sample_seed_0,completed,german,linear,larr,1,prediction_not_equal_desired_class,50,50,50,38.0,169.0,True,1.0,1.0,0.0,0.4941215515136719,,,
german__linear__larr,detail,,0,german__linear__larr__sample_seed_0,completed,german,linear,larr,1,prediction_not_equal_desired_class,50,50,50,39.0,1.0,True,1.0,1.0,0.0,0.7470875382423401,,,
german__linear__larr,detail,,0,german__linear__larr__sample_seed_0,completed,german,linear,larr,1,prediction_not_equal_desired_class,50,50,50,40.0,18.0,True,1.0,1.0,0.0,0.5941449999809265,,,
german__linear__larr,detail,,0,german__linear__larr__sample_seed_0,completed,german,linear,larr,1,prediction_not_equal_desired_class,50,50,50,41.0,672.0,True,1.0,1.0,0.0,1.3235465288162231,,,
german__linear__larr,detail,,0,german__linear__larr__sample_seed_0,completed,german,linear,larr,1,prediction_not_equal_desired_class,50,50,50,42.0,983.0,True,1.0,1.0,0.0,0.4706115424633026,,,
german__linear__larr,detail,,0,german__linear__larr__sample_seed_0,completed,german,linear,larr,1,prediction_not_equal_desired_class,50,50,50,43.0,542.0,True,1.0,1.0,0.0,0.6823754906654358,,,
german__linear__larr,detail,,0,german__linear__larr__sample_seed_0,completed,german,linear,larr,1,prediction_not_equal_desired_class,50,50,50,44.0,118.0,True,1.0,1.0,0.0,0.526494026184082,,,
german__linear__larr,detail,,0,german__linear__larr__sample_seed_0,completed,german,linear,larr,1,prediction_not_equal_desired_class,50,50,50,45.0,915.0,True,1.0,1.0,0.0,1.2470757961273191,,,
german__linear__larr,detail,,0,german__linear__larr__sample_seed_0,completed,german,linear,larr,1,prediction_not_equal_desired_class,50,50,50,46.0,973.0,True,1.0,1.0,0.0,1.1235653162002563,,,
german__linear__larr,detail,,0,german__linear__larr__sample_seed_0,completed,german,linear,larr,1,prediction_not_equal_desired_class,50,50,50,47.0,833.0,True,1.0,1.0,0.0,0.2941569983959198,,,
german__linear__larr,detail,,0,german__linear__larr__sample_seed_0,completed,german,linear,larr,1,prediction_not_equal_desired_class,50,50,50,48.0,136.0,True,1.0,1.0,0.0,0.3382470607757568,,,
german__linear__larr,detail,,0,german__linear__larr__sample_seed_0,completed,german,linear,larr,1,prediction_not_equal_desired_class,50,50,50,49.0,556.0,True,1.0,1.0,0.0,0.2059081494808197,,,
german__linear__larr,detail,,0,german__linear__larr__sample_seed_0,completed,german,linear,larr,1,prediction_not_equal_desired_class,50,50,50,50.0,328.0,True,1.0,1.0,0.0,0.6706081628799438,,,
german__linear__larr,summary,seed,0,german__linear__larr__sample_seed_0,completed,german,linear,larr,1,prediction_not_equal_desired_class,50,50,50,,,,1.0,1.0,0.0,0.5720237252116204,50.0,,2.323486
german__mlp__trex,detail,,0,german__mlp__trex__sample_seed_0,completed,german,mlp,trex,1,prediction_not_equal_desired_class,50,50,50,1.0,622.0,True,1.0,0.0,1.0,0.6050127744674683,,,
german__mlp__trex,detail,,0,german__mlp__trex__sample_seed_0,completed,german,mlp,trex,1,prediction_not_equal_desired_class,50,50,50,2.0,378.0,True,1.0,0.0,1.0,0.6849116683006287,,,
german__mlp__trex,detail,,0,german__mlp__trex__sample_seed_0,completed,german,mlp,trex,1,prediction_not_equal_desired_class,50,50,50,3.0,63.0,True,1.0,0.0,1.0,0.9999688267707825,,,
german__mlp__trex,detail,,0,german__mlp__trex__sample_seed_0,completed,german,mlp,trex,1,prediction_not_equal_desired_class,50,50,50,4.0,331.0,True,1.0,1.0,0.0,0.46355631947517395,,,
german__mlp__trex,detail,,0,german__mlp__trex__sample_seed_0,completed,german,mlp,trex,1,prediction_not_equal_desired_class,50,50,50,5.0,952.0,True,1.0,1.0,0.0,0.5027188658714294,,,
german__mlp__trex,detail,,0,german__mlp__trex__sample_seed_0,completed,german,mlp,trex,1,prediction_not_equal_desired_class,50,50,50,6.0,170.0,True,1.0,1.0,0.0,0.2984703481197357,,,
german__mlp__trex,detail,,0,german__mlp__trex__sample_seed_0,completed,german,mlp,trex,1,prediction_not_equal_desired_class,50,50,50,7.0,433.0,True,1.0,0.0,1.0,1.2498302459716797,,,
german__mlp__trex,detail,,0,german__mlp__trex__sample_seed_0,completed,german,mlp,trex,1,prediction_not_equal_desired_class,50,50,50,8.0,321.0,True,1.0,0.0,1.0,1.2054615020751953,,,
german__mlp__trex,detail,,0,german__mlp__trex__sample_seed_0,completed,german,mlp,trex,1,prediction_not_equal_desired_class,50,50,50,9.0,910.0,True,1.0,1.0,0.0,0.7309360504150391,,,
german__mlp__trex,detail,,0,german__mlp__trex__sample_seed_0,completed,german,mlp,trex,1,prediction_not_equal_desired_class,50,50,50,10.0,124.0,True,1.0,1.0,0.0,0.48985904455184937,,,
german__mlp__trex,detail,,0,german__mlp__trex__sample_seed_0,completed,german,mlp,trex,1,prediction_not_equal_desired_class,50,50,50,11.0,11.0,True,1.0,1.0,0.0,1.0191720724105835,,,
german__mlp__trex,detail,,0,german__mlp__trex__sample_seed_0,completed,german,mlp,trex,1,prediction_not_equal_desired_class,50,50,50,12.0,17.0,True,1.0,0.0,1.0,0.5739966630935669,,,
german__mlp__trex,detail,,0,german__mlp__trex__sample_seed_0,completed,german,mlp,trex,1,prediction_not_equal_desired_class,50,50,50,13.0,517.0,True,1.0,1.0,0.0,0.9569951295852661,,,
german__mlp__trex,detail,,0,german__mlp__trex__sample_seed_0,completed,german,mlp,trex,1,prediction_not_equal_desired_class,50,50,50,14.0,657.0,True,1.0,0.0,1.0,0.5344634652137756,,,
german__mlp__trex,detail,,0,german__mlp__trex__sample_seed_0,completed,german,mlp,trex,1,prediction_not_equal_desired_class,50,50,50,15.0,566.0,True,1.0,1.0,0.0,0.303617388010025,,,
german__mlp__trex,detail,,0,german__mlp__trex__sample_seed_0,completed,german,mlp,trex,1,prediction_not_equal_desired_class,50,50,50,16.0,614.0,True,1.0,1.0,0.0,0.5347792506217957,,,
german__mlp__trex,detail,,0,german__mlp__trex__sample_seed_0,completed,german,mlp,trex,1,prediction_not_equal_desired_class,50,50,50,17.0,966.0,True,1.0,0.0,1.0,0.4991947412490845,,,
german__mlp__trex,detail,,0,german__mlp__trex__sample_seed_0,completed,german,mlp,trex,1,prediction_not_equal_desired_class,50,50,50,18.0,66.0,True,1.0,1.0,0.0,0.26246339082717896,,,
german__mlp__trex,detail,,0,german__mlp__trex__sample_seed_0,completed,german,mlp,trex,1,prediction_not_equal_desired_class,50,50,50,19.0,182.0,True,1.0,1.0,0.0,0.33975833654403687,,,
german__mlp__trex,detail,,0,german__mlp__trex__sample_seed_0,completed,german,mlp,trex,1,prediction_not_equal_desired_class,50,50,50,20.0,163.0,True,1.0,1.0,0.0,0.40801364183425903,,,
german__mlp__trex,detail,,0,german__mlp__trex__sample_seed_0,completed,german,mlp,trex,1,prediction_not_equal_desired_class,50,50,50,21.0,405.0,True,1.0,1.0,0.0,0.4501088559627533,,,
german__mlp__trex,detail,,0,german__mlp__trex__sample_seed_0,completed,german,mlp,trex,1,prediction_not_equal_desired_class,50,50,50,22.0,446.0,True,1.0,1.0,0.0,0.8745505213737488,,,
german__mlp__trex,detail,,0,german__mlp__trex__sample_seed_0,completed,german,mlp,trex,1,prediction_not_equal_desired_class,50,50,50,23.0,419.0,True,1.0,1.0,0.0,0.44877615571022034,,,
german__mlp__trex,detail,,0,german__mlp__trex__sample_seed_0,completed,german,mlp,trex,1,prediction_not_equal_desired_class,50,50,50,24.0,812.0,True,1.0,0.0,1.0,0.5916258096694946,,,
german__mlp__trex,detail,,0,german__mlp__trex__sample_seed_0,completed,german,mlp,trex,1,prediction_not_equal_desired_class,50,50,50,25.0,410.0,True,1.0,1.0,0.0,0.7262483835220337,,,
german__mlp__trex,detail,,0,german__mlp__trex__sample_seed_0,completed,german,mlp,trex,1,prediction_not_equal_desired_class,50,50,50,26.0,706.0,True,1.0,0.0,1.0,0.585209310054779,,,
german__mlp__trex,detail,,0,german__mlp__trex__sample_seed_0,completed,german,mlp,trex,1,prediction_not_equal_desired_class,50,50,50,27.0,306.0,True,1.0,1.0,0.0,0.6818398237228394,,,
german__mlp__trex,detail,,0,german__mlp__trex__sample_seed_0,completed,german,mlp,trex,1,prediction_not_equal_desired_class,50,50,50,28.0,337.0,True,1.0,1.0,0.0,0.42956843972206116,,,
german__mlp__trex,detail,,0,german__mlp__trex__sample_seed_0,completed,german,mlp,trex,1,prediction_not_equal_desired_class,50,50,50,29.0,593.0,True,1.0,1.0,0.0,0.6718667149543762,,,
german__mlp__trex,detail,,0,german__mlp__trex__sample_seed_0,completed,german,mlp,trex,1,prediction_not_equal_desired_class,50,50,50,30.0,559.0,True,1.0,1.0,0.0,0.4362364113330841,,,
german__mlp__trex,detail,,0,german__mlp__trex__sample_seed_0,completed,german,mlp,trex,1,prediction_not_equal_desired_class,50,50,50,31.0,283.0,True,1.0,1.0,0.0,0.23423920571804047,,,
german__mlp__trex,detail,,0,german__mlp__trex__sample_seed_0,completed,german,mlp,trex,1,prediction_not_equal_desired_class,50,50,50,32.0,100.0,True,1.0,1.0,0.0,0.5591456294059753,,,
german__mlp__trex,detail,,0,german__mlp__trex__sample_seed_0,completed,german,mlp,trex,1,prediction_not_equal_desired_class,50,50,50,33.0,813.0,True,1.0,0.0,1.0,0.28236663341522217,,,
german__mlp__trex,detail,,0,german__mlp__trex__sample_seed_0,completed,german,mlp,trex,1,prediction_not_equal_desired_class,50,50,50,34.0,746.0,True,1.0,1.0,0.0,0.3705487847328186,,,
german__mlp__trex,detail,,0,german__mlp__trex__sample_seed_0,completed,german,mlp,trex,1,prediction_not_equal_desired_class,50,50,50,35.0,728.0,True,1.0,1.0,0.0,0.8252551555633545,,,
german__mlp__trex,detail,,0,german__mlp__trex__sample_seed_0,completed,german,mlp,trex,1,prediction_not_equal_desired_class,50,50,50,36.0,739.0,True,1.0,1.0,0.0,0.6413463354110718,,,
german__mlp__trex,detail,,0,german__mlp__trex__sample_seed_0,completed,german,mlp,trex,1,prediction_not_equal_desired_class,50,50,50,37.0,918.0,True,1.0,0.0,1.0,1.2185711860656738,,,
german__mlp__trex,detail,,0,german__mlp__trex__sample_seed_0,completed,german,mlp,trex,1,prediction_not_equal_desired_class,50,50,50,38.0,340.0,True,1.0,1.0,0.0,0.5776427388191223,,,
german__mlp__trex,detail,,0,german__mlp__trex__sample_seed_0,completed,german,mlp,trex,1,prediction_not_equal_desired_class,50,50,50,39.0,855.0,True,1.0,1.0,0.0,0.396595299243927,,,
german__mlp__trex,detail,,0,german__mlp__trex__sample_seed_0,completed,german,mlp,trex,1,prediction_not_equal_desired_class,50,50,50,40.0,169.0,True,1.0,0.0,1.0,1.1894121170043945,,,
german__mlp__trex,detail,,0,german__mlp__trex__sample_seed_0,completed,german,mlp,trex,1,prediction_not_equal_desired_class,50,50,50,41.0,1.0,True,1.0,1.0,0.0,1.1444705724716187,,,
german__mlp__trex,detail,,0,german__mlp__trex__sample_seed_0,completed,german,mlp,trex,1,prediction_not_equal_desired_class,50,50,50,42.0,18.0,True,1.0,1.0,0.0,1.0659785270690918,,,
german__mlp__trex,detail,,0,german__mlp__trex__sample_seed_0,completed,german,mlp,trex,1,prediction_not_equal_desired_class,50,50,50,43.0,30.0,True,1.0,1.0,0.0,0.32760122418403625,,,
german__mlp__trex,detail,,0,german__mlp__trex__sample_seed_0,completed,german,mlp,trex,1,prediction_not_equal_desired_class,50,50,50,44.0,983.0,True,1.0,0.0,1.0,0.48844918608665466,,,
german__mlp__trex,detail,,0,german__mlp__trex__sample_seed_0,completed,german,mlp,trex,1,prediction_not_equal_desired_class,50,50,50,45.0,717.0,True,1.0,1.0,0.0,0.33312171697616577,,,
german__mlp__trex,detail,,0,german__mlp__trex__sample_seed_0,completed,german,mlp,trex,1,prediction_not_equal_desired_class,50,50,50,46.0,118.0,True,1.0,1.0,0.0,0.751498818397522,,,
german__mlp__trex,detail,,0,german__mlp__trex__sample_seed_0,completed,german,mlp,trex,1,prediction_not_equal_desired_class,50,50,50,47.0,683.0,True,1.0,1.0,0.0,0.5488153696060181,,,
german__mlp__trex,detail,,0,german__mlp__trex__sample_seed_0,completed,german,mlp,trex,1,prediction_not_equal_desired_class,50,50,50,48.0,915.0,True,1.0,1.0,0.0,1.7658979892730713,,,
german__mlp__trex,detail,,0,german__mlp__trex__sample_seed_0,completed,german,mlp,trex,1,prediction_not_equal_desired_class,50,50,50,49.0,136.0,True,1.0,0.0,1.0,0.6135532855987549,,,
german__mlp__trex,detail,,0,german__mlp__trex__sample_seed_0,completed,german,mlp,trex,1,prediction_not_equal_desired_class,50,50,50,50.0,556.0,True,1.0,1.0,0.0,0.4706789553165436,,,
german__mlp__trex,summary,seed,0,german__mlp__trex__sample_seed_0,completed,german,mlp,trex,1,prediction_not_equal_desired_class,50,50,50,,,,1.0,0.7,0.3,0.6472879776358604,50.0,,45.907222
german__mlp__probe,detail,,0,german__mlp__probe__sample_seed_0,completed,german,mlp,probe,1,prediction_not_equal_desired_class,50,50,50,1.0,622.0,True,1.0,0.0,1.0,0.11132171750068665,,,
german__mlp__probe,detail,,0,german__mlp__probe__sample_seed_0,completed,german,mlp,probe,1,prediction_not_equal_desired_class,50,50,50,2.0,378.0,False,0.0,0.0,1.0,,,,
german__mlp__probe,detail,,0,german__mlp__probe__sample_seed_0,completed,german,mlp,probe,1,prediction_not_equal_desired_class,50,50,50,3.0,63.0,False,0.0,0.0,1.0,,,,
german__mlp__probe,detail,,0,german__mlp__probe__sample_seed_0,completed,german,mlp,probe,1,prediction_not_equal_desired_class,50,50,50,4.0,331.0,True,1.0,1.0,0.0,0.2959783971309662,,,
german__mlp__probe,detail,,0,german__mlp__probe__sample_seed_0,completed,german,mlp,probe,1,prediction_not_equal_desired_class,50,50,50,5.0,952.0,False,0.0,0.0,1.0,,,,
german__mlp__probe,detail,,0,german__mlp__probe__sample_seed_0,completed,german,mlp,probe,1,prediction_not_equal_desired_class,50,50,50,6.0,170.0,True,1.0,1.0,0.0,0.14444585144519806,,,
german__mlp__probe,detail,,0,german__mlp__probe__sample_seed_0,completed,german,mlp,probe,1,prediction_not_equal_desired_class,50,50,50,7.0,433.0,False,0.0,0.0,1.0,,,,
german__mlp__probe,detail,,0,german__mlp__probe__sample_seed_0,completed,german,mlp,probe,1,prediction_not_equal_desired_class,50,50,50,8.0,321.0,False,0.0,0.0,1.0,,,,
german__mlp__probe,detail,,0,german__mlp__probe__sample_seed_0,completed,german,mlp,probe,1,prediction_not_equal_desired_class,50,50,50,9.0,910.0,False,0.0,0.0,1.0,,,,
german__mlp__probe,detail,,0,german__mlp__probe__sample_seed_0,completed,german,mlp,probe,1,prediction_not_equal_desired_class,50,50,50,10.0,124.0,True,1.0,1.0,0.0,0.5358490943908691,,,
german__mlp__probe,detail,,0,german__mlp__probe__sample_seed_0,completed,german,mlp,probe,1,prediction_not_equal_desired_class,50,50,50,11.0,11.0,False,0.0,0.0,1.0,,,,
german__mlp__probe,detail,,0,german__mlp__probe__sample_seed_0,completed,german,mlp,probe,1,prediction_not_equal_desired_class,50,50,50,12.0,17.0,True,1.0,0.0,1.0,0.09479376673698425,,,
german__mlp__probe,detail,,0,german__mlp__probe__sample_seed_0,completed,german,mlp,probe,1,prediction_not_equal_desired_class,50,50,50,13.0,517.0,False,0.0,0.0,1.0,,,,
german__mlp__probe,detail,,0,german__mlp__probe__sample_seed_0,completed,german,mlp,probe,1,prediction_not_equal_desired_class,50,50,50,14.0,657.0,True,1.0,0.0,1.0,0.0386088490486145,,,
german__mlp__probe,detail,,0,german__mlp__probe__sample_seed_0,completed,german,mlp,probe,1,prediction_not_equal_desired_class,50,50,50,15.0,566.0,True,1.0,0.0,1.0,0.046200692653656006,,,
german__mlp__probe,detail,,0,german__mlp__probe__sample_seed_0,completed,german,mlp,probe,1,prediction_not_equal_desired_class,50,50,50,16.0,614.0,True,1.0,1.0,0.0,0.6021922826766968,,,
german__mlp__probe,detail,,0,german__mlp__probe__sample_seed_0,completed,german,mlp,probe,1,prediction_not_equal_desired_class,50,50,50,17.0,966.0,True,1.0,1.0,0.0,0.17129039764404297,,,
german__mlp__probe,detail,,0,german__mlp__probe__sample_seed_0,completed,german,mlp,probe,1,prediction_not_equal_desired_class,50,50,50,18.0,66.0,True,1.0,1.0,0.0,0.21780812740325928,,,
german__mlp__probe,detail,,0,german__mlp__probe__sample_seed_0,completed,german,mlp,probe,1,prediction_not_equal_desired_class,50,50,50,19.0,182.0,True,1.0,0.0,1.0,0.22430779039859772,,,
german__mlp__probe,detail,,0,german__mlp__probe__sample_seed_0,completed,german,mlp,probe,1,prediction_not_equal_desired_class,50,50,50,20.0,163.0,True,1.0,0.0,1.0,0.158747598528862,,,
german__mlp__probe,detail,,0,german__mlp__probe__sample_seed_0,completed,german,mlp,probe,1,prediction_not_equal_desired_class,50,50,50,21.0,405.0,True,1.0,0.0,1.0,0.13405218720436096,,,
german__mlp__probe,detail,,0,german__mlp__probe__sample_seed_0,completed,german,mlp,probe,1,prediction_not_equal_desired_class,50,50,50,22.0,446.0,False,0.0,0.0,1.0,,,,
german__mlp__probe,detail,,0,german__mlp__probe__sample_seed_0,completed,german,mlp,probe,1,prediction_not_equal_desired_class,50,50,50,23.0,419.0,True,1.0,1.0,0.0,0.3361196219921112,,,
german__mlp__probe,detail,,0,german__mlp__probe__sample_seed_0,completed,german,mlp,probe,1,prediction_not_equal_desired_class,50,50,50,24.0,812.0,True,1.0,0.0,1.0,0.2392878234386444,,,
german__mlp__probe,detail,,0,german__mlp__probe__sample_seed_0,completed,german,mlp,probe,1,prediction_not_equal_desired_class,50,50,50,25.0,410.0,False,0.0,0.0,1.0,,,,
german__mlp__probe,detail,,0,german__mlp__probe__sample_seed_0,completed,german,mlp,probe,1,prediction_not_equal_desired_class,50,50,50,26.0,706.0,True,1.0,0.0,1.0,0.1938912272453308,,,
german__mlp__probe,detail,,0,german__mlp__probe__sample_seed_0,completed,german,mlp,probe,1,prediction_not_equal_desired_class,50,50,50,27.0,306.0,False,0.0,0.0,1.0,,,,
german__mlp__probe,detail,,0,german__mlp__probe__sample_seed_0,completed,german,mlp,probe,1,prediction_not_equal_desired_class,50,50,50,28.0,337.0,True,1.0,1.0,0.0,0.4612372815608978,,,
german__mlp__probe,detail,,0,german__mlp__probe__sample_seed_0,completed,german,mlp,probe,1,prediction_not_equal_desired_class,50,50,50,29.0,593.0,True,1.0,1.0,0.0,0.2578277289867401,,,
german__mlp__probe,detail,,0,german__mlp__probe__sample_seed_0,completed,german,mlp,probe,1,prediction_not_equal_desired_class,50,50,50,30.0,559.0,True,1.0,1.0,0.0,0.2110980898141861,,,
german__mlp__probe,detail,,0,german__mlp__probe__sample_seed_0,completed,german,mlp,probe,1,prediction_not_equal_desired_class,50,50,50,31.0,283.0,True,1.0,1.0,0.0,0.3224973976612091,,,
german__mlp__probe,detail,,0,german__mlp__probe__sample_seed_0,completed,german,mlp,probe,1,prediction_not_equal_desired_class,50,50,50,32.0,100.0,True,1.0,1.0,0.0,0.6289495229721069,,,
german__mlp__probe,detail,,0,german__mlp__probe__sample_seed_0,completed,german,mlp,probe,1,prediction_not_equal_desired_class,50,50,50,33.0,813.0,True,1.0,0.0,1.0,0.13273662328720093,,,
german__mlp__probe,detail,,0,german__mlp__probe__sample_seed_0,completed,german,mlp,probe,1,prediction_not_equal_desired_class,50,50,50,34.0,746.0,True,1.0,1.0,0.0,0.3870448172092438,,,
german__mlp__probe,detail,,0,german__mlp__probe__sample_seed_0,completed,german,mlp,probe,1,prediction_not_equal_desired_class,50,50,50,35.0,728.0,False,0.0,0.0,1.0,,,,
german__mlp__probe,detail,,0,german__mlp__probe__sample_seed_0,completed,german,mlp,probe,1,prediction_not_equal_desired_class,50,50,50,36.0,739.0,False,0.0,0.0,1.0,,,,
german__mlp__probe,detail,,0,german__mlp__probe__sample_seed_0,completed,german,mlp,probe,1,prediction_not_equal_desired_class,50,50,50,37.0,918.0,False,0.0,0.0,1.0,,,,
german__mlp__probe,detail,,0,german__mlp__probe__sample_seed_0,completed,german,mlp,probe,1,prediction_not_equal_desired_class,50,50,50,38.0,340.0,True,1.0,1.0,0.0,0.14025288820266724,,,
german__mlp__probe,detail,,0,german__mlp__probe__sample_seed_0,completed,german,mlp,probe,1,prediction_not_equal_desired_class,50,50,50,39.0,855.0,True,1.0,0.0,1.0,0.11158883571624756,,,
german__mlp__probe,detail,,0,german__mlp__probe__sample_seed_0,completed,german,mlp,probe,1,prediction_not_equal_desired_class,50,50,50,40.0,169.0,False,0.0,0.0,1.0,,,,
german__mlp__probe,detail,,0,german__mlp__probe__sample_seed_0,completed,german,mlp,probe,1,prediction_not_equal_desired_class,50,50,50,41.0,1.0,False,0.0,0.0,1.0,,,,
german__mlp__probe,detail,,0,german__mlp__probe__sample_seed_0,completed,german,mlp,probe,1,prediction_not_equal_desired_class,50,50,50,42.0,18.0,False,0.0,0.0,1.0,,,,
german__mlp__probe,detail,,0,german__mlp__probe__sample_seed_0,completed,german,mlp,probe,1,prediction_not_equal_desired_class,50,50,50,43.0,30.0,True,1.0,1.0,0.0,0.1789868175983429,,,
german__mlp__probe,detail,,0,german__mlp__probe__sample_seed_0,completed,german,mlp,probe,1,prediction_not_equal_desired_class,50,50,50,44.0,983.0,True,1.0,0.0,1.0,0.08034160733222961,,,
german__mlp__probe,detail,,0,german__mlp__probe__sample_seed_0,completed,german,mlp,probe,1,prediction_not_equal_desired_class,50,50,50,45.0,717.0,True,1.0,1.0,0.0,0.27036476135253906,,,
german__mlp__probe,detail,,0,german__mlp__probe__sample_seed_0,completed,german,mlp,probe,1,prediction_not_equal_desired_class,50,50,50,46.0,118.0,False,0.0,0.0,1.0,,,,
german__mlp__probe,detail,,0,german__mlp__probe__sample_seed_0,completed,german,mlp,probe,1,prediction_not_equal_desired_class,50,50,50,47.0,683.0,False,0.0,0.0,1.0,,,,
german__mlp__probe,detail,,0,german__mlp__probe__sample_seed_0,completed,german,mlp,probe,1,prediction_not_equal_desired_class,50,50,50,48.0,915.0,False,0.0,0.0,1.0,,,,
german__mlp__probe,detail,,0,german__mlp__probe__sample_seed_0,completed,german,mlp,probe,1,prediction_not_equal_desired_class,50,50,50,49.0,136.0,True,1.0,0.0,1.0,0.10679960250854492,,,
german__mlp__probe,detail,,0,german__mlp__probe__sample_seed_0,completed,german,mlp,probe,1,prediction_not_equal_desired_class,50,50,50,50.0,556.0,True,1.0,1.0,0.0,0.4688739478588104,,,
german__mlp__probe,summary,seed,0,german__mlp__probe__sample_seed_0,completed,german,mlp,probe,1,prediction_not_equal_desired_class,50,50,50,,,,0.6,0.34,0.66,0.24344984491666158,30.0,,579.782511
german__mlp__apas,detail,,0,german__mlp__apas__sample_seed_0,completed,german,mlp,apas,1,prediction_not_equal_desired_class,50,50,50,1.0,622.0,True,1.0,0.0,1.0,0.03892874717712402,,,
german__mlp__apas,detail,,0,german__mlp__apas__sample_seed_0,completed,german,mlp,apas,1,prediction_not_equal_desired_class,50,50,50,2.0,378.0,False,0.0,0.0,1.0,,,,
german__mlp__apas,detail,,0,german__mlp__apas__sample_seed_0,completed,german,mlp,apas,1,prediction_not_equal_desired_class,50,50,50,3.0,63.0,False,0.0,0.0,1.0,,,,
german__mlp__apas,detail,,0,german__mlp__apas__sample_seed_0,completed,german,mlp,apas,1,prediction_not_equal_desired_class,50,50,50,4.0,331.0,True,1.0,1.0,0.0,0.12821558117866516,,,
german__mlp__apas,detail,,0,german__mlp__apas__sample_seed_0,completed,german,mlp,apas,1,prediction_not_equal_desired_class,50,50,50,5.0,952.0,True,1.0,1.0,0.0,0.17302168905735016,,,
german__mlp__apas,detail,,0,german__mlp__apas__sample_seed_0,completed,german,mlp,apas,1,prediction_not_equal_desired_class,50,50,50,6.0,170.0,True,1.0,1.0,0.0,0.03518814966082573,,,
german__mlp__apas,detail,,0,german__mlp__apas__sample_seed_0,completed,german,mlp,apas,1,prediction_not_equal_desired_class,50,50,50,7.0,433.0,True,1.0,0.0,1.0,0.24489957094192505,,,
german__mlp__apas,detail,,0,german__mlp__apas__sample_seed_0,completed,german,mlp,apas,1,prediction_not_equal_desired_class,50,50,50,8.0,321.0,True,1.0,0.0,1.0,0.2693595588207245,,,
german__mlp__apas,detail,,0,german__mlp__apas__sample_seed_0,completed,german,mlp,apas,1,prediction_not_equal_desired_class,50,50,50,9.0,910.0,True,1.0,1.0,0.0,0.5095451474189758,,,
german__mlp__apas,detail,,0,german__mlp__apas__sample_seed_0,completed,german,mlp,apas,1,prediction_not_equal_desired_class,50,50,50,10.0,124.0,True,1.0,1.0,0.0,0.17848558723926544,,,
german__mlp__apas,detail,,0,german__mlp__apas__sample_seed_0,completed,german,mlp,apas,1,prediction_not_equal_desired_class,50,50,50,11.0,11.0,True,1.0,0.0,1.0,2.17557954788208,,,
german__mlp__apas,detail,,0,german__mlp__apas__sample_seed_0,completed,german,mlp,apas,1,prediction_not_equal_desired_class,50,50,50,12.0,17.0,True,1.0,0.0,1.0,0.05468503385782242,,,
german__mlp__apas,detail,,0,german__mlp__apas__sample_seed_0,completed,german,mlp,apas,1,prediction_not_equal_desired_class,50,50,50,13.0,517.0,True,1.0,0.0,1.0,2.0351357460021973,,,
german__mlp__apas,detail,,0,german__mlp__apas__sample_seed_0,completed,german,mlp,apas,1,prediction_not_equal_desired_class,50,50,50,14.0,657.0,True,1.0,0.0,1.0,0.020766615867614746,,,
german__mlp__apas,detail,,0,german__mlp__apas__sample_seed_0,completed,german,mlp,apas,1,prediction_not_equal_desired_class,50,50,50,15.0,566.0,True,1.0,0.0,1.0,0.0194978266954422,,,
german__mlp__apas,detail,,0,german__mlp__apas__sample_seed_0,completed,german,mlp,apas,1,prediction_not_equal_desired_class,50,50,50,16.0,614.0,True,1.0,1.0,0.0,0.15707692503929138,,,
german__mlp__apas,detail,,0,german__mlp__apas__sample_seed_0,completed,german,mlp,apas,1,prediction_not_equal_desired_class,50,50,50,17.0,966.0,True,1.0,0.0,1.0,0.10753241926431656,,,
german__mlp__apas,detail,,0,german__mlp__apas__sample_seed_0,completed,german,mlp,apas,1,prediction_not_equal_desired_class,50,50,50,18.0,66.0,True,1.0,1.0,0.0,0.01837392896413803,,,
german__mlp__apas,detail,,0,german__mlp__apas__sample_seed_0,completed,german,mlp,apas,1,prediction_not_equal_desired_class,50,50,50,19.0,182.0,True,1.0,0.0,1.0,0.007151953876018524,,,
german__mlp__apas,detail,,0,german__mlp__apas__sample_seed_0,completed,german,mlp,apas,1,prediction_not_equal_desired_class,50,50,50,20.0,163.0,True,1.0,0.0,1.0,0.4583820104598999,,,
german__mlp__apas,detail,,0,german__mlp__apas__sample_seed_0,completed,german,mlp,apas,1,prediction_not_equal_desired_class,50,50,50,21.0,405.0,True,1.0,0.0,1.0,0.09224358201026917,,,
german__mlp__apas,detail,,0,german__mlp__apas__sample_seed_0,completed,german,mlp,apas,1,prediction_not_equal_desired_class,50,50,50,22.0,446.0,True,1.0,0.0,1.0,0.5074969530105591,,,
german__mlp__apas,detail,,0,german__mlp__apas__sample_seed_0,completed,german,mlp,apas,1,prediction_not_equal_desired_class,50,50,50,23.0,419.0,True,1.0,1.0,0.0,0.12699362635612488,,,
german__mlp__apas,detail,,0,german__mlp__apas__sample_seed_0,completed,german,mlp,apas,1,prediction_not_equal_desired_class,50,50,50,24.0,812.0,True,1.0,0.0,1.0,0.21267911791801453,,,
german__mlp__apas,detail,,0,german__mlp__apas__sample_seed_0,completed,german,mlp,apas,1,prediction_not_equal_desired_class,50,50,50,25.0,410.0,True,1.0,1.0,0.0,0.27008959650993347,,,
german__mlp__apas,detail,,0,german__mlp__apas__sample_seed_0,completed,german,mlp,apas,1,prediction_not_equal_desired_class,50,50,50,26.0,706.0,True,1.0,0.0,1.0,0.09139613807201385,,,
german__mlp__apas,detail,,0,german__mlp__apas__sample_seed_0,completed,german,mlp,apas,1,prediction_not_equal_desired_class,50,50,50,27.0,306.0,True,1.0,1.0,0.0,0.3852401673793793,,,
german__mlp__apas,detail,,0,german__mlp__apas__sample_seed_0,completed,german,mlp,apas,1,prediction_not_equal_desired_class,50,50,50,28.0,337.0,True,1.0,1.0,0.0,0.169569730758667,,,
german__mlp__apas,detail,,0,german__mlp__apas__sample_seed_0,completed,german,mlp,apas,1,prediction_not_equal_desired_class,50,50,50,29.0,593.0,True,1.0,1.0,0.0,0.22876682877540588,,,
german__mlp__apas,detail,,0,german__mlp__apas__sample_seed_0,completed,german,mlp,apas,1,prediction_not_equal_desired_class,50,50,50,30.0,559.0,True,1.0,1.0,0.0,0.009876929223537445,,,
german__mlp__apas,detail,,0,german__mlp__apas__sample_seed_0,completed,german,mlp,apas,1,prediction_not_equal_desired_class,50,50,50,31.0,283.0,True,1.0,0.0,1.0,0.09373961389064789,,,
german__mlp__apas,detail,,0,german__mlp__apas__sample_seed_0,completed,german,mlp,apas,1,prediction_not_equal_desired_class,50,50,50,32.0,100.0,True,1.0,0.0,1.0,0.8881490230560303,,,
german__mlp__apas,detail,,0,german__mlp__apas__sample_seed_0,completed,german,mlp,apas,1,prediction_not_equal_desired_class,50,50,50,33.0,813.0,True,1.0,0.0,1.0,0.00285986065864563,,,
german__mlp__apas,detail,,0,german__mlp__apas__sample_seed_0,completed,german,mlp,apas,1,prediction_not_equal_desired_class,50,50,50,34.0,746.0,True,1.0,1.0,0.0,0.10122763365507126,,,
german__mlp__apas,detail,,0,german__mlp__apas__sample_seed_0,completed,german,mlp,apas,1,prediction_not_equal_desired_class,50,50,50,35.0,728.0,True,1.0,0.0,1.0,2.000009536743164,,,
german__mlp__apas,detail,,0,german__mlp__apas__sample_seed_0,completed,german,mlp,apas,1,prediction_not_equal_desired_class,50,50,50,36.0,739.0,True,1.0,1.0,0.0,0.3268876075744629,,,
german__mlp__apas,detail,,0,german__mlp__apas__sample_seed_0,completed,german,mlp,apas,1,prediction_not_equal_desired_class,50,50,50,37.0,918.0,True,1.0,0.0,1.0,0.22833743691444397,,,
german__mlp__apas,detail,,0,german__mlp__apas__sample_seed_0,completed,german,mlp,apas,1,prediction_not_equal_desired_class,50,50,50,38.0,340.0,True,1.0,1.0,0.0,0.03652166575193405,,,
german__mlp__apas,detail,,0,german__mlp__apas__sample_seed_0,completed,german,mlp,apas,1,prediction_not_equal_desired_class,50,50,50,39.0,855.0,True,1.0,1.0,0.0,0.0935433954000473,,,
german__mlp__apas,detail,,0,german__mlp__apas__sample_seed_0,completed,german,mlp,apas,1,prediction_not_equal_desired_class,50,50,50,40.0,169.0,True,1.0,0.0,1.0,0.28738176822662354,,,
german__mlp__apas,detail,,0,german__mlp__apas__sample_seed_0,completed,german,mlp,apas,1,prediction_not_equal_desired_class,50,50,50,41.0,1.0,True,1.0,0.0,1.0,2.136470079421997,,,
german__mlp__apas,detail,,0,german__mlp__apas__sample_seed_0,completed,german,mlp,apas,1,prediction_not_equal_desired_class,50,50,50,42.0,18.0,False,0.0,0.0,1.0,,,,
german__mlp__apas,detail,,0,german__mlp__apas__sample_seed_0,completed,german,mlp,apas,1,prediction_not_equal_desired_class,50,50,50,43.0,30.0,True,1.0,1.0,0.0,0.035079434514045715,,,
german__mlp__apas,detail,,0,german__mlp__apas__sample_seed_0,completed,german,mlp,apas,1,prediction_not_equal_desired_class,50,50,50,44.0,983.0,True,1.0,0.0,1.0,0.02855554223060608,,,
german__mlp__apas,detail,,0,german__mlp__apas__sample_seed_0,completed,german,mlp,apas,1,prediction_not_equal_desired_class,50,50,50,45.0,717.0,True,1.0,1.0,0.0,0.030390508472919464,,,
german__mlp__apas,detail,,0,german__mlp__apas__sample_seed_0,completed,german,mlp,apas,1,prediction_not_equal_desired_class,50,50,50,46.0,118.0,True,1.0,1.0,0.0,0.49304234981536865,,,
german__mlp__apas,detail,,0,german__mlp__apas__sample_seed_0,completed,german,mlp,apas,1,prediction_not_equal_desired_class,50,50,50,47.0,683.0,True,1.0,0.0,1.0,2.00000262260437,,,
german__mlp__apas,detail,,0,german__mlp__apas__sample_seed_0,completed,german,mlp,apas,1,prediction_not_equal_desired_class,50,50,50,48.0,915.0,False,0.0,0.0,1.0,,,,
german__mlp__apas,detail,,0,german__mlp__apas__sample_seed_0,completed,german,mlp,apas,1,prediction_not_equal_desired_class,50,50,50,49.0,136.0,True,1.0,0.0,1.0,0.09243044257164001,,,
german__mlp__apas,detail,,0,german__mlp__apas__sample_seed_0,completed,german,mlp,apas,1,prediction_not_equal_desired_class,50,50,50,50.0,556.0,True,1.0,1.0,0.0,0.1411500722169876,,,
german__mlp__apas,summary,seed,0,german__mlp__apas__sample_seed_0,completed,german,mlp,apas,1,prediction_not_equal_desired_class,50,50,50,,,,0.92,0.42,0.58,0.38569472398123017,46.0,,14.753087
german__linear__trex,detail,,0,german__linear__trex__sample_seed_0,completed,german,linear,trex,1,prediction_not_equal_desired_class,50,50,50,1.0,622.0,True,1.0,1.0,0.0,1.7875099182128906,,,
german__linear__trex,detail,,0,german__linear__trex__sample_seed_0,completed,german,linear,trex,1,prediction_not_equal_desired_class,50,50,50,2.0,378.0,True,1.0,1.0,0.0,1.1334688663482666,,,
german__linear__trex,detail,,0,german__linear__trex__sample_seed_0,completed,german,linear,trex,1,prediction_not_equal_desired_class,50,50,50,3.0,63.0,True,1.0,1.0,0.0,1.8587650060653687,,,
german__linear__trex,detail,,0,german__linear__trex__sample_seed_0,completed,german,linear,trex,1,prediction_not_equal_desired_class,50,50,50,4.0,952.0,True,1.0,1.0,0.0,1.0457768440246582,,,
german__linear__trex,detail,,0,german__linear__trex__sample_seed_0,completed,german,linear,trex,1,prediction_not_equal_desired_class,50,50,50,5.0,888.0,True,1.0,1.0,0.0,1.1053677797317505,,,
german__linear__trex,detail,,0,german__linear__trex__sample_seed_0,completed,german,linear,trex,1,prediction_not_equal_desired_class,50,50,50,6.0,433.0,True,1.0,1.0,0.0,1.1324317455291748,,,
german__linear__trex,detail,,0,german__linear__trex__sample_seed_0,completed,german,linear,trex,1,prediction_not_equal_desired_class,50,50,50,7.0,730.0,True,1.0,1.0,0.0,0.9390605092048645,,,
german__linear__trex,detail,,0,german__linear__trex__sample_seed_0,completed,german,linear,trex,1,prediction_not_equal_desired_class,50,50,50,8.0,321.0,True,1.0,1.0,0.0,1.1315444707870483,,,
german__linear__trex,detail,,0,german__linear__trex__sample_seed_0,completed,german,linear,trex,1,prediction_not_equal_desired_class,50,50,50,9.0,454.0,True,1.0,1.0,0.0,0.872898519039154,,,
german__linear__trex,detail,,0,german__linear__trex__sample_seed_0,completed,german,linear,trex,1,prediction_not_equal_desired_class,50,50,50,10.0,910.0,True,1.0,1.0,0.0,1.2926665544509888,,,
german__linear__trex,detail,,0,german__linear__trex__sample_seed_0,completed,german,linear,trex,1,prediction_not_equal_desired_class,50,50,50,11.0,124.0,True,1.0,1.0,0.0,0.7685976624488831,,,
german__linear__trex,detail,,0,german__linear__trex__sample_seed_0,completed,german,linear,trex,1,prediction_not_equal_desired_class,50,50,50,12.0,11.0,True,1.0,1.0,0.0,1.5865578651428223,,,
german__linear__trex,detail,,0,german__linear__trex__sample_seed_0,completed,german,linear,trex,1,prediction_not_equal_desired_class,50,50,50,13.0,17.0,True,1.0,1.0,0.0,1.2487297058105469,,,
german__linear__trex,detail,,0,german__linear__trex__sample_seed_0,completed,german,linear,trex,1,prediction_not_equal_desired_class,50,50,50,14.0,517.0,True,1.0,1.0,0.0,1.53916335105896,,,
german__linear__trex,detail,,0,german__linear__trex__sample_seed_0,completed,german,linear,trex,1,prediction_not_equal_desired_class,50,50,50,15.0,657.0,True,1.0,1.0,0.0,1.4482864141464233,,,
german__linear__trex,detail,,0,german__linear__trex__sample_seed_0,completed,german,linear,trex,1,prediction_not_equal_desired_class,50,50,50,16.0,566.0,True,1.0,1.0,0.0,0.7913705706596375,,,
german__linear__trex,detail,,0,german__linear__trex__sample_seed_0,completed,german,linear,trex,1,prediction_not_equal_desired_class,50,50,50,17.0,614.0,True,1.0,1.0,0.0,0.7861748933792114,,,
german__linear__trex,detail,,0,german__linear__trex__sample_seed_0,completed,german,linear,trex,1,prediction_not_equal_desired_class,50,50,50,18.0,966.0,True,1.0,1.0,0.0,0.8568969964981079,,,
german__linear__trex,detail,,0,german__linear__trex__sample_seed_0,completed,german,linear,trex,1,prediction_not_equal_desired_class,50,50,50,19.0,405.0,True,1.0,1.0,0.0,0.8613558411598206,,,
german__linear__trex,detail,,0,german__linear__trex__sample_seed_0,completed,german,linear,trex,1,prediction_not_equal_desired_class,50,50,50,20.0,446.0,True,1.0,1.0,0.0,1.1066925525665283,,,
german__linear__trex,detail,,0,german__linear__trex__sample_seed_0,completed,german,linear,trex,1,prediction_not_equal_desired_class,50,50,50,21.0,812.0,True,1.0,1.0,0.0,1.4507160186767578,,,
german__linear__trex,detail,,0,german__linear__trex__sample_seed_0,completed,german,linear,trex,1,prediction_not_equal_desired_class,50,50,50,22.0,410.0,True,1.0,1.0,0.0,0.9342313408851624,,,
german__linear__trex,detail,,0,german__linear__trex__sample_seed_0,completed,german,linear,trex,1,prediction_not_equal_desired_class,50,50,50,23.0,706.0,True,1.0,1.0,0.0,1.4420952796936035,,,
german__linear__trex,detail,,0,german__linear__trex__sample_seed_0,completed,german,linear,trex,1,prediction_not_equal_desired_class,50,50,50,24.0,306.0,True,1.0,1.0,0.0,1.2438876628875732,,,
german__linear__trex,detail,,0,german__linear__trex__sample_seed_0,completed,german,linear,trex,1,prediction_not_equal_desired_class,50,50,50,25.0,593.0,True,1.0,1.0,0.0,0.9899070858955383,,,
german__linear__trex,detail,,0,german__linear__trex__sample_seed_0,completed,german,linear,trex,1,prediction_not_equal_desired_class,50,50,50,26.0,338.0,True,1.0,1.0,0.0,0.8885835409164429,,,
german__linear__trex,detail,,0,german__linear__trex__sample_seed_0,completed,german,linear,trex,1,prediction_not_equal_desired_class,50,50,50,27.0,813.0,True,1.0,1.0,0.0,0.8555547595024109,,,
german__linear__trex,detail,,0,german__linear__trex__sample_seed_0,completed,german,linear,trex,1,prediction_not_equal_desired_class,50,50,50,28.0,645.0,True,1.0,1.0,0.0,1.3201634883880615,,,
german__linear__trex,detail,,0,german__linear__trex__sample_seed_0,completed,german,linear,trex,1,prediction_not_equal_desired_class,50,50,50,29.0,746.0,True,1.0,1.0,0.0,0.7676984071731567,,,
german__linear__trex,detail,,0,german__linear__trex__sample_seed_0,completed,german,linear,trex,1,prediction_not_equal_desired_class,50,50,50,30.0,522.0,True,1.0,1.0,0.0,1.0867207050323486,,,
german__linear__trex,detail,,0,german__linear__trex__sample_seed_0,completed,german,linear,trex,1,prediction_not_equal_desired_class,50,50,50,31.0,728.0,True,1.0,1.0,0.0,1.2027673721313477,,,
german__linear__trex,detail,,0,german__linear__trex__sample_seed_0,completed,german,linear,trex,1,prediction_not_equal_desired_class,50,50,50,32.0,739.0,True,1.0,1.0,0.0,1.194856882095337,,,
german__linear__trex,detail,,0,german__linear__trex__sample_seed_0,completed,german,linear,trex,1,prediction_not_equal_desired_class,50,50,50,33.0,701.0,True,1.0,1.0,0.0,1.140505313873291,,,
german__linear__trex,detail,,0,german__linear__trex__sample_seed_0,completed,german,linear,trex,1,prediction_not_equal_desired_class,50,50,50,34.0,918.0,True,1.0,1.0,0.0,1.159703254699707,,,
german__linear__trex,detail,,0,german__linear__trex__sample_seed_0,completed,german,linear,trex,1,prediction_not_equal_desired_class,50,50,50,35.0,628.0,True,1.0,1.0,0.0,1.0642273426055908,,,
german__linear__trex,detail,,0,german__linear__trex__sample_seed_0,completed,german,linear,trex,1,prediction_not_equal_desired_class,50,50,50,36.0,340.0,True,1.0,1.0,0.0,1.1843466758728027,,,
german__linear__trex,detail,,0,german__linear__trex__sample_seed_0,completed,german,linear,trex,1,prediction_not_equal_desired_class,50,50,50,37.0,292.0,True,1.0,1.0,0.0,1.051184892654419,,,
german__linear__trex,detail,,0,german__linear__trex__sample_seed_0,completed,german,linear,trex,1,prediction_not_equal_desired_class,50,50,50,38.0,169.0,True,1.0,1.0,0.0,1.1401273012161255,,,
german__linear__trex,detail,,0,german__linear__trex__sample_seed_0,completed,german,linear,trex,1,prediction_not_equal_desired_class,50,50,50,39.0,1.0,True,1.0,1.0,0.0,1.715064287185669,,,
german__linear__trex,detail,,0,german__linear__trex__sample_seed_0,completed,german,linear,trex,1,prediction_not_equal_desired_class,50,50,50,40.0,18.0,True,1.0,1.0,0.0,1.370398759841919,,,
german__linear__trex,detail,,0,german__linear__trex__sample_seed_0,completed,german,linear,trex,1,prediction_not_equal_desired_class,50,50,50,41.0,672.0,True,1.0,1.0,0.0,1.6019885540008545,,,
german__linear__trex,detail,,0,german__linear__trex__sample_seed_0,completed,german,linear,trex,1,prediction_not_equal_desired_class,50,50,50,42.0,983.0,True,1.0,1.0,0.0,1.3271842002868652,,,
german__linear__trex,detail,,0,german__linear__trex__sample_seed_0,completed,german,linear,trex,1,prediction_not_equal_desired_class,50,50,50,43.0,542.0,True,1.0,1.0,0.0,1.0588092803955078,,,
german__linear__trex,detail,,0,german__linear__trex__sample_seed_0,completed,german,linear,trex,1,prediction_not_equal_desired_class,50,50,50,44.0,118.0,True,1.0,1.0,0.0,1.2770445346832275,,,
german__linear__trex,detail,,0,german__linear__trex__sample_seed_0,completed,german,linear,trex,1,prediction_not_equal_desired_class,50,50,50,45.0,915.0,True,1.0,1.0,0.0,2.284329891204834,,,
german__linear__trex,detail,,0,german__linear__trex__sample_seed_0,completed,german,linear,trex,1,prediction_not_equal_desired_class,50,50,50,46.0,973.0,True,1.0,1.0,0.0,1.5354639291763306,,,
german__linear__trex,detail,,0,german__linear__trex__sample_seed_0,completed,german,linear,trex,1,prediction_not_equal_desired_class,50,50,50,47.0,833.0,True,1.0,1.0,0.0,1.0310757160186768,,,
german__linear__trex,detail,,0,german__linear__trex__sample_seed_0,completed,german,linear,trex,1,prediction_not_equal_desired_class,50,50,50,48.0,136.0,True,1.0,1.0,0.0,1.2292511463165283,,,
german__linear__trex,detail,,0,german__linear__trex__sample_seed_0,completed,german,linear,trex,1,prediction_not_equal_desired_class,50,50,50,49.0,556.0,True,1.0,1.0,0.0,0.7886296510696411,,,
german__linear__trex,detail,,0,german__linear__trex__sample_seed_0,completed,german,linear,trex,1,prediction_not_equal_desired_class,50,50,50,50.0,328.0,True,1.0,1.0,0.0,1.0504167079925537,,,
german__linear__trex,summary,seed,0,german__linear__trex__sample_seed_0,completed,german,linear,trex,1,prediction_not_equal_desired_class,50,50,50,,,,1.0,1.0,0.0,1.193605000972748,50.0,,36.484019
german__linear__probe,detail,,0,german__linear__probe__sample_seed_0,completed,german,linear,probe,1,prediction_not_equal_desired_class,50,50,50,1.0,622.0,True,1.0,0.0,1.0,1.6706032752990723,,,
german__linear__probe,detail,,0,german__linear__probe__sample_seed_0,completed,german,linear,probe,1,prediction_not_equal_desired_class,50,50,50,2.0,378.0,True,1.0,1.0,0.0,0.728593111038208,,,
german__linear__probe,detail,,0,german__linear__probe__sample_seed_0,completed,german,linear,probe,1,prediction_not_equal_desired_class,50,50,50,3.0,63.0,True,1.0,1.0,0.0,2.0353989601135254,,,
german__linear__probe,detail,,0,german__linear__probe__sample_seed_0,completed,german,linear,probe,1,prediction_not_equal_desired_class,50,50,50,4.0,952.0,True,1.0,1.0,0.0,0.5876906514167786,,,
german__linear__probe,detail,,0,german__linear__probe__sample_seed_0,completed,german,linear,probe,1,prediction_not_equal_desired_class,50,50,50,5.0,888.0,True,1.0,1.0,0.0,0.6891261339187622,,,
german__linear__probe,detail,,0,german__linear__probe__sample_seed_0,completed,german,linear,probe,1,prediction_not_equal_desired_class,50,50,50,6.0,433.0,True,1.0,1.0,0.0,0.8396428823471069,,,
german__linear__probe,detail,,0,german__linear__probe__sample_seed_0,completed,german,linear,probe,1,prediction_not_equal_desired_class,50,50,50,7.0,730.0,True,1.0,1.0,0.0,0.25520139932632446,,,
german__linear__probe,detail,,0,german__linear__probe__sample_seed_0,completed,german,linear,probe,1,prediction_not_equal_desired_class,50,50,50,8.0,321.0,True,1.0,1.0,0.0,0.8480598330497742,,,
german__linear__probe,detail,,0,german__linear__probe__sample_seed_0,completed,german,linear,probe,1,prediction_not_equal_desired_class,50,50,50,9.0,454.0,True,1.0,1.0,0.0,0.1753542572259903,,,
german__linear__probe,detail,,0,german__linear__probe__sample_seed_0,completed,german,linear,probe,1,prediction_not_equal_desired_class,50,50,50,10.0,910.0,True,1.0,0.0,1.0,0.8744032979011536,,,
german__linear__probe,detail,,0,german__linear__probe__sample_seed_0,completed,german,linear,probe,1,prediction_not_equal_desired_class,50,50,50,11.0,124.0,True,1.0,1.0,0.0,0.20591986179351807,,,
german__linear__probe,detail,,0,german__linear__probe__sample_seed_0,completed,german,linear,probe,1,prediction_not_equal_desired_class,50,50,50,12.0,11.0,True,1.0,0.0,1.0,1.5395210981369019,,,
german__linear__probe,detail,,0,german__linear__probe__sample_seed_0,completed,german,linear,probe,1,prediction_not_equal_desired_class,50,50,50,13.0,17.0,True,1.0,1.0,0.0,0.8607702851295471,,,
german__linear__probe,detail,,0,german__linear__probe__sample_seed_0,completed,german,linear,probe,1,prediction_not_equal_desired_class,50,50,50,14.0,517.0,True,1.0,1.0,0.0,1.3992419242858887,,,
german__linear__probe,detail,,0,german__linear__probe__sample_seed_0,completed,german,linear,probe,1,prediction_not_equal_desired_class,50,50,50,15.0,657.0,True,1.0,1.0,0.0,1.3120790719985962,,,
german__linear__probe,detail,,0,german__linear__probe__sample_seed_0,completed,german,linear,probe,1,prediction_not_equal_desired_class,50,50,50,16.0,566.0,True,1.0,1.0,0.0,0.2430766224861145,,,
german__linear__probe,detail,,0,german__linear__probe__sample_seed_0,completed,german,linear,probe,1,prediction_not_equal_desired_class,50,50,50,17.0,614.0,True,1.0,1.0,0.0,0.3257361352443695,,,
german__linear__probe,detail,,0,german__linear__probe__sample_seed_0,completed,german,linear,probe,1,prediction_not_equal_desired_class,50,50,50,18.0,966.0,True,1.0,1.0,0.0,0.2934127151966095,,,
german__linear__probe,detail,,0,german__linear__probe__sample_seed_0,completed,german,linear,probe,1,prediction_not_equal_desired_class,50,50,50,19.0,405.0,True,1.0,1.0,0.0,0.3963967561721802,,,
german__linear__probe,detail,,0,german__linear__probe__sample_seed_0,completed,german,linear,probe,1,prediction_not_equal_desired_class,50,50,50,20.0,446.0,True,1.0,0.0,1.0,0.647939920425415,,,
german__linear__probe,detail,,0,german__linear__probe__sample_seed_0,completed,german,linear,probe,1,prediction_not_equal_desired_class,50,50,50,21.0,812.0,True,1.0,1.0,0.0,1.2040296792984009,,,
german__linear__probe,detail,,0,german__linear__probe__sample_seed_0,completed,german,linear,probe,1,prediction_not_equal_desired_class,50,50,50,22.0,410.0,True,1.0,1.0,0.0,0.6257543563842773,,,
german__linear__probe,detail,,0,german__linear__probe__sample_seed_0,completed,german,linear,probe,1,prediction_not_equal_desired_class,50,50,50,23.0,706.0,True,1.0,1.0,0.0,1.3513637781143188,,,
german__linear__probe,detail,,0,german__linear__probe__sample_seed_0,completed,german,linear,probe,1,prediction_not_equal_desired_class,50,50,50,24.0,306.0,True,1.0,1.0,0.0,0.9677913188934326,,,
german__linear__probe,detail,,0,german__linear__probe__sample_seed_0,completed,german,linear,probe,1,prediction_not_equal_desired_class,50,50,50,25.0,593.0,True,1.0,1.0,0.0,0.703467071056366,,,
german__linear__probe,detail,,0,german__linear__probe__sample_seed_0,completed,german,linear,probe,1,prediction_not_equal_desired_class,50,50,50,26.0,338.0,True,1.0,1.0,0.0,0.20027197897434235,,,
german__linear__probe,detail,,0,german__linear__probe__sample_seed_0,completed,german,linear,probe,1,prediction_not_equal_desired_class,50,50,50,27.0,813.0,True,1.0,0.0,1.0,0.21193940937519073,,,
german__linear__probe,detail,,0,german__linear__probe__sample_seed_0,completed,german,linear,probe,1,prediction_not_equal_desired_class,50,50,50,28.0,645.0,True,1.0,1.0,0.0,0.9835871458053589,,,
german__linear__probe,detail,,0,german__linear__probe__sample_seed_0,completed,german,linear,probe,1,prediction_not_equal_desired_class,50,50,50,29.0,746.0,True,1.0,1.0,0.0,0.2614005208015442,,,
german__linear__probe,detail,,0,german__linear__probe__sample_seed_0,completed,german,linear,probe,1,prediction_not_equal_desired_class,50,50,50,30.0,522.0,True,1.0,0.0,1.0,0.6105127334594727,,,
german__linear__probe,detail,,0,german__linear__probe__sample_seed_0,completed,german,linear,probe,1,prediction_not_equal_desired_class,50,50,50,31.0,728.0,True,1.0,0.0,1.0,0.775771975517273,,,
german__linear__probe,detail,,0,german__linear__probe__sample_seed_0,completed,german,linear,probe,1,prediction_not_equal_desired_class,50,50,50,32.0,739.0,True,1.0,1.0,0.0,0.8752039670944214,,,
german__linear__probe,detail,,0,german__linear__probe__sample_seed_0,completed,german,linear,probe,1,prediction_not_equal_desired_class,50,50,50,33.0,701.0,True,1.0,0.0,1.0,0.7481837272644043,,,
german__linear__probe,detail,,0,german__linear__probe__sample_seed_0,completed,german,linear,probe,1,prediction_not_equal_desired_class,50,50,50,34.0,918.0,True,1.0,1.0,0.0,0.8602486848831177,,,
german__linear__probe,detail,,0,german__linear__probe__sample_seed_0,completed,german,linear,probe,1,prediction_not_equal_desired_class,50,50,50,35.0,628.0,True,1.0,0.0,1.0,0.6015357375144958,,,
german__linear__probe,detail,,0,german__linear__probe__sample_seed_0,completed,german,linear,probe,1,prediction_not_equal_desired_class,50,50,50,36.0,340.0,True,1.0,1.0,0.0,0.8499730825424194,,,
german__linear__probe,detail,,0,german__linear__probe__sample_seed_0,completed,german,linear,probe,1,prediction_not_equal_desired_class,50,50,50,37.0,292.0,True,1.0,1.0,0.0,0.31966784596443176,,,
german__linear__probe,detail,,0,german__linear__probe__sample_seed_0,completed,german,linear,probe,1,prediction_not_equal_desired_class,50,50,50,38.0,169.0,True,1.0,1.0,0.0,0.8736066818237305,,,
german__linear__probe,detail,,0,german__linear__probe__sample_seed_0,completed,german,linear,probe,1,prediction_not_equal_desired_class,50,50,50,39.0,1.0,True,1.0,0.0,1.0,1.723000407218933,,,
german__linear__probe,detail,,0,german__linear__probe__sample_seed_0,completed,german,linear,probe,1,prediction_not_equal_desired_class,50,50,50,40.0,18.0,True,1.0,1.0,0.0,0.8879917860031128,,,
german__linear__probe,detail,,0,german__linear__probe__sample_seed_0,completed,german,linear,probe,1,prediction_not_equal_desired_class,50,50,50,41.0,672.0,True,1.0,0.0,1.0,1.6084649562835693,,,
german__linear__probe,detail,,0,german__linear__probe__sample_seed_0,completed,german,linear,probe,1,prediction_not_equal_desired_class,50,50,50,42.0,983.0,True,1.0,1.0,0.0,1.0370237827301025,,,
german__linear__probe,detail,,0,german__linear__probe__sample_seed_0,completed,german,linear,probe,1,prediction_not_equal_desired_class,50,50,50,43.0,542.0,True,1.0,1.0,0.0,0.5199604034423828,,,
german__linear__probe,detail,,0,german__linear__probe__sample_seed_0,completed,german,linear,probe,1,prediction_not_equal_desired_class,50,50,50,44.0,118.0,True,1.0,1.0,0.0,1.0501941442489624,,,
german__linear__probe,detail,,0,german__linear__probe__sample_seed_0,completed,german,linear,probe,1,prediction_not_equal_desired_class,50,50,50,45.0,915.0,True,1.0,1.0,0.0,2.624696969985962,,,
german__linear__probe,detail,,0,german__linear__probe__sample_seed_0,completed,german,linear,probe,1,prediction_not_equal_desired_class,50,50,50,46.0,973.0,True,1.0,0.0,1.0,1.499025583267212,,,
german__linear__probe,detail,,0,german__linear__probe__sample_seed_0,completed,german,linear,probe,1,prediction_not_equal_desired_class,50,50,50,47.0,833.0,True,1.0,1.0,0.0,0.26758337020874023,,,
german__linear__probe,detail,,0,german__linear__probe__sample_seed_0,completed,german,linear,probe,1,prediction_not_equal_desired_class,50,50,50,48.0,136.0,True,1.0,1.0,0.0,0.7576642036437988,,,
german__linear__probe,detail,,0,german__linear__probe__sample_seed_0,completed,german,linear,probe,1,prediction_not_equal_desired_class,50,50,50,49.0,556.0,True,1.0,1.0,0.0,0.20633834600448608,,,
german__linear__probe,detail,,0,german__linear__probe__sample_seed_0,completed,german,linear,probe,1,prediction_not_equal_desired_class,50,50,50,50.0,328.0,True,1.0,1.0,0.0,0.5661697387695312,,,
german__linear__probe,summary,seed,0,german__linear__probe__sample_seed_0,completed,german,linear,probe,1,prediction_not_equal_desired_class,50,50,50,,,,1.0,0.76,0.24,0.8340118315815925,50.0,,29.278281
